<?xml version='1.0' encoding='UTF-8'?>
<osm version='0.6' upload='false' generator='JOSM'>
  <bounds minlat='51.5261409' minlon='9.8980486' maxlat='51.5281968' maxlon='9.9013638' origin='openstreetmap-cgimap 2.1.0 (2143198 spike-07.openstreetmap.org)' />
  <node id='-32952' action='modify' lat='51.52728588881' lon='9.89958369187'>
    <tag k='natural' v='tree' />
    <tag k='upload' v='false' />
  </node>
  <node id='-32953' action='modify' lat='51.52723501696' lon='9.89954338328'>
    <tag k='natural' v='tree' />
    <tag k='upload' v='false' />
  </node>
  <node id='-32954' action='modify' lat='51.5272851723' lon='9.8995825402'>
    <tag k='natural' v='tree' />
    <tag k='upload' v='false' />
  </node>
  <node id='-32955' action='modify' lat='51.52715906733' lon='9.89958714689'>
    <tag k='natural' v='tree' />
    <tag k='upload' v='false' />
  </node>
  <node id='-32956' action='modify' lat='51.52717912951' lon='9.89976104965'>
    <tag k='natural' v='tree' />
    <tag k='upload' v='false' />
  </node>
  <node id='-32957' action='modify' lat='51.52747576211' lon='9.89951919813'>
    <tag k='natural' v='tree' />
    <tag k='upload' v='false' />
  </node>
  <node id='-32958' action='modify' lat='51.52754168021' lon='9.89953532157'>
    <tag k='natural' v='tree' />
    <tag k='upload' v='false' />
  </node>
  <node id='-32959' action='modify' lat='51.52756245872' lon='9.899445491'>
    <tag k='natural' v='tree' />
    <tag k='upload' v='false' />
  </node>
  <node id='-32960' action='modify' lat='51.52760186621' lon='9.89938905898'>
    <tag k='natural' v='tree' />
    <tag k='upload' v='false' />
  </node>
  <node id='-32961' action='modify' lat='51.52764127367' lon='9.89940863744'>
    <tag k='natural' v='tree' />
    <tag k='upload' v='false' />
  </node>
  <node id='-32962' action='modify' lat='51.52774301641' lon='9.89982784673'>
    <tag k='natural' v='tree' />
    <tag k='upload' v='false' />
  </node>
  <node id='-32963' action='modify' lat='51.52763052619' lon='9.89964703393'>
    <tag k='natural' v='tree' />
    <tag k='upload' v='false' />
  </node>
  <node id='-32964' action='modify' lat='51.5276133302' lon='9.89927043657'>
    <tag k='natural' v='tree' />
    <tag k='upload' v='false' />
  </node>
  <node id='-32965' action='modify' lat='51.52764628916' lon='9.89933262696'>
    <tag k='natural' v='tree' />
    <tag k='upload' v='false' />
  </node>
  <node id='-32966' action='modify' lat='51.52768533771' lon='9.89940835053' />
  <node id='-32967' action='modify' lat='51.52755027786' lon='9.89950249944' />
  <node id='-32968' action='modify' lat='51.52759470086' lon='9.89966488545' />
  <node id='-32969' action='modify' lat='51.52763446657' lon='9.89963724528' />
  <node id='-32970' action='modify' lat='51.52764736355' lon='9.89968388807' />
  <node id='-32971' action='modify' lat='51.52764252719' lon='9.89970274673' />
  <node id='-32972' action='modify' lat='51.52763231681' lon='9.89970951325' />
  <node id='-32973' action='modify' lat='51.52765999158' lon='9.89980985284' />
  <node id='-32974' action='modify' lat='51.52762085282' lon='9.89983763697' />
  <node id='-32975' action='modify' lat='51.52763545149' lon='9.89989104584' />
  <node id='-32976' action='modify' lat='51.52764619897' lon='9.89989809985' />
  <node id='-32977' action='modify' lat='51.52778564744' lon='9.89980020742' />
  <node id='-32978' action='modify' lat='51.52769751845' lon='9.89947658677' />
  <node id='-32979' action='modify' lat='51.52765631961' lon='9.89950422723' />
  <node id='-32980' action='modify' lat='51.52765434924' lon='9.89949818095' />
  <node id='-32981' action='modify' lat='51.52765685698' lon='9.89948867964' />
  <node id='-32982' action='modify' lat='51.52769321928' lon='9.89946363073' />
  <node id='-32983' action='modify' lat='51.52770235463' lon='9.89946650992' />
  <node id='-32984' action='modify' lat='51.52769729978' lon='9.89954478227' />
  <node id='-32985' action='modify' lat='51.52732210482' lon='9.89948431219' />
  <node id='-32986' action='modify' lat='51.52733013227' lon='9.89951243313' />
  <node id='-32987' action='modify' lat='51.52738315366' lon='9.89954511166' />
  <node id='-32988' action='modify' lat='51.52745713253' lon='9.89949040715' />
  <node id='-32989' action='modify' lat='51.52752502103' lon='9.89940144034' />
  <node id='-32990' action='modify' lat='51.52753469379' lon='9.89933809828' />
  <node id='-32991' action='modify' lat='51.52752734966' lon='9.89926842201' />
  <node id='-32992' action='modify' lat='51.52749439061' lon='9.89921083831' />
  <node id='-32993' action='modify' lat='51.52741611278' lon='9.8992246584' />
  <node id='-32994' action='modify' lat='51.52735037363' lon='9.89933464326' />
  <node id='-32995' action='modify' lat='51.52732977415' lon='9.89943886974' />
  <node id='-32996' action='modify' lat='51.52737975027' lon='9.89993207408' />
  <node id='-32997' action='modify' lat='51.52735610566' lon='9.89984944148' />
  <node id='-32998' action='modify' lat='51.52736846534' lon='9.89979876783' />
  <node id='-32999' action='modify' lat='51.52734517898' lon='9.89971181645' />
  <node id='-33000' action='modify' lat='51.52730720428' lon='9.89968791922' />
  <node id='-33001' action='modify' lat='51.52731311543' lon='9.89968302461' />
  <node id='-33002' action='modify' lat='51.52729484458' lon='9.89967064411' />
  <node id='-33003' action='modify' lat='51.52723071739' lon='9.89971527147' />
  <node id='-33004' action='modify' lat='51.52722104456' lon='9.89975356463' />
  <node id='-33005' action='modify' lat='51.52722808377' lon='9.89978118057' />
  <node id='-33006' action='modify' lat='51.52737443815' lon='9.89991350942' />
  <node id='-33007' action='modify' lat='51.5276199572' lon='9.89966459797' />
  <node id='-33008' action='modify' lat='51.52759201372' lon='9.8996846083' />
  <node id='-33009' action='modify' lat='51.52760383596' lon='9.89972707628' />
  <node id='-33010' action='modify' lat='51.52758198272' lon='9.89974176012' />
  <node id='-33011' action='modify' lat='51.52761001577' lon='9.89984512285' />
  <node id='-33012' action='modify' lat='51.52756819036' lon='9.89959924004' />
  <node id='-33013' action='modify' lat='51.52740912706' lon='9.89971267992' />
  <node id='-33014' action='modify' lat='51.52743348797' lon='9.89979732824' />
  <node id='-33015' action='modify' lat='51.52745355002' lon='9.89978293231' />
  <node id='-33016' action='modify' lat='51.52748364309' lon='9.89989061382' />
  <node id='-33017' action='modify' lat='51.52743241321' lon='9.89992516404' />
  <node id='-33018' action='modify' lat='51.52742793507' lon='9.89994157539' />
  <node id='-33019' action='modify' lat='51.52744298162' lon='9.89999685574' />
  <node id='-33020' action='modify' lat='51.52745928204' lon='9.90000693288' />
  <node id='-33021' action='modify' lat='51.5275483073' lon='9.89994416666' />
  <node id='-33022' action='modify' lat='51.52755511405' lon='9.89991710232' />
  <node id='-33023' action='modify' lat='51.52751875165' lon='9.89978437191' />
  <node id='-33024' action='modify' lat='51.52741467978' lon='9.89980884498' />
  <node id='-33025' action='modify' lat='51.527407873' lon='9.89983562139' />
  <node id='-33026' action='modify' lat='51.52752108028' lon='9.89961939462' />
  <node id='-33027' action='modify' lat='51.52747737371' lon='9.89955576464' />
  <node id='-33028' action='modify' lat='51.52739569246' lon='9.8996127725' />
  <node id='-33029' action='modify' lat='51.52738852743' lon='9.89963983683' />
  <node id='-33030' action='modify' lat='51.52753760768' lon='9.89962155203' />
  <node id='-33031' action='modify' lat='51.52750228983' lon='9.89964706779' />
  <node id='-33032' action='modify' lat='51.52747715104' lon='9.89955607884' />
  <node id='-33033' action='modify' lat='51.52750155053' lon='9.89953934959' />
  <node id='-33034' action='modify' lat='51.52751750117' lon='9.8995495291' />
  <node id='-33035' action='modify' lat='51.52738023995' lon='9.89927329355' />
  <node id='-33036' action='modify' lat='51.52745383507' lon='9.89920156915' />
  <node id='146249114' timestamp='2015-01-25T13:09:11Z' uid='1468043' user='jengelh' version='7' changeset='28395091' lat='51.5263211' lon='9.9000656' />
  <node id='146249116' timestamp='2015-01-25T13:09:11Z' uid='1468043' user='jengelh' version='8' changeset='28395091' lat='51.5264394' lon='9.9004674' />
  <node id='146249118' timestamp='2017-05-06T20:32:52Z' uid='1468043' user='jengelh' version='7' changeset='48461328' lat='51.5268202' lon='9.9006913' />
  <node id='146249121' timestamp='2016-04-09T19:43:44Z' uid='1468043' user='jengelh' version='22' changeset='38436565' lat='51.5273003' lon='9.9003295' />
  <node id='149432761' timestamp='2013-10-20T21:57:32Z' uid='1468043' user='jengelh' version='7' changeset='18459867' lat='51.5262107' lon='9.8970206' />
  <node id='149432782' timestamp='2013-10-20T21:57:32Z' uid='1468043' user='jengelh' version='7' changeset='18459867' lat='51.5268672' lon='9.8992683' />
  <node id='149443429' timestamp='2016-08-16T13:34:43Z' uid='1468043' user='jengelh' version='7' changeset='41489979' lat='51.5257649' lon='9.9004841' />
  <node id='149443631' timestamp='2013-10-20T21:29:08Z' uid='1468043' user='jengelh' version='12' changeset='18459867' lat='51.5258143' lon='9.8983429' />
  <node id='169426787' timestamp='2013-10-20T21:57:34Z' uid='1468043' user='jengelh' version='7' changeset='18459867' lat='51.5273432' lon='9.8975368' />
  <node id='302787106' timestamp='2025-04-07T10:28:59Z' uid='19762666' user='michatue' version='11' changeset='164627091' lat='51.5265484' lon='9.9001504'>
    <tag k='amenity' v='parcel_locker' />
    <tag k='brand' v='DHL Packstation' />
    <tag k='brand:wikidata' v='Q1766703' />
    <tag k='brand:wikipedia' v='de:Packstation' />
    <tag k='contact:website' v='https://www.packstation.de/' />
    <tag k='object:city' v='Göttingen' />
    <tag k='object:country' v='DE' />
    <tag k='object:housenumber' v='2' />
    <tag k='object:postcode' v='37081' />
    <tag k='object:street' v='Sollingstraße' />
    <tag k='opening_hours' v='24/7' />
    <tag k='operator' v='DHL' />
    <tag k='operator:wikidata' v='Q489815' />
    <tag k='operator:wikipedia' v='de:DHL' />
    <tag k='parcel_mail_in' v='yes' />
    <tag k='ref' v='101' />
    <tag k='wheelchair' v='limited' />
  </node>
  <node id='309556160' timestamp='2025-05-24T11:29:33Z' uid='44217' user='kjon' version='14' changeset='166692511' lat='51.5274568' lon='9.9001256'>
    <tag k='amenity' v='post_box' />
    <tag k='collection_times' v='Mo-Fr 17:00; Sa 10:30; PH off' />
    <tag k='operator' v='Deutsche Post' />
    <tag k='operator:wikidata' v='Q157645' />
    <tag k='ref' v='Deisterstr. 12, 37081 Göttingen-Grone' />
    <tag k='survey:date' v='2022-08-17' />
  </node>
  <node id='309556164' timestamp='2017-05-06T20:32:52Z' uid='1468043' user='jengelh' version='6' changeset='48461328' lat='51.5266363' lon='9.9006885' />
  <node id='310608965' timestamp='2025-11-15T12:29:21Z' uid='1468043' user='jengelh' version='13' changeset='174685015' lat='51.5274086' lon='9.9009143'>
    <tag k='amenity' v='recycling' />
    <tag k='operator' v='Göttinger Entsorgungsbetriebe' />
    <tag k='operator:short' v='GEB' />
    <tag k='operator:wikidata' v='Q124417431' />
    <tag k='recycling:clothes' v='yes' />
    <tag k='recycling:glass' v='no' />
    <tag k='recycling:glass_bottles' v='yes' />
    <tag k='recycling:paper' v='no' />
    <tag k='recycling:shoes' v='yes' />
    <tag k='recycling_type' v='container' />
    <tag k='ref' v='Elmweg/Ecke Deisterstraße' />
    <tag k='survey:date' v='2025-04-27' />
  </node>
  <node id='331750004' timestamp='2013-09-25T22:24:10Z' uid='1468043' user='jengelh' version='8' changeset='18036654' lat='51.5255782' lon='9.9010022' />
  <node id='364143458' timestamp='2013-10-20T22:50:46Z' uid='1468043' user='jengelh' version='4' changeset='18460888' lat='51.5262696' lon='9.8988372' />
  <node id='364143459' timestamp='2025-08-23T13:18:45Z' uid='1468043' user='jengelh' version='5' changeset='170880560' lat='51.5266275' lon='9.9000124' />
  <node id='364143461' timestamp='2013-10-20T22:50:46Z' uid='1468043' user='jengelh' version='4' changeset='18460888' lat='51.5260709' lon='9.8989853' />
  <node id='364143462' timestamp='2013-10-20T21:29:10Z' uid='1468043' user='jengelh' version='4' changeset='18459867' lat='51.5260459' lon='9.8991311' />
  <node id='364143463' timestamp='2017-05-06T20:32:52Z' uid='1468043' user='jengelh' version='2' changeset='48461328' lat='51.5262773' lon='9.8989533'>
    <tag k='noexit' v='yes' />
  </node>
  <node id='364143466' timestamp='2015-01-25T13:09:11Z' uid='1468043' user='jengelh' version='5' changeset='28395091' lat='51.5261332' lon='9.8994275' />
  <node id='364143467' timestamp='2017-05-06T20:32:52Z' uid='1468043' user='jengelh' version='2' changeset='48461328' lat='51.5263651' lon='9.8992524'>
    <tag k='noexit' v='yes' />
  </node>
  <node id='364143468' timestamp='2025-08-23T13:18:45Z' uid='1468043' user='jengelh' version='7' changeset='170880560' lat='51.5262106' lon='9.8996904' />
  <node id='364143469' timestamp='2025-08-23T13:18:45Z' uid='1468043' user='jengelh' version='3' changeset='170880560' lat='51.5264675' lon='9.8994989' />
  <node id='364143470' timestamp='2025-08-23T13:18:45Z' uid='1468043' user='jengelh' version='7' changeset='170880560' lat='51.5262712' lon='9.8998961' />
  <node id='364143472' timestamp='2016-04-09T20:48:41Z' uid='1468043' user='jengelh' version='6' changeset='38438082' lat='51.5263306' lon='9.9000977' />
  <node id='364143474' timestamp='2016-04-09T20:48:41Z' uid='1468043' user='jengelh' version='2' changeset='38438082' lat='51.5265833' lon='9.8999122' />
  <node id='370630895' timestamp='2013-09-07T19:34:41Z' uid='1736764' user='kuester100' version='4' changeset='17722824' lat='51.526853' lon='9.8992195' />
  <node id='370630924' timestamp='2013-10-20T22:50:46Z' uid='1468043' user='jengelh' version='4' changeset='18460888' lat='51.5276024' lon='9.8987442' />
  <node id='370630926' timestamp='2013-10-20T22:50:46Z' uid='1468043' user='jengelh' version='4' changeset='18460888' lat='51.5275155' lon='9.8988099' />
  <node id='370630929' timestamp='2013-10-20T22:50:46Z' uid='1468043' user='jengelh' version='3' changeset='18460888' lat='51.5278766' lon='9.8996806' />
  <node id='370630931' timestamp='2016-01-27T09:44:13Z' uid='1468043' user='jengelh' version='4' changeset='36833193' lat='51.5278658' lon='9.8999114' />
  <node id='370630932' timestamp='2013-10-20T21:57:34Z' uid='1468043' user='jengelh' version='4' changeset='18459867' lat='51.5275449' lon='9.8988009' />
  <node id='370630935' timestamp='2013-10-20T21:57:34Z' uid='1468043' user='jengelh' version='4' changeset='18459867' lat='51.5270177' lon='9.8998198' />
  <node id='370630939' timestamp='2013-10-20T21:57:34Z' uid='1468043' user='jengelh' version='4' changeset='18459867' lat='51.5273292' lon='9.8995763' />
  <node id='370630942' timestamp='2013-10-20T21:57:34Z' uid='1468043' user='jengelh' version='4' changeset='18459867' lat='51.5273341' lon='9.8993325' />
  <node id='370630944' timestamp='2013-10-20T21:57:34Z' uid='1468043' user='jengelh' version='2' changeset='18459867' lat='51.5273905' lon='9.8991639' />
  <node id='370630947' timestamp='2013-10-20T21:57:34Z' uid='1468043' user='jengelh' version='3' changeset='18459867' lat='51.5275049' lon='9.8990157' />
  <node id='370630949' timestamp='2013-10-20T21:57:34Z' uid='1468043' user='jengelh' version='3' changeset='18459867' lat='51.5274544' lon='9.8988291' />
  <node id='370630952' timestamp='2016-01-27T09:44:13Z' uid='1468043' user='jengelh' version='6' changeset='36833193' lat='51.527503' lon='9.9001797' />
  <node id='393725056' timestamp='2013-10-20T21:57:34Z' uid='1468043' user='jengelh' version='2' changeset='18459867' lat='51.5260264' lon='9.8966395' />
  <node id='393725058' timestamp='2013-10-20T21:57:34Z' uid='1468043' user='jengelh' version='2' changeset='18459867' lat='51.5258861' lon='9.8961697' />
  <node id='393725059' timestamp='2013-10-20T21:57:34Z' uid='1468043' user='jengelh' version='2' changeset='18459867' lat='51.5258781' lon='9.8960868' />
  <node id='393725060' timestamp='2018-04-19T10:26:48Z' uid='1468043' user='jengelh' version='4' changeset='58228678' lat='51.5256243' lon='9.8952055'>
    <tag k='barrier' v='bollard' />
    <tag k='survey:date' v='2016-04-09' />
  </node>
  <node id='393725061' timestamp='2013-10-20T21:29:10Z' uid='1468043' user='jengelh' version='3' changeset='18459867' lat='51.5255902' lon='9.8951314' />
  <node id='427547185' timestamp='2013-10-20T22:50:47Z' uid='1468043' user='jengelh' version='3' changeset='18460888' lat='51.5262085' lon='9.8976284' />
  <node id='427547186' timestamp='2013-10-20T22:50:47Z' uid='1468043' user='jengelh' version='3' changeset='18460888' lat='51.5258462' lon='9.8979731' />
  <node id='427547193' timestamp='2013-10-20T22:50:47Z' uid='1468043' user='jengelh' version='3' changeset='18460888' lat='51.5257757' lon='9.8964876' />
  <node id='427547194' timestamp='2013-10-20T22:50:47Z' uid='1468043' user='jengelh' version='3' changeset='18460888' lat='51.5256723' lon='9.8965643' />
  <node id='427547195' timestamp='2013-10-20T22:50:47Z' uid='1468043' user='jengelh' version='3' changeset='18460888' lat='51.5257174' lon='9.8967214' />
  <node id='427547196' timestamp='2013-10-20T22:50:47Z' uid='1468043' user='jengelh' version='3' changeset='18460888' lat='51.5257897' lon='9.8966678' />
  <node id='427547197' timestamp='2013-10-20T22:50:47Z' uid='1468043' user='jengelh' version='3' changeset='18460888' lat='51.52585' lon='9.8967684' />
  <node id='427547198' timestamp='2013-10-20T22:50:47Z' uid='1468043' user='jengelh' version='3' changeset='18460888' lat='51.5259167' lon='9.8967189' />
  <node id='427547199' timestamp='2016-08-16T13:34:45Z' uid='1468043' user='jengelh' version='5' changeset='41489979' lat='51.5263621' lon='9.8980856' />
  <node id='427547200' timestamp='2016-08-16T13:34:45Z' uid='1468043' user='jengelh' version='4' changeset='41489979' lat='51.5260593' lon='9.8981373' />
  <node id='427547201' timestamp='2016-08-16T13:34:45Z' uid='1468043' user='jengelh' version='3' changeset='41489979' lat='51.526081' lon='9.8982128' />
  <node id='427547202' timestamp='2016-08-16T13:34:45Z' uid='1468043' user='jengelh' version='4' changeset='41489979' lat='51.5259805' lon='9.8982872' />
  <node id='427547203' timestamp='2016-08-16T13:34:45Z' uid='1468043' user='jengelh' version='4' changeset='41489979' lat='51.5261045' lon='9.8987662' />
  <node id='427547204' timestamp='2016-08-16T13:34:45Z' uid='1468043' user='jengelh' version='4' changeset='41489979' lat='51.5262075' lon='9.8987522' />
  <node id='427547205' timestamp='2016-08-16T13:34:45Z' uid='1468043' user='jengelh' version='4' changeset='41489979' lat='51.5262195' lon='9.8987942' />
  <node id='427547210' timestamp='2016-08-16T13:34:45Z' uid='1468043' user='jengelh' version='5' changeset='41489979' lat='51.526328' lon='9.8987139' />
  <node id='427547211' timestamp='2016-08-16T13:34:45Z' uid='1468043' user='jengelh' version='4' changeset='41489979' lat='51.5263011' lon='9.89862' />
  <node id='427547212' timestamp='2016-08-16T13:34:45Z' uid='1468043' user='jengelh' version='4' changeset='41489979' lat='51.5261847' lon='9.8986695' />
  <node id='427547213' timestamp='2016-08-16T13:34:45Z' uid='1468043' user='jengelh' version='4' changeset='41489979' lat='51.5261204' lon='9.8983503' />
  <node id='427547214' timestamp='2016-08-16T13:34:45Z' uid='1468043' user='jengelh' version='4' changeset='41489979' lat='51.5262908' lon='9.8981384' />
  <node id='427547215' timestamp='2016-08-16T13:34:45Z' uid='1468043' user='jengelh' version='4' changeset='41489979' lat='51.5263592' lon='9.898377' />
  <node id='427547216' timestamp='2016-08-16T13:34:45Z' uid='1468043' user='jengelh' version='4' changeset='41489979' lat='51.5264415' lon='9.898316' />
  <node id='428739750' timestamp='2016-08-16T12:21:31Z' uid='1468043' user='jengelh' version='5' changeset='41488594' lat='51.5270355' lon='9.9002671' />
  <node id='428739751' timestamp='2016-08-16T12:21:31Z' uid='1468043' user='jengelh' version='5' changeset='41488594' lat='51.5267813' lon='9.900563' />
  <node id='428739752' timestamp='2016-08-16T12:21:31Z' uid='1468043' user='jengelh' version='5' changeset='41488594' lat='51.5267549' lon='9.9004718' />
  <node id='428739753' timestamp='2016-08-16T12:21:31Z' uid='1468043' user='jengelh' version='5' changeset='41488594' lat='51.5266593' lon='9.9005432' />
  <node id='428739754' timestamp='2016-08-16T12:21:31Z' uid='1468043' user='jengelh' version='5' changeset='41488594' lat='51.5265467' lon='9.9001093' />
  <node id='428739755' timestamp='2016-08-16T12:21:32Z' uid='1468043' user='jengelh' version='5' changeset='41488594' lat='51.526915' lon='9.8997961' />
  <node id='428739756' timestamp='2016-08-16T12:21:32Z' uid='1468043' user='jengelh' version='6' changeset='41488594' lat='51.5267836' lon='9.8998944' />
  <node id='428739757' timestamp='2016-08-16T12:21:32Z' uid='1468043' user='jengelh' version='6' changeset='41488594' lat='51.5266515' lon='9.8999932' />
  <node id='428739758' timestamp='2016-08-16T12:21:32Z' uid='1468043' user='jengelh' version='6' changeset='41488594' lat='51.5265701' lon='9.8997121' />
  <node id='428739759' timestamp='2016-08-16T12:21:32Z' uid='1468043' user='jengelh' version='6' changeset='41488594' lat='51.5267022' lon='9.8996133' />
  <node id='428739760' timestamp='2016-08-16T12:21:32Z' uid='1468043' user='jengelh' version='6' changeset='41488594' lat='51.526597' lon='9.8992585' />
  <node id='428739761' timestamp='2016-08-16T12:21:32Z' uid='1468043' user='jengelh' version='6' changeset='41488594' lat='51.5264664' lon='9.8993562' />
  <node id='428739762' timestamp='2016-08-16T12:21:32Z' uid='1468043' user='jengelh' version='6' changeset='41488594' lat='51.5265447' lon='9.8996268' />
  <node id='428739763' timestamp='2016-08-16T12:21:32Z' uid='1468043' user='jengelh' version='6' changeset='41488594' lat='51.5266753' lon='9.8995291' />
  <node id='428739764' timestamp='2016-08-16T12:21:32Z' uid='1468043' user='jengelh' version='6' changeset='41488594' lat='51.5268074' lon='9.8991154' />
  <node id='428739765' timestamp='2016-08-16T12:21:32Z' uid='1468043' user='jengelh' version='6' changeset='41488594' lat='51.5267294' lon='9.8991737' />
  <node id='428739766' timestamp='2016-08-16T12:21:32Z' uid='1468043' user='jengelh' version='6' changeset='41488594' lat='51.5267566' lon='9.8992677' />
  <node id='428739767' timestamp='2016-08-16T12:21:32Z' uid='1468043' user='jengelh' version='6' changeset='41488594' lat='51.5266276' lon='9.8993642' />
  <node id='428739768' timestamp='2016-08-16T12:21:32Z' uid='1468043' user='jengelh' version='6' changeset='41488594' lat='51.5266623' lon='9.8994842' />
  <node id='428739769' timestamp='2016-08-16T12:21:32Z' uid='1468043' user='jengelh' version='6' changeset='41488594' lat='51.5268864' lon='9.8993743' />
  <node id='428739770' timestamp='2016-08-16T12:21:32Z' uid='1468043' user='jengelh' version='6' changeset='41488594' lat='51.5266278' lon='9.8995647' />
  <node id='428739771' timestamp='2016-08-16T12:21:32Z' uid='1468043' user='jengelh' version='6' changeset='41488594' lat='51.5266526' lon='9.8996504' />
  <node id='428739772' timestamp='2016-08-16T12:21:32Z' uid='1468043' user='jengelh' version='6' changeset='41488594' lat='51.5266052' lon='9.8996859' />
  <node id='428739773' timestamp='2016-08-16T12:21:32Z' uid='1468043' user='jengelh' version='6' changeset='41488594' lat='51.5265803' lon='9.8996002' />
  <node id='428739774' timestamp='2016-01-26T15:40:23Z' uid='1468043' user='jengelh' version='5' changeset='36819506' lat='51.5263236' lon='9.9006895' />
  <node id='428739775' timestamp='2016-01-26T15:40:23Z' uid='1468043' user='jengelh' version='5' changeset='36819506' lat='51.5261347' lon='9.9008171' />
  <node id='428739776' timestamp='2016-01-26T15:40:23Z' uid='1468043' user='jengelh' version='5' changeset='36819506' lat='51.5261501' lon='9.9008697' />
  <node id='428739777' timestamp='2016-01-26T15:40:23Z' uid='1468043' user='jengelh' version='5' changeset='36819506' lat='51.5260905' lon='9.9009146' />
  <node id='428739778' timestamp='2016-01-26T15:40:23Z' uid='1468043' user='jengelh' version='5' changeset='36819506' lat='51.5261229' lon='9.9010257' />
  <node id='428739779' timestamp='2016-01-26T15:40:23Z' uid='1468043' user='jengelh' version='5' changeset='36819506' lat='51.5261826' lon='9.9009808' />
  <node id='428739780' timestamp='2016-01-26T15:40:23Z' uid='1468043' user='jengelh' version='5' changeset='36819506' lat='51.5262097' lon='9.9010739' />
  <node id='428739781' timestamp='2016-01-26T15:40:23Z' uid='1468043' user='jengelh' version='5' changeset='36819506' lat='51.5263778' lon='9.9008753' />
  <node id='428739782' timestamp='2025-03-13T09:16:06Z' uid='1468043' user='jengelh' version='6' changeset='163560956' lat='51.5271488' lon='9.9006313' />
  <node id='428739783' timestamp='2025-03-13T09:16:06Z' uid='1468043' user='jengelh' version='6' changeset='163560956' lat='51.5272336' lon='9.9009509' />
  <node id='428739784' timestamp='2025-03-13T09:16:06Z' uid='1468043' user='jengelh' version='6' changeset='163560956' lat='51.5272776' lon='9.900918' />
  <node id='428739785' timestamp='2025-03-13T09:16:06Z' uid='1468043' user='jengelh' version='6' changeset='163560956' lat='51.5273809' lon='9.9013709' />
  <node id='428739786' timestamp='2025-03-13T09:16:06Z' uid='1468043' user='jengelh' version='6' changeset='163560956' lat='51.5274239' lon='9.9013387' />
  <node id='428739790' timestamp='2025-03-13T09:16:06Z' uid='1468043' user='jengelh' version='6' changeset='163560956' lat='51.527421' lon='9.901775' />
  <node id='428739791' timestamp='2025-03-13T09:16:06Z' uid='1468043' user='jengelh' version='6' changeset='163560956' lat='51.5273289' lon='9.9014117' />
  <node id='428739792' timestamp='2025-03-13T09:16:06Z' uid='1468043' user='jengelh' version='6' changeset='163560956' lat='51.5272976' lon='9.9014351' />
  <node id='428739793' timestamp='2025-03-13T09:16:06Z' uid='1468043' user='jengelh' version='6' changeset='163560956' lat='51.5271815' lon='9.9009921' />
  <node id='428739794' timestamp='2025-03-13T09:16:06Z' uid='1468043' user='jengelh' version='6' changeset='163560956' lat='51.5271517' lon='9.9010144' />
  <node id='428739795' timestamp='2025-03-13T09:16:06Z' uid='1468043' user='jengelh' version='6' changeset='163560956' lat='51.52706' lon='9.9006977' />
  <node id='616887517' timestamp='2026-03-17T17:10:44Z' uid='1468043' user='jengelh' version='12' changeset='180019429' lat='51.526539' lon='9.8996072'>
    <tag k='addr:city' v='Göttingen' />
    <tag k='addr:country' v='DE' />
    <tag k='addr:housenumber' v='2b' />
    <tag k='addr:postcode' v='37081' />
    <tag k='addr:street' v='Sollingstraße' />
    <tag k='addr:suburb' v='Grone' />
    <tag k='amenity' v='doctors' />
    <tag k='contact:fax' v='+49 551 92914' />
    <tag k='contact:phone' v='+49 551 94029' />
    <tag k='contact:website' v='https://www.hausarztpraxis-sollingstrasse.de/' />
    <tag k='description' v='Fachärztinnen für Allgemeinmedizin; hausärztliche Versorgung' />
    <tag k='healthcare' v='doctor' />
    <tag k='healthcare:speciality' v='general' />
    <tag k='name' v='E. Krupa, M. Behroznia' />
    <tag k='opening_hours' v='Mo-Fr 07:30-12:00; Mo 16:00-18:00; PH off' />
    <tag k='operator' v='Eva Krupa, Malihe Behroznia' />
    <tag k='survey:date' v='2025-10-13' />
    <tag k='wheelchair' v='yes' />
  </node>
  <node id='616887611' timestamp='2026-06-16T17:41:40Z' uid='4693727' user='isotopicemoting' version='15' changeset='184193431' lat='51.526705' lon='9.8993978'>
    <tag k='addr:city' v='Göttingen' />
    <tag k='addr:country' v='DE' />
    <tag k='addr:housenumber' v='3' />
    <tag k='addr:place' v='Jonaplatz' />
    <tag k='addr:postcode' v='37081' />
    <tag k='addr:suburb' v='Grone' />
    <tag k='amenity' v='dentist' />
    <tag k='contact:email' v='info@zahnarztpraxis-klein-goettingen.de' />
    <tag k='contact:phone' v='+49 551 96918' />
    <tag k='contact:website' v='https://zahnarztpraxis-klein-goettingen.de' />
    <tag k='healthcare' v='dentist' />
    <tag k='name' v='S. Klein' />
    <tag k='opening_hours' v='Mo 08:15-11:00,14:00-17:00; We 08:15-12:00' />
    <tag k='operator' v='Sabine Klein' />
  </node>
  <node id='616888586' timestamp='2023-03-18T10:14:16Z' uid='1468043' user='jengelh' version='11' changeset='133816630' lat='51.526638' lon='9.900216'>
    <tag k='addr:city' v='Göttingen' />
    <tag k='addr:country' v='DE' />
    <tag k='addr:housenumber' v='25' />
    <tag k='addr:postcode' v='37081' />
    <tag k='addr:street' v='Sollingstraße' />
    <tag k='contact:phone' v='+49 551 50969388' />
    <tag k='contact:website' v='https://baeckereihermann.de/filialen/grone/' />
    <tag k='indoor' v='yes' />
    <tag k='name' v='Hermann' />
    <tag k='opening_hours' v='Mo-Fr 07:00-20:00; Sa 07:00-19:00; PH off' />
    <tag k='operator' v='Bäckerei Hermann GmbH' />
    <tag k='shop' v='bakery' />
    <tag k='wheelchair' v='yes' />
  </node>
  <node id='616888871' timestamp='2016-10-07T21:05:27Z' uid='16256' user='patzi' version='5' changeset='42721774' lat='51.526658' lon='9.900329'>
    <tag k='indoor' v='yes' />
    <tag k='name' v='Discount-Metzger' />
    <tag k='shop' v='butcher' />
    <tag k='wheelchair' v='yes' />
  </node>
  <node id='618643088' timestamp='2016-08-16T12:21:32Z' uid='1468043' user='jengelh' version='5' changeset='41488594' lat='51.5268363' lon='9.8992155' />
  <node id='618643089' timestamp='2025-03-13T09:16:06Z' uid='1468043' user='jengelh' version='5' changeset='163560956' lat='51.5275114' lon='9.9017074' />
  <node id='641554895' timestamp='2026-01-03T16:17:17Z' uid='18511019' user='Senihtu' version='9' changeset='176788533' lat='51.5266668' lon='9.8994999'>
    <tag k='addr:city' v='Göttingen' />
    <tag k='addr:country' v='DE' />
    <tag k='addr:housenumber' v='2' />
    <tag k='addr:place' v='Jonaplatz' />
    <tag k='addr:postcode' v='37081' />
    <tag k='addr:suburb' v='Grone' />
    <tag k='amenity' v='pharmacy' />
    <tag k='contact:phone' v='+49 551 93918' />
    <tag k='contact:website' v='https://www.lucht-apotheken.de/apotheke-grone-s%C3%BCd.html' />
    <tag k='description' v='Eingang Apotheke' />
    <tag k='dispensing' v='yes' />
    <tag k='name' v='Lucht-Apotheke Grone-Süd' />
    <tag k='opening_hours' v='Mo,Tu,Th 08:00-18:30; We,Fr 08:00-18:00; Sa 09:00-13:00; PH off' />
    <tag k='toilets:wheelchair' v='no' />
    <tag k='wheelchair' v='yes' />
  </node>
  <node id='641554919' timestamp='2024-05-10T21:47:01Z' uid='290680' user='wheelmap_visitor' version='7' changeset='151165503' lat='51.5265871' lon='9.899771'>
    <tag k='addr:city' v='Göttingen' />
    <tag k='addr:country' v='DE' />
    <tag k='addr:housenumber' v='2a' />
    <tag k='addr:postcode' v='37081' />
    <tag k='addr:street' v='Sollingstraße' />
    <tag k='addr:suburb' v='Grone' />
    <tag k='contact:facebook' v='https://www.facebook.com/Friseur-Sebahattin-1499362647035274' />
    <tag k='contact:phone' v='+49 551 91837' />
    <tag k='name' v='Friseur Sebahattin' />
    <tag k='opening_hours' v='Tu-Fr 09:00-18:00; Sa 09:00-13:00; PH off' />
    <tag k='shop' v='hairdresser' />
    <tag k='wheelchair' v='limited' />
  </node>
  <node id='641554951' timestamp='2020-03-09T14:13:55Z' uid='1468043' user='jengelh' version='3' changeset='81967870' lat='51.5272824' lon='9.9009738'>
    <tag k='addr:city' v='Göttingen' />
    <tag k='addr:country' v='DE' />
    <tag k='addr:housenumber' v='13' />
    <tag k='addr:postcode' v='37081' />
    <tag k='addr:street' v='Elmweg' />
    <tag k='addr:suburb' v='Grone' />
  </node>
  <node id='664446399' timestamp='2017-05-06T20:32:52Z' uid='1468043' user='jengelh' version='4' changeset='48461328' lat='51.5266962' lon='9.90071' />
  <node id='664446401' timestamp='2013-10-20T21:57:35Z' uid='1468043' user='jengelh' version='3' changeset='18459867' lat='51.5265605' lon='9.9006428' />
  <node id='827282032' timestamp='2016-02-27T21:40:38Z' uid='1468043' user='jengelh' version='5' changeset='37489864' lat='51.5266263' lon='9.8980839' />
  <node id='827282053' timestamp='2016-02-27T21:40:39Z' uid='1468043' user='jengelh' version='5' changeset='37489864' lat='51.5267134' lon='9.8980143' />
  <node id='827282055' timestamp='2013-10-20T23:15:56Z' uid='1468043' user='jengelh' version='5' changeset='18461100' lat='51.5278048' lon='9.8961751' />
  <node id='827282062' timestamp='2016-02-27T21:40:39Z' uid='1468043' user='jengelh' version='5' changeset='37489864' lat='51.5263629' lon='9.8971975' />
  <node id='827282082' timestamp='2013-10-20T23:15:56Z' uid='1468043' user='jengelh' version='5' changeset='18461100' lat='51.5277547' lon='9.8960023' />
  <node id='827282092' timestamp='2013-10-20T23:15:56Z' uid='1468043' user='jengelh' version='5' changeset='18461100' lat='51.5278394' lon='9.8959388' />
  <node id='1020389579' timestamp='2016-06-19T19:55:39Z' uid='1468043' user='jengelh' version='4' changeset='40143308' lat='51.5275319' lon='9.8958761' />
  <node id='1020389589' timestamp='2013-10-20T21:57:32Z' uid='1468043' user='jengelh' version='3' changeset='18459867' lat='51.527491' lon='9.8966339' />
  <node id='1020389600' timestamp='2013-10-20T21:57:32Z' uid='1468043' user='jengelh' version='5' changeset='18459867' lat='51.5266593' lon='9.8985638' />
  <node id='1020389604' timestamp='2013-10-20T21:57:32Z' uid='1468043' user='jengelh' version='3' changeset='18459867' lat='51.5272498' lon='9.8968081' />
  <node id='1020389653' timestamp='2013-10-20T21:57:32Z' uid='1468043' user='jengelh' version='4' changeset='18459867' lat='51.5272156' lon='9.8969278' />
  <node id='1020389664' timestamp='2013-10-20T21:57:32Z' uid='1468043' user='jengelh' version='3' changeset='18459867' lat='51.5266428' lon='9.8973674' />
  <node id='1020389673' timestamp='2013-10-20T21:57:32Z' uid='1468043' user='jengelh' version='3' changeset='18459867' lat='51.5268752' lon='9.8981861' />
  <node id='1020389688' timestamp='2025-04-27T11:42:51Z' uid='2725798' user='lesekaffee' version='5' changeset='165501712' lat='51.5274341' lon='9.896436'>
    <tag k='barrier' v='cycle_barrier' />
    <tag k='cycle_barrier' v='single' />
    <tag k='cycle_barrier:installation' v='fixed' />
  </node>
  <node id='1023077371' timestamp='2016-02-27T21:53:11Z' uid='1468043' user='jengelh' version='5' changeset='37490063' lat='51.5269775' lon='9.8988406' />
  <node id='1023077404' timestamp='2016-04-09T21:04:39Z' uid='1468043' user='jengelh' version='4' changeset='38438431' lat='51.5282545' lon='9.8979974' />
  <node id='1023077478' timestamp='2016-07-01T22:34:17Z' uid='1468043' user='jengelh' version='4' changeset='40429514' lat='51.527997' lon='9.8976277' />
  <node id='1023077486' timestamp='2016-04-09T21:04:39Z' uid='1468043' user='jengelh' version='3' changeset='38438431' lat='51.5278882' lon='9.8988195' />
  <node id='1023077497' timestamp='2016-02-27T21:53:11Z' uid='1468043' user='jengelh' version='5' changeset='37490063' lat='51.5270355' lon='9.8990404' />
  <node id='1342917257' timestamp='2013-10-20T21:29:08Z' uid='1468043' user='jengelh' version='3' changeset='18459867' lat='51.5257596' lon='9.8981467' />
  <node id='1342917266' timestamp='2013-10-20T21:57:32Z' uid='1468043' user='jengelh' version='5' changeset='18459867' lat='51.5263992' lon='9.8976678' />
  <node id='1342917269' timestamp='2025-08-23T13:18:45Z' uid='1468043' user='jengelh' version='3' changeset='170880560' lat='51.5266173' lon='9.8987426' />
  <node id='1342917271' timestamp='2013-10-20T21:57:32Z' uid='1468043' user='jengelh' version='5' changeset='18459867' lat='51.5266771' lon='9.8986251' />
  <node id='1342917279' timestamp='2013-10-20T21:57:32Z' uid='1468043' user='jengelh' version='3' changeset='18459867' lat='51.5273002' lon='9.8976498' />
  <node id='1342917291' timestamp='2018-08-20T08:07:27Z' uid='1468043' user='jengelh' version='4' changeset='61814390' lat='51.5279672' lon='9.8998364' />
  <node id='1342917297' timestamp='2016-04-09T21:04:39Z' uid='1468043' user='jengelh' version='2' changeset='38438431' lat='51.52802' lon='9.8987295' />
  <node id='1342917298' timestamp='2016-04-09T21:04:39Z' uid='1468043' user='jengelh' version='2' changeset='38438431' lat='51.5280217' lon='9.8988186' />
  <node id='1342917299' timestamp='2016-04-09T21:04:39Z' uid='1468043' user='jengelh' version='2' changeset='38438431' lat='51.5280544' lon='9.8986596' />
  <node id='1342917300' timestamp='2016-04-09T21:04:39Z' uid='1468043' user='jengelh' version='2' changeset='38438431' lat='51.5280586' lon='9.8988852' />
  <node id='1342917301' timestamp='2016-04-09T21:04:39Z' uid='1468043' user='jengelh' version='3' changeset='38438431' lat='51.5281318' lon='9.8980879' />
  <node id='1342917302' timestamp='2016-04-09T21:04:39Z' uid='1468043' user='jengelh' version='2' changeset='38438431' lat='51.5281087' lon='9.8986414' />
  <node id='1342917303' timestamp='2016-04-09T21:04:39Z' uid='1468043' user='jengelh' version='2' changeset='38438431' lat='51.5281135' lon='9.898898' />
  <node id='1342917311' timestamp='2016-04-09T21:04:39Z' uid='1468043' user='jengelh' version='2' changeset='38438431' lat='51.5281575' lon='9.8986837' />
  <node id='1342917313' timestamp='2016-04-09T21:04:40Z' uid='1468043' user='jengelh' version='2' changeset='38438431' lat='51.528178' lon='9.8987665' />
  <node id='1342917314' timestamp='2016-04-09T21:04:40Z' uid='1468043' user='jengelh' version='2' changeset='38438431' lat='51.5281606' lon='9.8988512' />
  <node id='1366587831' timestamp='2025-12-09T12:59:18Z' uid='16354439' user='unni-geo' version='6' changeset='175712514' lat='51.5272879' lon='9.8997384' />
  <node id='1637147491' timestamp='2016-01-27T13:31:44Z' uid='16256' user='patzi' version='3' changeset='36837041' lat='51.526252' lon='9.901586' />
  <node id='1637147517' timestamp='2016-01-27T13:31:44Z' uid='16256' user='patzi' version='3' changeset='36837041' lat='51.5262869' lon='9.9017078' />
  <node id='1637147532' timestamp='2016-01-27T13:31:44Z' uid='16256' user='patzi' version='3' changeset='36837041' lat='51.5263405' lon='9.9015205' />
  <node id='1637147563' timestamp='2016-01-27T13:31:44Z' uid='16256' user='patzi' version='3' changeset='36837041' lat='51.5264178' lon='9.9014628' />
  <node id='1637147565' timestamp='2016-01-27T13:31:44Z' uid='16256' user='patzi' version='3' changeset='36837041' lat='51.5264575' lon='9.9023675' />
  <node id='1637147582' timestamp='2016-01-27T13:31:44Z' uid='16256' user='patzi' version='3' changeset='36837041' lat='51.5264526' lon='9.9015842' />
  <node id='1637147600' timestamp='2016-01-27T13:31:44Z' uid='16256' user='patzi' version='3' changeset='36837041' lat='51.5265033' lon='9.902527' />
  <node id='1637147632' timestamp='2016-01-27T13:31:44Z' uid='16256' user='patzi' version='3' changeset='36837041' lat='51.5266222' lon='9.9013318' />
  <node id='1637147643' timestamp='2016-01-27T13:31:44Z' uid='16256' user='patzi' version='3' changeset='36837041' lat='51.5266522' lon='9.9014365' />
  <node id='1637147678' timestamp='2016-01-27T13:31:44Z' uid='16256' user='patzi' version='3' changeset='36837041' lat='51.5267195' lon='9.9012598' />
  <node id='1637147684' timestamp='2016-01-27T13:31:44Z' uid='16256' user='patzi' version='3' changeset='36837041' lat='51.5267498' lon='9.9013655' />
  <node id='1637147686' timestamp='2016-01-27T13:31:44Z' uid='16256' user='patzi' version='3' changeset='36837041' lat='51.5267617' lon='9.9018172' />
  <node id='1637147690' timestamp='2016-01-27T13:31:44Z' uid='16256' user='patzi' version='3' changeset='36837041' lat='51.5267654' lon='9.90183' />
  <node id='1637147723' timestamp='2016-01-27T13:31:44Z' uid='16256' user='patzi' version='3' changeset='36837041' lat='51.5268' lon='9.9011759' />
  <node id='1637147733' timestamp='2016-01-27T13:31:44Z' uid='16256' user='patzi' version='3' changeset='36837041' lat='51.526836' lon='9.9013016' />
  <node id='1637147740' timestamp='2016-01-27T13:31:44Z' uid='16256' user='patzi' version='3' changeset='36837041' lat='51.5268585' lon='9.9017455' />
  <node id='1637147742' timestamp='2016-01-27T13:31:44Z' uid='16256' user='patzi' version='3' changeset='36837041' lat='51.5268625' lon='9.9017592' />
  <node id='1637147769' timestamp='2016-01-27T13:31:44Z' uid='16256' user='patzi' version='3' changeset='36837041' lat='51.5269141' lon='9.9015715' />
  <node id='1637147810' timestamp='2016-01-27T13:31:44Z' uid='16256' user='patzi' version='3' changeset='36837041' lat='51.527016' lon='9.9015559' />
  <node id='1637147819' timestamp='2016-01-27T13:31:44Z' uid='16256' user='patzi' version='3' changeset='36837041' lat='51.5270605' lon='9.901711' />
  <node id='1637147847' timestamp='2016-01-27T13:31:44Z' uid='16256' user='patzi' version='3' changeset='36837041' lat='51.5270844' lon='9.9017847' />
  <node id='1637147854' timestamp='2016-01-27T13:31:44Z' uid='16256' user='patzi' version='3' changeset='36837041' lat='51.5271582' lon='9.9020421' />
  <node id='1637147944' timestamp='2025-03-13T09:16:06Z' uid='1468043' user='jengelh' version='4' changeset='163560956' lat='51.5273558' lon='9.9008087' />
  <node id='1637147965' timestamp='2025-03-13T09:16:06Z' uid='1468043' user='jengelh' version='4' changeset='163560956' lat='51.5273967' lon='9.9007784' />
  <node id='1637148074' timestamp='2025-03-13T09:16:06Z' uid='1468043' user='jengelh' version='4' changeset='163560956' lat='51.5277683' lon='9.9022475' />
  <node id='1637148189' timestamp='2015-12-28T22:18:45Z' uid='1468043' user='jengelh' version='3' changeset='36230708' lat='51.5281922' lon='9.9009169' />
  <node id='1637148198' timestamp='2013-10-27T01:03:57Z' uid='1468043' user='jengelh' version='3' changeset='18559837' lat='51.5281854' lon='9.8997788' />
  <node id='1637148212' timestamp='2015-12-28T22:18:46Z' uid='1468043' user='jengelh' version='3' changeset='36230708' lat='51.5282475' lon='9.9012096' />
  <node id='1637148244' timestamp='2015-12-28T22:18:46Z' uid='1468043' user='jengelh' version='3' changeset='36230708' lat='51.5283585' lon='9.9007925' />
  <node id='1637148251' timestamp='2015-12-28T22:18:46Z' uid='1468043' user='jengelh' version='3' changeset='36230708' lat='51.5283843' lon='9.9011074' />
  <node id='1637148255' timestamp='2015-12-28T22:18:46Z' uid='1468043' user='jengelh' version='3' changeset='36230708' lat='51.5284289' lon='9.9011212' />
  <node id='1637148258' timestamp='2013-10-27T01:03:57Z' uid='1468043' user='jengelh' version='3' changeset='18559837' lat='51.5284327' lon='9.9006383' />
  <node id='1644022466' timestamp='2013-09-25T22:24:10Z' uid='1468043' user='jengelh' version='4' changeset='18036654' lat='51.5259123' lon='9.9007587' />
  <node id='1644022473' timestamp='2016-08-16T13:34:43Z' uid='1468043' user='jengelh' version='4' changeset='41489979' lat='51.5258309' lon='9.9004736' />
  <node id='1644022477' timestamp='2020-04-04T21:34:37Z' uid='1468043' user='jengelh' version='4' changeset='83083781' lat='51.5258787' lon='9.9014345' />
  <node id='1644022478' timestamp='2020-04-04T21:34:37Z' uid='1468043' user='jengelh' version='4' changeset='83083781' lat='51.5259435' lon='9.9016538' />
  <node id='1644022480' timestamp='2012-02-23T10:07:31Z' uid='18369' user='magmer' version='1' changeset='10766747' lat='51.5260543' lon='9.9014285' />
  <node id='1644022486' timestamp='2020-04-04T21:34:37Z' uid='1468043' user='jengelh' version='4' changeset='83083781' lat='51.5261772' lon='9.9012064' />
  <node id='1644022493' timestamp='2020-04-04T21:34:37Z' uid='1468043' user='jengelh' version='4' changeset='83083781' lat='51.526242' lon='9.9014259' />
  <node id='1644022504' timestamp='2016-01-26T15:40:23Z' uid='1468043' user='jengelh' version='2' changeset='36819506' lat='51.5264367' lon='9.9011416' />
  <node id='1644022511' timestamp='2016-01-27T13:31:44Z' uid='16256' user='patzi' version='3' changeset='36837041' lat='51.5267077' lon='9.900927' />
  <node id='1644022513' timestamp='2016-08-16T12:21:31Z' uid='1468043' user='jengelh' version='4' changeset='41488594' lat='51.5267447' lon='9.8994226' />
  <node id='1644022514' timestamp='2016-01-27T13:31:44Z' uid='16256' user='patzi' version='3' changeset='36837041' lat='51.5267606' lon='9.9011173' />
  <node id='1644022515' timestamp='2016-08-16T12:21:31Z' uid='1468043' user='jengelh' version='4' changeset='41488594' lat='51.5267729' lon='9.8994591' />
  <node id='1644022517' timestamp='2016-01-27T13:31:44Z' uid='16256' user='patzi' version='3' changeset='36837041' lat='51.5268046' lon='9.9008573' />
  <node id='1644022520' timestamp='2016-01-27T13:31:44Z' uid='16256' user='patzi' version='3' changeset='36837041' lat='51.5268496' lon='9.9010534' />
  <node id='1644022531' timestamp='2016-01-27T09:44:13Z' uid='1468043' user='jengelh' version='4' changeset='36833193' lat='51.5274493' lon='9.8992215' />
  <node id='1644022533' timestamp='2016-04-09T19:43:44Z' uid='1468043' user='jengelh' version='3' changeset='38436565' lat='51.5275269' lon='9.9009356' />
  <node id='1644022534' timestamp='2016-01-27T09:44:13Z' uid='1468043' user='jengelh' version='4' changeset='36833193' lat='51.5275316' lon='9.8991597' />
  <node id='1644022538' timestamp='2016-01-27T09:44:13Z' uid='1468043' user='jengelh' version='4' changeset='36833193' lat='51.5276287' lon='9.8998387' />
  <node id='1644022539' timestamp='2016-04-09T19:43:44Z' uid='1468043' user='jengelh' version='3' changeset='38436565' lat='51.527632' lon='9.9012989' />
  <node id='1644022540' timestamp='2016-01-27T09:44:13Z' uid='1468043' user='jengelh' version='4' changeset='36833193' lat='51.527711' lon='9.8997768' />
  <node id='1644022545' timestamp='2025-08-23T13:18:45Z' uid='1468043' user='jengelh' version='3' changeset='170880560' lat='51.5277501' lon='9.900898' />
  <node id='1644022546' timestamp='2016-04-09T19:43:44Z' uid='1468043' user='jengelh' version='3' changeset='38436565' lat='51.5277854' lon='9.9007424' />
  <node id='1644022549' timestamp='2025-08-23T13:18:45Z' uid='1468043' user='jengelh' version='3' changeset='170880560' lat='51.5278276' lon='9.9010854' />
  <node id='1644022553' timestamp='2016-04-09T19:43:44Z' uid='1468043' user='jengelh' version='3' changeset='38436565' lat='51.5278905' lon='9.9011057' />
  <node id='1644022555' timestamp='2025-08-24T09:51:00Z' uid='1468043' user='jengelh' version='3' changeset='170914867' lat='51.5279467' lon='9.8997102' />
  <node id='1644022556' timestamp='2013-10-20T21:57:33Z' uid='1468043' user='jengelh' version='2' changeset='18459867' lat='51.5279674' lon='9.8997827' />
  <node id='1644022564' timestamp='2016-01-27T09:44:13Z' uid='1468043' user='jengelh' version='3' changeset='36833193' lat='51.528233' lon='9.8996399' />
  <node id='1644022575' timestamp='2016-01-27T09:44:13Z' uid='1468043' user='jengelh' version='3' changeset='36833193' lat='51.5283686' lon='9.8995395' />
  <node id='1644022585' timestamp='2025-08-24T09:51:00Z' uid='1468043' user='jengelh' version='3' changeset='170914867' lat='51.5286962' lon='9.8991577' />
  <node id='1644022586' timestamp='2013-10-20T21:57:33Z' uid='1468043' user='jengelh' version='2' changeset='18459867' lat='51.5287168' lon='9.8992302' />
  <node id='1829573996' timestamp='2016-01-27T13:31:44Z' uid='16256' user='patzi' version='2' changeset='36837041' lat='51.5265357' lon='9.9023096' />
  <node id='1829573998' timestamp='2016-01-27T13:31:44Z' uid='16256' user='patzi' version='2' changeset='36837041' lat='51.5266174' lon='9.901315' />
  <node id='1829573999' timestamp='2016-01-27T13:31:44Z' uid='16256' user='patzi' version='2' changeset='36837041' lat='51.5266422' lon='9.9014438' />
  <node id='1829574001' timestamp='2016-01-27T13:31:44Z' uid='16256' user='patzi' version='2' changeset='36837041' lat='51.5266538' lon='9.9014845' />
  <node id='1829574003' timestamp='2016-01-27T13:31:44Z' uid='16256' user='patzi' version='2' changeset='36837041' lat='51.5267081' lon='9.9016736' />
  <node id='1829574004' timestamp='2016-01-27T13:31:44Z' uid='16256' user='patzi' version='2' changeset='36837041' lat='51.5267137' lon='9.9012398' />
  <node id='1829574009' timestamp='2016-01-27T13:31:44Z' uid='16256' user='patzi' version='2' changeset='36837041' lat='51.5267201' lon='9.9017156' />
  <node id='1829574010' timestamp='2016-01-27T13:31:44Z' uid='16256' user='patzi' version='2' changeset='36837041' lat='51.526748' lon='9.9021571' />
  <node id='1829574013' timestamp='2016-01-27T13:31:44Z' uid='16256' user='patzi' version='2' changeset='36837041' lat='51.5267579' lon='9.9013594' />
  <node id='1829574014' timestamp='2016-01-27T13:31:44Z' uid='16256' user='patzi' version='2' changeset='36837041' lat='51.5268248' lon='9.9009642' />
  <node id='1829574016' timestamp='2016-01-27T13:31:45Z' uid='16256' user='patzi' version='2' changeset='36837041' lat='51.5268271' lon='9.9020985' />
  <node id='1829574018' timestamp='2016-01-27T13:31:45Z' uid='16256' user='patzi' version='2' changeset='36837041' lat='51.5268298' lon='9.902108' />
  <node id='1829574019' timestamp='2016-01-27T13:31:45Z' uid='16256' user='patzi' version='2' changeset='36837041' lat='51.5268328' lon='9.9009585' />
  <node id='1829574022' timestamp='2016-01-27T13:31:45Z' uid='16256' user='patzi' version='2' changeset='36837041' lat='51.5268354' lon='9.9016297' />
  <node id='1829574026' timestamp='2016-01-27T13:31:45Z' uid='16256' user='patzi' version='2' changeset='36837041' lat='51.5269125' lon='9.901566' />
  <node id='1829574028' timestamp='2016-01-27T13:31:45Z' uid='16256' user='patzi' version='2' changeset='36837041' lat='51.5269409' lon='9.9017011' />
  <node id='1829574030' timestamp='2016-01-27T13:31:45Z' uid='16256' user='patzi' version='2' changeset='36837041' lat='51.5269948' lon='9.9015051' />
  <node id='1829574032' timestamp='2016-01-27T13:31:45Z' uid='16256' user='patzi' version='2' changeset='36837041' lat='51.5270105' lon='9.90156' />
  <node id='1829574034' timestamp='2016-01-27T13:31:45Z' uid='16256' user='patzi' version='2' changeset='36837041' lat='51.5270176' lon='9.9019689' />
  <node id='1829574036' timestamp='2016-01-27T13:31:45Z' uid='16256' user='patzi' version='2' changeset='36837041' lat='51.5270505' lon='9.9017184' />
  <node id='1829574038' timestamp='2016-01-27T13:31:45Z' uid='16256' user='patzi' version='2' changeset='36837041' lat='51.5270721' lon='9.9017938' />
  <node id='2074217091' timestamp='2025-10-30T13:06:15Z' uid='1468043' user='jengelh' version='10' changeset='173975479' lat='51.5271428' lon='9.899409'>
    <tag k='name' v='Grone-Süd' />
    <tag k='place' v='quarter' />
    <tag k='population' v='4749' />
    <tag k='population:date' v='2024-12-31' />
  </node>
  <node id='2449769328' timestamp='2022-02-07T07:19:19Z' uid='12947456' user='hades0299' version='6' changeset='117105231' lat='51.5271846' lon='9.900415'>
    <tag k='crossing' v='uncontrolled' />
    <tag k='crossing:island' v='no' />
    <tag k='highway' v='crossing' />
    <tag k='source' v='hi-res aerial imagery' />
    <tag k='tactile_paving' v='yes' />
    <tag k='traffic_calming' v='choker' />
  </node>
  <node id='2451962041' timestamp='2013-10-20T21:57:34Z' uid='1468043' user='jengelh' version='3' changeset='18459867' lat='51.5289362' lon='9.8991198'>
    <tag k='highway' v='mini_roundabout' />
  </node>
  <node id='2453094635' timestamp='2020-04-01T20:35:15Z' uid='1468043' user='jengelh' version='2' changeset='82943737' lat='51.5260574' lon='9.8998438' />
  <node id='2453094637' timestamp='2020-04-01T20:35:15Z' uid='1468043' user='jengelh' version='2' changeset='82943737' lat='51.5259729' lon='9.8999077' />
  <node id='2453098732' timestamp='2025-08-23T13:18:45Z' uid='1468043' user='jengelh' version='4' changeset='170880560' lat='51.5259373' lon='9.8999848' />
  <node id='2453098733' timestamp='2020-04-04T09:48:23Z' uid='1468043' user='jengelh' version='3' changeset='83065088' lat='51.5259886' lon='9.9001603' />
  <node id='2453165856' timestamp='2015-12-28T22:18:46Z' uid='1468043' user='jengelh' version='2' changeset='36230708' lat='51.5282024' lon='9.9000909' />
  <node id='2453165857' timestamp='2015-12-28T22:18:46Z' uid='1468043' user='jengelh' version='2' changeset='36230708' lat='51.5282439' lon='9.900235' />
  <node id='2453165858' timestamp='2015-12-28T22:18:46Z' uid='1468043' user='jengelh' version='2' changeset='36230708' lat='51.528041' lon='9.9003747' />
  <node id='2453165859' timestamp='2015-12-28T22:18:46Z' uid='1468043' user='jengelh' version='2' changeset='36230708' lat='51.5280596' lon='9.9004396' />
  <node id='2453165860' timestamp='2015-12-28T22:18:46Z' uid='1468043' user='jengelh' version='2' changeset='36230708' lat='51.5280321' lon='9.90046' />
  <node id='2453165861' timestamp='2015-12-28T22:18:46Z' uid='1468043' user='jengelh' version='2' changeset='36230708' lat='51.528023' lon='9.9004282' />
  <node id='2453165862' timestamp='2015-12-28T22:18:46Z' uid='1468043' user='jengelh' version='2' changeset='36230708' lat='51.5277806' lon='9.9006084' />
  <node id='2453165863' timestamp='2015-12-28T22:18:46Z' uid='1468043' user='jengelh' version='2' changeset='36230708' lat='51.5278006' lon='9.900678' />
  <node id='2453165864' timestamp='2015-12-28T22:18:46Z' uid='1468043' user='jengelh' version='2' changeset='36230708' lat='51.527773' lon='9.9006985' />
  <node id='2453165865' timestamp='2015-12-28T22:18:46Z' uid='1468043' user='jengelh' version='2' changeset='36230708' lat='51.5277634' lon='9.9006653' />
  <node id='2453165866' timestamp='2015-12-28T22:18:46Z' uid='1468043' user='jengelh' version='2' changeset='36230708' lat='51.5275279' lon='9.9006766' />
  <node id='2453165867' timestamp='2015-12-28T22:18:46Z' uid='1468043' user='jengelh' version='2' changeset='36230708' lat='51.527569' lon='9.9008194' />
  <node id='2453165868' timestamp='2015-12-28T22:18:46Z' uid='1468043' user='jengelh' version='2' changeset='36230708' lat='51.5277549' lon='9.9005269' />
  <node id='2453165869' timestamp='2015-12-28T22:18:46Z' uid='1468043' user='jengelh' version='2' changeset='36230708' lat='51.5277402' lon='9.900476' />
  <node id='2453165870' timestamp='2015-12-28T22:18:46Z' uid='1468043' user='jengelh' version='2' changeset='36230708' lat='51.5280162' lon='9.9002867' />
  <node id='2453165871' timestamp='2015-12-28T22:18:46Z' uid='1468043' user='jengelh' version='2' changeset='36230708' lat='51.5280026' lon='9.9002396' />
  <node id='2457004469' timestamp='2025-08-23T13:18:45Z' uid='1468043' user='jengelh' version='4' changeset='170880560' lat='51.5275142' lon='9.901077' />
  <node id='2457004470' timestamp='2016-04-09T19:43:45Z' uid='1468043' user='jengelh' version='3' changeset='38436565' lat='51.5275708' lon='9.9012752' />
  <node id='2457004471' timestamp='2016-04-09T19:43:45Z' uid='1468043' user='jengelh' version='4' changeset='38436565' lat='51.5278608' lon='9.9022888' />
  <node id='2457004472' timestamp='2016-04-09T19:43:45Z' uid='1468043' user='jengelh' version='4' changeset='38436565' lat='51.5279276' lon='9.9025222' />
  <node id='2457004473' timestamp='2016-04-09T19:43:45Z' uid='1468043' user='jengelh' version='3' changeset='38436565' lat='51.5279747' lon='9.9026869' />
  <node id='2460695206' timestamp='2015-12-28T22:18:46Z' uid='1468043' user='jengelh' version='2' changeset='36230708' lat='51.5283878' lon='9.9009791' />
  <node id='2460695212' timestamp='2015-12-28T22:18:46Z' uid='1468043' user='jengelh' version='2' changeset='36230708' lat='51.5283997' lon='9.900935' />
  <node id='2460695213' timestamp='2015-12-28T22:18:46Z' uid='1468043' user='jengelh' version='2' changeset='36230708' lat='51.5283258' lon='9.9008168' />
  <node id='2460695215' timestamp='2015-12-28T22:18:46Z' uid='1468043' user='jengelh' version='2' changeset='36230708' lat='51.528337' lon='9.9008554' />
  <node id='2460695216' timestamp='2015-12-28T22:18:46Z' uid='1468043' user='jengelh' version='2' changeset='36230708' lat='51.5282241' lon='9.900893' />
  <node id='2460695217' timestamp='2015-12-28T22:18:46Z' uid='1468043' user='jengelh' version='2' changeset='36230708' lat='51.5282352' lon='9.9009314' />
  <node id='2460695219' timestamp='2015-12-28T22:18:46Z' uid='1468043' user='jengelh' version='2' changeset='36230708' lat='51.5282324' lon='9.9011574' />
  <node id='2460695220' timestamp='2015-12-28T22:18:46Z' uid='1468043' user='jengelh' version='2' changeset='36230708' lat='51.5282565' lon='9.9011394' />
  <node id='2471605793' timestamp='2020-04-04T21:34:37Z' uid='1468043' user='jengelh' version='2' changeset='83083781' lat='51.5258585' lon='9.9014394' />
  <node id='2503344450' timestamp='2016-08-16T13:34:44Z' uid='1468043' user='jengelh' version='2' changeset='41489979' lat='51.5259831' lon='9.8983425' />
  <node id='2503344451' timestamp='2016-08-16T13:34:44Z' uid='1468043' user='jengelh' version='2' changeset='41489979' lat='51.525994' lon='9.8983344' />
  <node id='2503344452' timestamp='2013-10-20T21:57:24Z' uid='1468043' user='jengelh' version='1' changeset='18459867' lat='51.5260621' lon='9.8967649' />
  <node id='2503344453' timestamp='2025-08-23T13:18:45Z' uid='1468043' user='jengelh' version='3' changeset='170880560' lat='51.5260888' lon='9.8992769' />
  <node id='2503344455' timestamp='2016-08-16T13:34:44Z' uid='1468043' user='jengelh' version='2' changeset='41489979' lat='51.526098' lon='9.8983669' />
  <node id='2503344456' timestamp='2016-08-16T13:34:44Z' uid='1468043' user='jengelh' version='2' changeset='41489979' lat='51.5261001' lon='9.8982796' />
  <node id='2503344457' timestamp='2016-08-16T13:34:44Z' uid='1468043' user='jengelh' version='2' changeset='41489979' lat='51.526118' lon='9.8987562' />
  <node id='2503344459' timestamp='2016-08-16T13:34:44Z' uid='1468043' user='jengelh' version='2' changeset='41489979' lat='51.5261328' lon='9.8988076' />
  <node id='2503344463' timestamp='2016-08-16T13:34:44Z' uid='1468043' user='jengelh' version='2' changeset='41489979' lat='51.5262068' lon='9.8986531' />
  <node id='2503344464' timestamp='2016-08-16T13:34:44Z' uid='1468043' user='jengelh' version='2' changeset='41489979' lat='51.5262154' lon='9.8986835' />
  <node id='2503344467' timestamp='2016-08-16T13:34:44Z' uid='1468043' user='jengelh' version='2' changeset='41489979' lat='51.5262876' lon='9.8979683' />
  <node id='2503344468' timestamp='2016-08-16T13:34:44Z' uid='1468043' user='jengelh' version='2' changeset='41489979' lat='51.5262927' lon='9.8979861' />
  <node id='2503344469' timestamp='2016-08-16T13:34:44Z' uid='1468043' user='jengelh' version='2' changeset='41489979' lat='51.5263172' lon='9.8986761' />
  <node id='2503344470' timestamp='2016-08-16T13:34:44Z' uid='1468043' user='jengelh' version='2' changeset='41489979' lat='51.5263264' lon='9.8979612' />
  <node id='2503344471' timestamp='2013-10-20T21:57:24Z' uid='1468043' user='jengelh' version='1' changeset='18459867' lat='51.5263388' lon='9.8990871' />
  <node id='2503344472' timestamp='2016-08-16T13:34:44Z' uid='1468043' user='jengelh' version='2' changeset='41489979' lat='51.5263541' lon='9.898805' />
  <node id='2503344473' timestamp='2016-08-16T13:34:44Z' uid='1468043' user='jengelh' version='2' changeset='41489979' lat='51.5263742' lon='9.898614' />
  <node id='2503344474' timestamp='2016-08-16T13:34:44Z' uid='1468043' user='jengelh' version='2' changeset='41489979' lat='51.5263731' lon='9.8980775' />
  <node id='2503344475' timestamp='2023-10-31T14:31:24Z' uid='1468043' user='jengelh' version='3' changeset='143424791' lat='51.5263789' lon='9.8986304' />
  <node id='2503344476' timestamp='2016-08-16T13:34:44Z' uid='1468043' user='jengelh' version='2' changeset='41489979' lat='51.526415' lon='9.8987599' />
  <node id='2503344478' timestamp='2016-08-16T13:34:44Z' uid='1468043' user='jengelh' version='2' changeset='41489979' lat='51.5264444' lon='9.8988627' />
  <node id='2503344479' timestamp='2016-08-16T13:34:44Z' uid='1468043' user='jengelh' version='2' changeset='41489979' lat='51.5264968' lon='9.8985233' />
  <node id='2503344480' timestamp='2013-10-20T21:57:24Z' uid='1468043' user='jengelh' version='1' changeset='18459867' lat='51.5264971' lon='9.9005671' />
  <node id='2503344481' timestamp='2016-08-16T13:34:44Z' uid='1468043' user='jengelh' version='2' changeset='41489979' lat='51.5265046' lon='9.8985506' />
  <node id='2503344482' timestamp='2013-10-20T21:57:24Z' uid='1468043' user='jengelh' version='1' changeset='18459867' lat='51.5265373' lon='9.8989023' />
  <node id='2503344483' timestamp='2023-03-01T10:30:45Z' uid='1468043' user='jengelh' version='3' changeset='133165501' lat='51.5265922' lon='9.8986968' />
  <node id='2503344484' timestamp='2023-03-01T10:30:45Z' uid='1468043' user='jengelh' version='3' changeset='133165501' lat='51.5266056' lon='9.8987435' />
  <node id='2503344485' timestamp='2016-08-16T13:34:44Z' uid='1468043' user='jengelh' version='2' changeset='41489979' lat='51.526564' lon='9.8985067' />
  <node id='2503344486' timestamp='2016-08-16T13:34:44Z' uid='1468043' user='jengelh' version='2' changeset='41489979' lat='51.5266139' lon='9.8986807' />
  <node id='2503344487' timestamp='2017-05-06T20:32:52Z' uid='1468043' user='jengelh' version='2' changeset='48461328' lat='51.5267821' lon='9.9007102' />
  <node id='2503344489' timestamp='2013-10-20T21:57:25Z' uid='1468043' user='jengelh' version='1' changeset='18459867' lat='51.5273206' lon='9.8995316' />
  <node id='2503344490' timestamp='2013-10-20T21:57:25Z' uid='1468043' user='jengelh' version='1' changeset='18459867' lat='51.5273239' lon='9.8994279' />
  <node id='2503344491' timestamp='2013-10-20T21:57:25Z' uid='1468043' user='jengelh' version='1' changeset='18459867' lat='51.5273606' lon='9.8992418' />
  <node id='2503344492' timestamp='2013-10-20T21:57:25Z' uid='1468043' user='jengelh' version='1' changeset='18459867' lat='51.5274346' lon='9.8990934' />
  <node id='2503344499' timestamp='2013-10-20T21:57:25Z' uid='1468043' user='jengelh' version='1' changeset='18459867' lat='51.5275354' lon='9.8987679' />
  <node id='2503344506' timestamp='2013-10-20T21:57:25Z' uid='1468043' user='jengelh' version='1' changeset='18459867' lat='51.52761' lon='9.8987143' />
  <node id='2503344510' timestamp='2025-08-23T12:46:03Z' uid='1468043' user='jengelh' version='3' changeset='170879038' lat='51.5273048' lon='9.8960431' />
  <node id='2503344522' timestamp='2013-10-20T21:57:25Z' uid='1468043' user='jengelh' version='1' changeset='18459867' lat='51.5278315' lon='9.8997926' />
  <node id='2503344525' timestamp='2013-10-20T21:57:25Z' uid='1468043' user='jengelh' version='1' changeset='18459867' lat='51.5278933' lon='9.8996861' />
  <node id='2503344527' timestamp='2013-10-20T21:57:25Z' uid='1468043' user='jengelh' version='1' changeset='18459867' lat='51.5279187' lon='9.8996667' />
  <node id='2503344551' timestamp='2013-10-20T21:57:26Z' uid='1468043' user='jengelh' version='1' changeset='18459867' lat='51.5287805' lon='9.8990375' />
  <node id='2503344553' timestamp='2025-05-24T11:29:33Z' uid='44217' user='kjon' version='7' changeset='166692511' lat='51.5288271' lon='9.8992005'>
    <tag k='crossing' v='unmarked' />
    <tag k='crossing:island' v='no' />
    <tag k='crossing:markings' v='no' />
    <tag k='highway' v='crossing' />
    <tag k='tactile_paving' v='no' />
  </node>
  <node id='2503344554' timestamp='2013-10-20T21:57:26Z' uid='1468043' user='jengelh' version='1' changeset='18459867' lat='51.5288484' lon='9.8992749' />
  <node id='2503344555' timestamp='2025-05-24T11:29:33Z' uid='44217' user='kjon' version='6' changeset='166692511' lat='51.5288905' lon='9.8989537'>
    <tag k='crossing' v='unmarked' />
    <tag k='crossing:island' v='no' />
    <tag k='crossing:markings' v='no' />
    <tag k='highway' v='crossing' />
    <tag k='tactile_paving' v='no' />
  </node>
  <node id='2503344556' timestamp='2013-10-20T21:57:26Z' uid='1468043' user='jengelh' version='1' changeset='18459867' lat='51.5289291' lon='9.8989261' />
  <node id='2503344557' timestamp='2013-10-20T21:57:26Z' uid='1468043' user='jengelh' version='1' changeset='18459867' lat='51.5289425' lon='9.8993089' />
  <node id='2503344558' timestamp='2025-05-24T11:29:33Z' uid='44217' user='kjon' version='6' changeset='166692511' lat='51.5289831' lon='9.8992824'>
    <tag k='crossing' v='unmarked' />
    <tag k='crossing:island' v='no' />
    <tag k='crossing:markings' v='no' />
    <tag k='highway' v='crossing' />
    <tag k='tactile_paving' v='no' />
  </node>
  <node id='2503344559' timestamp='2013-10-20T21:57:26Z' uid='1468043' user='jengelh' version='1' changeset='18459867' lat='51.529032' lon='9.8989664' />
  <node id='2503344560' timestamp='2013-10-20T21:57:26Z' uid='1468043' user='jengelh' version='1' changeset='18459867' lat='51.5290465' lon='9.8992436' />
  <node id='2503344561' timestamp='2025-05-24T11:29:33Z' uid='44217' user='kjon' version='6' changeset='166692511' lat='51.5290521' lon='9.8990302'>
    <tag k='crossing' v='unmarked' />
    <tag k='crossing:island' v='no' />
    <tag k='crossing:markings' v='no' />
    <tag k='highway' v='crossing' />
    <tag k='tactile_paving' v='no' />
  </node>
  <node id='2503344562' timestamp='2013-10-20T21:57:26Z' uid='1468043' user='jengelh' version='1' changeset='18459867' lat='51.5290704' lon='9.8990988' />
  <node id='2503371860' timestamp='2013-10-20T22:50:34Z' uid='1468043' user='jengelh' version='1' changeset='18460888' lat='51.5255215' lon='9.8963596' />
  <node id='2503371864' timestamp='2013-10-20T22:50:34Z' uid='1468043' user='jengelh' version='1' changeset='18460888' lat='51.5255644' lon='9.8965127' />
  <node id='2503371876' timestamp='2013-10-20T22:50:34Z' uid='1468043' user='jengelh' version='1' changeset='18460888' lat='51.5255982' lon='9.8964513' />
  <node id='2503371880' timestamp='2013-10-20T22:50:34Z' uid='1468043' user='jengelh' version='1' changeset='18460888' lat='51.5256045' lon='9.8964867' />
  <node id='2503371907' timestamp='2013-10-20T22:50:34Z' uid='1468043' user='jengelh' version='1' changeset='18460888' lat='51.5257446' lon='9.8963463' />
  <node id='2503371926' timestamp='2013-10-20T22:50:34Z' uid='1468043' user='jengelh' version='1' changeset='18460888' lat='51.5257822' lon='9.8980153' />
  <node id='2503371928' timestamp='2013-10-20T22:50:34Z' uid='1468043' user='jengelh' version='1' changeset='18460888' lat='51.5257867' lon='9.89667' />
  <node id='2503371932' timestamp='2013-10-20T22:50:34Z' uid='1468043' user='jengelh' version='1' changeset='18460888' lat='51.5257986' lon='9.8966989' />
  <node id='2503371936' timestamp='2013-10-20T22:50:34Z' uid='1468043' user='jengelh' version='1' changeset='18460888' lat='51.5258245' lon='9.8966797' />
  <node id='2503371938' timestamp='2013-10-20T22:50:34Z' uid='1468043' user='jengelh' version='1' changeset='18460888' lat='51.5258255' lon='9.8961276' />
  <node id='2503371964' timestamp='2013-10-20T22:50:35Z' uid='1468043' user='jengelh' version='1' changeset='18460888' lat='51.5259111' lon='9.897873' />
  <node id='2503371976' timestamp='2013-10-20T22:50:35Z' uid='1468043' user='jengelh' version='1' changeset='18460888' lat='51.5259234' lon='9.8979158' />
  <node id='2503371982' timestamp='2013-10-20T22:50:35Z' uid='1468043' user='jengelh' version='1' changeset='18460888' lat='51.5259326' lon='9.8968771' />
  <node id='2503371992' timestamp='2013-10-20T22:50:35Z' uid='1468043' user='jengelh' version='1' changeset='18460888' lat='51.5259566' lon='9.8969606' />
  <node id='2503371995' timestamp='2013-10-20T22:50:35Z' uid='1468043' user='jengelh' version='1' changeset='18460888' lat='51.525957' lon='9.896859' />
  <node id='2503371999' timestamp='2013-10-20T22:50:35Z' uid='1468043' user='jengelh' version='1' changeset='18460888' lat='51.5259586' lon='9.8978377' />
  <node id='2503372002' timestamp='2013-10-20T22:50:35Z' uid='1468043' user='jengelh' version='1' changeset='18460888' lat='51.5259599' lon='9.8969582' />
  <node id='2503372011' timestamp='2013-10-20T22:50:35Z' uid='1468043' user='jengelh' version='1' changeset='18460888' lat='51.5259711' lon='9.897881' />
  <node id='2503372014' timestamp='2013-10-20T22:50:35Z' uid='1468043' user='jengelh' version='1' changeset='18460888' lat='51.5259759' lon='9.897014' />
  <node id='2503372017' timestamp='2013-10-20T22:50:35Z' uid='1468043' user='jengelh' version='1' changeset='18460888' lat='51.5259795' lon='9.8970113' />
  <node id='2503372029' timestamp='2013-10-20T22:50:35Z' uid='1468043' user='jengelh' version='1' changeset='18460888' lat='51.5259908' lon='9.8971577' />
  <node id='2503372041' timestamp='2013-10-20T22:50:35Z' uid='1468043' user='jengelh' version='1' changeset='18460888' lat='51.5260037' lon='9.8970954' />
  <node id='2503372044' timestamp='2013-10-20T22:50:35Z' uid='1468043' user='jengelh' version='1' changeset='18460888' lat='51.5260062' lon='9.8970935' />
  <node id='2503372049' timestamp='2013-10-20T22:50:36Z' uid='1468043' user='jengelh' version='1' changeset='18460888' lat='51.5260125' lon='9.8972332' />
  <node id='2503372055' timestamp='2013-10-20T22:50:36Z' uid='1468043' user='jengelh' version='1' changeset='18460888' lat='51.5260187' lon='9.897137' />
  <node id='2503372061' timestamp='2013-10-20T22:50:36Z' uid='1468043' user='jengelh' version='1' changeset='18460888' lat='51.5260338' lon='9.8977579' />
  <node id='2503372063' timestamp='2013-10-20T22:50:36Z' uid='1468043' user='jengelh' version='1' changeset='18460888' lat='51.5260408' lon='9.8972122' />
  <node id='2503372066' timestamp='2013-10-20T22:50:36Z' uid='1468043' user='jengelh' version='1' changeset='18460888' lat='51.5260519' lon='9.897821' />
  <node id='2503372069' timestamp='2013-10-20T22:50:36Z' uid='1468043' user='jengelh' version='1' changeset='18460888' lat='51.5260927' lon='9.8975105' />
  <node id='2503372072' timestamp='2013-10-20T22:50:36Z' uid='1468043' user='jengelh' version='1' changeset='18460888' lat='51.5261151' lon='9.8975886' />
  <node id='2503372077' timestamp='2013-10-20T22:50:36Z' uid='1468043' user='jengelh' version='1' changeset='18460888' lat='51.5261205' lon='9.8974898' />
  <node id='2503372080' timestamp='2013-10-20T22:50:36Z' uid='1468043' user='jengelh' version='1' changeset='18460888' lat='51.5261217' lon='9.8970972' />
  <node id='2503372091' timestamp='2013-10-20T22:50:36Z' uid='1468043' user='jengelh' version='1' changeset='18460888' lat='51.5261827' lon='9.8975384' />
  <node id='2503372099' timestamp='2016-06-19T19:55:39Z' uid='1468043' user='jengelh' version='2' changeset='40143308' lat='51.5262263' lon='9.8970144' />
  <node id='2503372108' timestamp='2013-10-20T22:50:36Z' uid='1468043' user='jengelh' version='1' changeset='18460888' lat='51.5262581' lon='9.899634' />
  <node id='2503372112' timestamp='2013-10-20T22:50:36Z' uid='1468043' user='jengelh' version='1' changeset='18460888' lat='51.5262784' lon='9.8996189' />
  <node id='2503372117' timestamp='2016-06-19T19:55:39Z' uid='1468043' user='jengelh' version='2' changeset='40143308' lat='51.5262957' lon='9.8969653' />
  <node id='2503372139' timestamp='2016-02-27T21:40:38Z' uid='1468043' user='jengelh' version='2' changeset='37489864' lat='51.5263931' lon='9.897303' />
  <node id='2503372141' timestamp='2016-02-27T21:40:38Z' uid='1468043' user='jengelh' version='2' changeset='37489864' lat='51.5264146' lon='9.8972871' />
  <node id='2503372145' timestamp='2016-02-27T21:40:38Z' uid='1468043' user='jengelh' version='2' changeset='37489864' lat='51.5264235' lon='9.8973763' />
  <node id='2503372147' timestamp='2013-10-20T22:50:37Z' uid='1468043' user='jengelh' version='1' changeset='18460888' lat='51.5264314' lon='9.8993978' />
  <node id='2503372148' timestamp='2016-02-27T21:40:38Z' uid='1468043' user='jengelh' version='2' changeset='37489864' lat='51.5264372' lon='9.8973662' />
  <node id='2503372150' timestamp='2013-10-20T22:50:37Z' uid='1468043' user='jengelh' version='1' changeset='18460888' lat='51.5264467' lon='9.8963391' />
  <node id='2503372152' timestamp='2025-08-23T13:18:45Z' uid='1468043' user='jengelh' version='2' changeset='170880560' lat='51.5264468' lon='9.8993864' />
  <node id='2503372154' timestamp='2013-10-20T22:50:37Z' uid='1468043' user='jengelh' version='1' changeset='18460888' lat='51.5264738' lon='9.9002962' />
  <node id='2503372156' timestamp='2013-10-20T22:50:37Z' uid='1468043' user='jengelh' version='1' changeset='18460888' lat='51.5264827' lon='9.9003344' />
  <node id='2503372163' timestamp='2013-10-20T22:50:37Z' uid='1468043' user='jengelh' version='1' changeset='18460888' lat='51.5265055' lon='9.9003857' />
  <node id='2503372165' timestamp='2013-10-20T22:50:37Z' uid='1468043' user='jengelh' version='1' changeset='18460888' lat='51.5265197' lon='9.8984773' />
  <node id='2503372166' timestamp='2013-10-20T22:50:37Z' uid='1468043' user='jengelh' version='1' changeset='18460888' lat='51.526524' lon='9.9004135' />
  <node id='2503372167' timestamp='2025-08-23T13:18:45Z' uid='1468043' user='jengelh' version='2' changeset='170880560' lat='51.5265339' lon='9.9000821' />
  <node id='2503372168' timestamp='2013-10-20T22:50:37Z' uid='1468043' user='jengelh' version='1' changeset='18460888' lat='51.5265483' lon='9.8984571' />
  <node id='2503372169' timestamp='2013-10-20T22:50:37Z' uid='1468043' user='jengelh' version='1' changeset='18460888' lat='51.5265656' lon='9.8967744' />
  <node id='2503372170' timestamp='2013-10-20T22:50:37Z' uid='1468043' user='jengelh' version='1' changeset='18460888' lat='51.5265657' lon='9.9004755' />
  <node id='2503372171' timestamp='2013-10-20T22:50:37Z' uid='1468043' user='jengelh' version='1' changeset='18460888' lat='51.5265741' lon='9.9002214' />
  <node id='2503372172' timestamp='2016-08-16T12:21:31Z' uid='1468043' user='jengelh' version='2' changeset='41488594' lat='51.5265809' lon='9.9002274' />
  <node id='2503372173' timestamp='2016-08-16T12:21:31Z' uid='1468043' user='jengelh' version='2' changeset='41488594' lat='51.5265942' lon='9.9002174' />
  <node id='2503372174' timestamp='2013-10-20T22:50:37Z' uid='1468043' user='jengelh' version='1' changeset='18460888' lat='51.5266027' lon='9.9005014' />
  <node id='2503372175' timestamp='2013-10-20T22:50:37Z' uid='1468043' user='jengelh' version='1' changeset='18460888' lat='51.5266192' lon='9.9004046' />
  <node id='2503372176' timestamp='2016-02-27T21:40:38Z' uid='1468043' user='jengelh' version='2' changeset='37489864' lat='51.5266389' lon='9.8980745' />
  <node id='2503372177' timestamp='2016-08-16T12:21:31Z' uid='1468043' user='jengelh' version='2' changeset='41488594' lat='51.5266431' lon='9.9004871' />
  <node id='2503372178' timestamp='2016-08-16T12:21:31Z' uid='1468043' user='jengelh' version='2' changeset='41488594' lat='51.5266487' lon='9.900033' />
  <node id='2503372179' timestamp='2016-08-16T12:21:31Z' uid='1468043' user='jengelh' version='2' changeset='41488594' lat='51.5266619' lon='9.9000785' />
  <node id='2503372180' timestamp='2016-08-16T12:21:31Z' uid='1468043' user='jengelh' version='2' changeset='41488594' lat='51.5266671' lon='9.9004692' />
  <node id='2503372181' timestamp='2016-02-27T21:40:38Z' uid='1468043' user='jengelh' version='2' changeset='37489864' lat='51.5266817' lon='9.8982239' />
  <node id='2503372182' timestamp='2016-08-16T12:21:31Z' uid='1468043' user='jengelh' version='2' changeset='41488594' lat='51.5266845' lon='9.8999686' />
  <node id='2503372183' timestamp='2021-11-11T20:03:19Z' uid='1468043' user='jengelh' version='3' changeset='113666999' lat='51.5267066' lon='9.9000451' />
  <node id='2503372184' timestamp='2016-02-27T21:40:38Z' uid='1468043' user='jengelh' version='2' changeset='37489864' lat='51.5267278' lon='9.8980036' />
  <node id='2503372185' timestamp='2016-08-16T12:21:31Z' uid='1468043' user='jengelh' version='2' changeset='41488594' lat='51.5267329' lon='9.8999323' />
  <node id='2503372187' timestamp='2016-08-16T12:21:31Z' uid='1468043' user='jengelh' version='2' changeset='41488594' lat='51.5267537' lon='9.8994536' />
  <node id='2503372188' timestamp='2016-08-16T12:21:31Z' uid='1468043' user='jengelh' version='2' changeset='41488594' lat='51.526755' lon='9.9000088' />
  <node id='2503372189' timestamp='2016-08-16T12:21:31Z' uid='1468043' user='jengelh' version='2' changeset='41488594' lat='51.5267682' lon='9.8994427' />
  <node id='2503372190' timestamp='2016-02-27T21:40:38Z' uid='1468043' user='jengelh' version='2' changeset='37489864' lat='51.5267718' lon='9.8981572' />
  <node id='2503372191' timestamp='2013-10-20T22:50:38Z' uid='1468043' user='jengelh' version='1' changeset='18460888' lat='51.5268007' lon='9.9006305' />
  <node id='2503372192' timestamp='2013-10-20T22:50:38Z' uid='1468043' user='jengelh' version='1' changeset='18460888' lat='51.5268255' lon='9.900625' />
  <node id='2503372193' timestamp='2016-08-16T12:21:31Z' uid='1468043' user='jengelh' version='2' changeset='41488594' lat='51.5268516' lon='9.8992681' />
  <node id='2503372194' timestamp='2016-08-16T12:21:31Z' uid='1468043' user='jengelh' version='2' changeset='41488594' lat='51.5268549' lon='9.8992656' />
  <node id='2503372195' timestamp='2013-10-20T22:50:38Z' uid='1468043' user='jengelh' version='1' changeset='18460888' lat='51.5268636' lon='9.9006044' />
  <node id='2503372196' timestamp='2013-10-20T22:50:38Z' uid='1468043' user='jengelh' version='1' changeset='18460888' lat='51.5269345' lon='9.8991984' />
  <node id='2503372206' timestamp='2016-08-16T12:21:31Z' uid='1468043' user='jengelh' version='2' changeset='41488594' lat='51.5270486' lon='9.9002573' />
  <node id='2503372208' timestamp='2016-08-16T12:21:31Z' uid='1468043' user='jengelh' version='2' changeset='41488594' lat='51.5270606' lon='9.900354' />
  <node id='2503372213' timestamp='2013-10-20T22:50:38Z' uid='1468043' user='jengelh' version='1' changeset='18460888' lat='51.527088' lon='9.899742' />
  <node id='2503372237' timestamp='2013-10-20T22:50:39Z' uid='1468043' user='jengelh' version='1' changeset='18460888' lat='51.527338' lon='9.8995388' />
  <node id='2503372242' timestamp='2013-10-20T22:50:39Z' uid='1468043' user='jengelh' version='1' changeset='18460888' lat='51.5274064' lon='9.899784' />
  <node id='2503372244' timestamp='2013-10-20T22:50:39Z' uid='1468043' user='jengelh' version='1' changeset='18460888' lat='51.5274173' lon='9.8992565' />
  <node id='2503372245' timestamp='2025-04-19T10:34:07Z' uid='1468043' user='jengelh' version='2' changeset='165147310' lat='51.5274278' lon='9.8991986' />
  <node id='2503372248' timestamp='2013-10-20T22:50:39Z' uid='1468043' user='jengelh' version='1' changeset='18460888' lat='51.5274407' lon='9.8995051' />
  <node id='2503372250' timestamp='2016-01-27T09:44:13Z' uid='1468043' user='jengelh' version='2' changeset='36833193' lat='51.5274684' lon='9.8993717' />
  <node id='2503372251' timestamp='2013-10-20T22:50:39Z' uid='1468043' user='jengelh' version='1' changeset='18460888' lat='51.5274701' lon='9.8996097' />
  <node id='2503372254' timestamp='2016-01-27T09:44:13Z' uid='1468043' user='jengelh' version='2' changeset='36833193' lat='51.5274885' lon='9.8993565' />
  <node id='2503372255' timestamp='2013-10-20T22:50:39Z' uid='1468043' user='jengelh' version='1' changeset='18460888' lat='51.5274913' lon='9.8991071' />
  <node id='2503372256' timestamp='2013-10-20T22:50:39Z' uid='1468043' user='jengelh' version='1' changeset='18460888' lat='51.5275042' lon='9.8987712' />
  <node id='2503372257' timestamp='2013-10-20T22:50:39Z' uid='1468043' user='jengelh' version='1' changeset='18460888' lat='51.5275263' lon='9.8990392' />
  <node id='2503372258' timestamp='2013-10-20T22:50:39Z' uid='1468043' user='jengelh' version='1' changeset='18460888' lat='51.5275291' lon='9.8996956' />
  <node id='2503372259' timestamp='2013-10-20T22:50:39Z' uid='1468043' user='jengelh' version='1' changeset='18460888' lat='51.5275308' lon='9.8990839' />
  <node id='2503372260' timestamp='2016-01-27T09:44:13Z' uid='1468043' user='jengelh' version='2' changeset='36833193' lat='51.5275492' lon='9.8996499' />
  <node id='2503372261' timestamp='2016-01-27T09:44:13Z' uid='1468043' user='jengelh' version='2' changeset='36833193' lat='51.5275694' lon='9.8996347' />
  <node id='2503372262' timestamp='2013-10-20T22:50:39Z' uid='1468043' user='jengelh' version='1' changeset='18460888' lat='51.5275772' lon='9.8990206' />
  <node id='2503372263' timestamp='2013-10-20T22:50:39Z' uid='1468043' user='jengelh' version='1' changeset='18460888' lat='51.5276015' lon='9.8999549' />
  <node id='2503372264' timestamp='2025-08-24T09:51:00Z' uid='1468043' user='jengelh' version='2' changeset='170914867' lat='51.5276307' lon='9.8993567' />
  <node id='2503372265' timestamp='2025-08-24T09:51:00Z' uid='1468043' user='jengelh' version='2' changeset='170914867' lat='51.5276687' lon='9.8993286' />
  <node id='2503372266' timestamp='2013-10-20T22:50:40Z' uid='1468043' user='jengelh' version='1' changeset='18460888' lat='51.527715' lon='9.8998691' />
  <node id='2503372267' timestamp='2013-10-20T22:50:40Z' uid='1468043' user='jengelh' version='1' changeset='18460888' lat='51.5277367' lon='9.8999576' />
  <node id='2503372268' timestamp='2025-08-24T09:51:00Z' uid='1468043' user='jengelh' version='2' changeset='170914867' lat='51.5277407' lon='9.8997408' />
  <node id='2503372269' timestamp='2025-08-24T09:51:00Z' uid='1468043' user='jengelh' version='2' changeset='170914867' lat='51.5277789' lon='9.8997124' />
  <node id='2503372270' timestamp='2013-10-20T22:50:40Z' uid='1468043' user='jengelh' version='1' changeset='18460888' lat='51.5278061' lon='9.8998022' />
  <node id='2503372271' timestamp='2013-10-20T22:50:40Z' uid='1468043' user='jengelh' version='1' changeset='18460888' lat='51.5278284' lon='9.8998884' />
  <node id='2503383030' timestamp='2013-10-20T23:15:46Z' uid='1468043' user='jengelh' version='1' changeset='18461100' lat='51.5263843' lon='9.896145' />
  <node id='2503383033' timestamp='2013-10-20T23:15:46Z' uid='1468043' user='jengelh' version='1' changeset='18461100' lat='51.5267906' lon='9.8957239' />
  <node id='2503383034' timestamp='2013-10-20T23:15:46Z' uid='1468043' user='jengelh' version='1' changeset='18461100' lat='51.526791' lon='9.8957011' />
  <node id='2503383035' timestamp='2013-10-20T23:15:46Z' uid='1468043' user='jengelh' version='1' changeset='18461100' lat='51.5267945' lon='9.8956828' />
  <node id='2503383036' timestamp='2013-10-20T23:15:46Z' uid='1468043' user='jengelh' version='1' changeset='18461100' lat='51.5268154' lon='9.8958156' />
  <node id='2503383045' timestamp='2013-10-20T23:15:46Z' uid='1468043' user='jengelh' version='1' changeset='18461100' lat='51.5270973' lon='9.8969976' />
  <node id='2503383047' timestamp='2016-02-27T21:44:01Z' uid='1468043' user='jengelh' version='2' changeset='37489935' lat='51.5271385' lon='9.8959756' />
  <node id='2503383048' timestamp='2016-02-27T21:44:01Z' uid='1468043' user='jengelh' version='2' changeset='37489935' lat='51.5271622' lon='9.8960589' />
  <node id='2503383049' timestamp='2016-02-27T21:44:01Z' uid='1468043' user='jengelh' version='2' changeset='37489935' lat='51.5271831' lon='9.8961325' />
  <node id='2503383058' timestamp='2013-10-20T23:15:46Z' uid='1468043' user='jengelh' version='1' changeset='18461100' lat='51.5272703' lon='9.89687' />
  <node id='2503383061' timestamp='2026-04-23T20:49:50Z' uid='1468043' user='jengelh' version='2' changeset='181737456' lat='51.5273051' lon='9.8977077' />
  <node id='2503383066' timestamp='2013-10-20T23:15:46Z' uid='1468043' user='jengelh' version='1' changeset='18461100' lat='51.5273316' lon='9.8952904' />
  <node id='2503383068' timestamp='2016-06-19T20:55:17Z' uid='1468043' user='jengelh' version='2' changeset='40144369' lat='51.5273435' lon='9.8977234' />
  <node id='2503383071' timestamp='2019-02-13T01:06:14Z' uid='1468043' user='jengelh' version='2' changeset='67148115' lat='51.5273669' lon='9.8971977' />
  <node id='2503383076' timestamp='2016-06-19T20:55:17Z' uid='1468043' user='jengelh' version='2' changeset='40144369' lat='51.5273869' lon='9.8975936' />
  <node id='2503383081' timestamp='2016-02-27T21:44:01Z' uid='1468043' user='jengelh' version='2' changeset='37489935' lat='51.5274005' lon='9.8957829' />
  <node id='2503383083' timestamp='2016-06-19T20:55:17Z' uid='1468043' user='jengelh' version='2' changeset='40144369' lat='51.5274102' lon='9.8976729' />
  <node id='2503383084' timestamp='2013-10-20T23:15:47Z' uid='1468043' user='jengelh' version='1' changeset='18461100' lat='51.527414' lon='9.8957698' />
  <node id='2503383090' timestamp='2013-10-20T23:15:47Z' uid='1468043' user='jengelh' version='1' changeset='18461100' lat='51.5274284' lon='9.8957385' />
  <node id='2503383091' timestamp='2013-10-20T23:15:47Z' uid='1468043' user='jengelh' version='1' changeset='18461100' lat='51.527429' lon='9.895632' />
  <node id='2503383093' timestamp='2013-10-20T23:15:47Z' uid='1468043' user='jengelh' version='1' changeset='18461100' lat='51.5274346' lon='9.8957063' />
  <node id='2503383095' timestamp='2013-10-20T23:15:47Z' uid='1468043' user='jengelh' version='1' changeset='18461100' lat='51.5274351' lon='9.8956714' />
  <node id='2503383114' timestamp='2013-10-20T23:15:47Z' uid='1468043' user='jengelh' version='1' changeset='18461100' lat='51.5274556' lon='9.897293' />
  <node id='2503383167' timestamp='2016-02-27T21:44:01Z' uid='1468043' user='jengelh' version='2' changeset='37489935' lat='51.5275805' lon='9.8957513' />
  <node id='2503383169' timestamp='2016-02-27T21:44:01Z' uid='1468043' user='jengelh' version='2' changeset='37489935' lat='51.5276014' lon='9.8958249' />
  <node id='2503383171' timestamp='2016-08-16T19:01:30Z' uid='1468043' user='jengelh' version='2' changeset='41496722' lat='51.5276029' lon='9.8957372' />
  <node id='2503383177' timestamp='2016-08-16T19:01:30Z' uid='1468043' user='jengelh' version='2' changeset='41496722' lat='51.5277164' lon='9.8956528' />
  <node id='2503383180' timestamp='2016-08-16T19:01:30Z' uid='1468043' user='jengelh' version='2' changeset='41496722' lat='51.5277367' lon='9.8957231' />
  <node id='2503383185' timestamp='2013-10-20T23:15:48Z' uid='1468043' user='jengelh' version='1' changeset='18461100' lat='51.5277809' lon='9.8957638' />
  <node id='2503383189' timestamp='2013-10-20T23:15:48Z' uid='1468043' user='jengelh' version='1' changeset='18461100' lat='51.5277967' lon='9.8961812' />
  <node id='2503383193' timestamp='2013-10-20T23:15:48Z' uid='1468043' user='jengelh' version='1' changeset='18461100' lat='51.5278273' lon='9.8959206' />
  <node id='2503383195' timestamp='2013-10-20T23:15:48Z' uid='1468043' user='jengelh' version='1' changeset='18461100' lat='51.5278529' lon='9.8963752' />
  <node id='2503383202' timestamp='2016-02-07T20:32:04Z' uid='1468043' user='jengelh' version='2' changeset='37067646' lat='51.5278903' lon='9.8964304' />
  <node id='2503383205' timestamp='2013-10-20T23:15:48Z' uid='1468043' user='jengelh' version='1' changeset='18461100' lat='51.5278957' lon='9.8996669' />
  <node id='2503383206' timestamp='2016-02-07T20:32:04Z' uid='1468043' user='jengelh' version='2' changeset='37067646' lat='51.5279259' lon='9.896763' />
  <node id='2503383209' timestamp='2016-02-07T20:32:04Z' uid='1468043' user='jengelh' version='2' changeset='37067646' lat='51.5279501' lon='9.8968487' />
  <node id='2503383210' timestamp='2013-10-20T23:15:48Z' uid='1468043' user='jengelh' version='1' changeset='18461100' lat='51.5279697' lon='9.8969102' />
  <node id='2503383211' timestamp='2016-02-07T20:32:04Z' uid='1468043' user='jengelh' version='2' changeset='37067646' lat='51.5279743' lon='9.8967277' />
  <node id='2503383216' timestamp='2013-10-20T23:15:48Z' uid='1468043' user='jengelh' version='1' changeset='18461100' lat='51.5281785' lon='9.8970088' />
  <node id='2503383217' timestamp='2013-10-20T23:15:48Z' uid='1468043' user='jengelh' version='1' changeset='18461100' lat='51.5282139' lon='9.8970295' />
  <node id='2503383218' timestamp='2013-10-20T23:15:48Z' uid='1468043' user='jengelh' version='1' changeset='18461100' lat='51.528757' lon='9.8990211' />
  <node id='2503383219' timestamp='2013-10-20T23:15:48Z' uid='1468043' user='jengelh' version='1' changeset='18461100' lat='51.5287723' lon='9.8989534' />
  <node id='2509897203' timestamp='2013-10-27T01:03:51Z' uid='1468043' user='jengelh' version='1' changeset='18559837' lat='51.5283261' lon='9.8996743' />
  <node id='2509897210' timestamp='2013-10-27T01:03:51Z' uid='1468043' user='jengelh' version='1' changeset='18559837' lat='51.5285733' lon='9.9005338' />
  <node id='2915628059' timestamp='2016-08-16T12:21:31Z' uid='1468043' user='jengelh' version='2' changeset='41488594' lat='51.52671' lon='9.8993026' />
  <node id='3309531111' timestamp='2018-06-27T22:53:02Z' uid='1468043' user='jengelh' version='6' changeset='60230698' lat='51.5271347' lon='9.9004522'>
    <tag k='bus' v='yes' />
    <tag k='name' v='Elmweg' />
    <tag k='public_transport' v='stop_position' />
  </node>
  <node id='3309531112' timestamp='2018-06-27T22:53:02Z' uid='1468043' user='jengelh' version='7' changeset='60230698' lat='51.527592' lon='9.9001139'>
    <tag k='bus' v='yes' />
    <tag k='name' v='Elmweg' />
    <tag k='public_transport' v='stop_position' />
  </node>
  <node id='3309531113' timestamp='2018-06-27T22:53:03Z' uid='1468043' user='jengelh' version='6' changeset='60230698' lat='51.5256727' lon='9.8978474'>
    <tag k='bus' v='yes' />
    <tag k='name' v='Sollingstraße' />
    <tag k='public_transport' v='stop_position' />
  </node>
  <node id='3309531114' timestamp='2025-08-23T13:18:45Z' uid='1468043' user='jengelh' version='7' changeset='170880560' lat='51.5258674' lon='9.8985234'>
    <tag k='bus' v='yes' />
    <tag k='name' v='Sollingstraße' />
    <tag k='public_transport' v='stop_position' />
  </node>
  <node id='3309531136' timestamp='2023-08-20T13:29:10Z' uid='1468043' user='jengelh' version='4' changeset='140133029' lat='51.5270657' lon='9.9006038'>
    <tag k='amenity' v='waste_basket' />
    <tag k='survey:date' v='2022-02-07' />
  </node>
  <node id='3309531137' timestamp='2015-01-25T13:09:01Z' uid='1468043' user='jengelh' version='1' changeset='28395091' lat='51.5270735' lon='9.9006324' />
  <node id='3309531138' timestamp='2023-08-20T13:26:39Z' uid='1468043' user='jengelh' version='5' changeset='140132860' lat='51.5270947' lon='9.9006108'>
    <tag k='amenity' v='bench' />
    <tag k='backrest' v='yes' />
    <tag k='seats' v='3' />
    <tag k='survey:date' v='2022-02-07' />
  </node>
  <node id='3309531139' timestamp='2015-01-25T13:09:01Z' uid='1468043' user='jengelh' version='1' changeset='28395091' lat='51.5271117' lon='9.900571' />
  <node id='3309531140' timestamp='2015-01-25T13:09:01Z' uid='1468043' user='jengelh' version='1' changeset='28395091' lat='51.5271196' lon='9.9005996' />
  <node id='3309531141' timestamp='2026-06-07T18:22:05Z' uid='22048181' user='Taceursi' version='6' changeset='183794422' lat='51.5271579' lon='9.9004867'>
    <tag k='GoeVB:id' v='10431' />
    <tag k='bench' v='yes' />
    <tag k='bin' v='yes' />
    <tag k='bus' v='yes' />
    <tag k='check_date' v='2026-06-07' />
    <tag k='check_date:shelter' v='2026-06-07' />
    <tag k='departures_board' v='timetable' />
    <tag k='highway' v='bus_stop' />
    <tag k='information:map' v='yes' />
    <tag k='lit' v='yes' />
    <tag k='name' v='Elmweg' />
    <tag k='operator' v='Stadt Göttingen' />
    <tag k='public_transport' v='platform' />
    <tag k='shelter' v='yes' />
    <tag k='tactile_paving' v='no' />
  </node>
  <node id='3309531145' timestamp='2026-06-07T18:22:09Z' uid='22048181' user='Taceursi' version='4' changeset='183794134' lat='51.5274464' lon='9.9001451'>
    <tag k='amenity' v='bicycle_parking' />
    <tag k='bicycle_parking' v='stands' />
    <tag k='capacity' v='6' />
    <tag k='capacity:note' v='3 stands; per_capacity=2' />
    <tag k='check_date' v='2026-06-07' />
    <tag k='covered' v='no' />
  </node>
  <node id='3309531146' timestamp='2023-08-20T13:26:39Z' uid='1468043' user='jengelh' version='5' changeset='140132860' lat='51.527458' lon='9.8997822'>
    <tag k='amenity' v='bench' />
    <tag k='backrest' v='yes' />
    <tag k='survey:date' v='2022-02-07' />
  </node>
  <node id='3309531147' timestamp='2023-08-20T13:29:10Z' uid='1468043' user='jengelh' version='4' changeset='140133029' lat='51.527467' lon='9.8997753'>
    <tag k='amenity' v='waste_basket' />
    <tag k='survey:date' v='2022-02-07' />
  </node>
  <node id='3309531148' timestamp='2024-05-25T21:17:01Z' uid='1468043' user='jengelh' version='5' changeset='151828728' lat='51.5274778' lon='9.9003096'>
    <tag k='amenity' v='waste_basket' />
    <tag k='material' v='metal' />
    <tag k='survey:date' v='2024-03-22' />
  </node>
  <node id='3309531149' timestamp='2023-08-20T13:26:39Z' uid='1468043' user='jengelh' version='5' changeset='140132860' lat='51.5274871' lon='9.9003017'>
    <tag k='amenity' v='bench' />
    <tag k='backrest' v='no' />
    <tag k='material' v='wood' />
    <tag k='seats' v='3' />
    <tag k='survey:date' v='2022-09-05' />
  </node>
  <node id='3309531151' timestamp='2022-02-07T07:20:25Z' uid='12947456' user='hades0299' version='3' changeset='117105245' lat='51.5275273' lon='9.8997386'>
    <tag k='amenity' v='bicycle_parking' />
    <tag k='bicycle_parking' v='stands' />
    <tag k='capacity' v='3' />
    <tag k='capacity:note' v='4 stands; per_capacity=2; 1 blocked due to waste_basket' />
    <tag k='covered' v='no' />
    <tag k='survey:date' v='2015-01-23' />
  </node>
  <node id='3309531152' timestamp='2026-06-07T18:21:59Z' uid='22048181' user='Taceursi' version='7' changeset='183794422' lat='51.5275355' lon='9.9001066'>
    <tag k='GoeVB:id' v='10432' />
    <tag k='bench' v='yes' />
    <tag k='bin' v='yes' />
    <tag k='bus' v='yes' />
    <tag k='check_date' v='2026-06-07' />
    <tag k='check_date:shelter' v='2026-06-07' />
    <tag k='departures_board' v='timetable' />
    <tag k='highway' v='bus_stop' />
    <tag k='information:map' v='yes' />
    <tag k='lit' v='yes' />
    <tag k='name' v='Elmweg' />
    <tag k='operator' v='Stadt Göttingen' />
    <tag k='public_transport' v='platform' />
    <tag k='shelter' v='yes' />
    <tag k='tactile_paving' v='no' />
  </node>
  <node id='3309531153' timestamp='2023-08-20T13:26:39Z' uid='1468043' user='jengelh' version='5' changeset='140132860' lat='51.5275613' lon='9.8998549'>
    <tag k='amenity' v='bench' />
    <tag k='backrest' v='yes' />
    <tag k='survey:date' v='2022-02-07' />
  </node>
  <node id='3309531154' timestamp='2023-08-20T13:29:10Z' uid='1468043' user='jengelh' version='4' changeset='140133029' lat='51.5275648' lon='9.8998718'>
    <tag k='amenity' v='waste_basket' />
    <tag k='survey:date' v='2022-02-07' />
  </node>
  <node id='3309531155' timestamp='2022-02-07T07:20:45Z' uid='12947456' user='hades0299' version='3' changeset='117105245' lat='51.5275743' lon='9.8999045'>
    <tag k='amenity' v='bicycle_parking' />
    <tag k='bicycle_parking' v='stands' />
    <tag k='capacity' v='10' />
    <tag k='capacity:note' v='5 stands; per_capacity=2' />
    <tag k='covered' v='no' />
    <tag k='survey:date' v='2015-01-23' />
  </node>
  <node id='3309531156' timestamp='2023-08-20T13:29:10Z' uid='1468043' user='jengelh' version='4' changeset='140133029' lat='51.5276104' lon='9.9000231'>
    <tag k='amenity' v='waste_basket' />
    <tag k='survey:date' v='2022-02-07' />
  </node>
  <node id='3594280610' timestamp='2015-06-14T12:02:54Z' uid='1468043' user='jengelh' version='1' changeset='31960762' lat='51.5259333' lon='9.9016886' />
  <node id='3594280611' timestamp='2015-06-14T12:02:54Z' uid='1468043' user='jengelh' version='1' changeset='31960762' lat='51.5262702' lon='9.9028606' />
  <node id='3594280613' timestamp='2015-06-14T12:02:54Z' uid='1468043' user='jengelh' version='1' changeset='31960762' lat='51.5265472' lon='9.9009998' />
  <node id='3594280614' timestamp='2015-06-14T12:02:54Z' uid='1468043' user='jengelh' version='1' changeset='31960762' lat='51.5266048' lon='9.9011936' />
  <node id='3594280615' timestamp='2015-06-14T12:02:54Z' uid='1468043' user='jengelh' version='1' changeset='31960762' lat='51.5268957' lon='9.9007378' />
  <node id='3594280616' timestamp='2016-01-01T19:21:21Z' uid='1468043' user='jengelh' version='2' changeset='36304586' lat='51.5272935' lon='9.9021082' />
  <node id='3594384701' timestamp='2016-01-27T13:31:45Z' uid='16256' user='patzi' version='2' changeset='36837041' lat='51.5269922' lon='9.9012558' />
  <node id='3594384702' timestamp='2016-01-27T13:31:45Z' uid='16256' user='patzi' version='2' changeset='36837041' lat='51.5270128' lon='9.9013278' />
  <node id='3594384703' timestamp='2016-01-27T13:31:45Z' uid='16256' user='patzi' version='2' changeset='36837041' lat='51.5270151' lon='9.9012389' />
  <node id='3594384704' timestamp='2016-01-27T13:31:45Z' uid='16256' user='patzi' version='2' changeset='36837041' lat='51.5270357' lon='9.9013109' />
  <node id='3595278041' timestamp='2016-01-27T13:31:45Z' uid='16256' user='patzi' version='2' changeset='36837041' lat='51.5264037' lon='9.9016406' />
  <node id='3595278042' timestamp='2016-01-27T13:31:45Z' uid='16256' user='patzi' version='2' changeset='36837041' lat='51.5265118' lon='9.9020179' />
  <node id='3597344296' timestamp='2015-06-15T22:15:11Z' uid='1468043' user='jengelh' version='1' changeset='31994678' lat='51.5265883' lon='9.9009689' />
  <node id='3597344297' timestamp='2015-06-15T22:15:11Z' uid='1468043' user='jengelh' version='1' changeset='31994678' lat='51.5266056' lon='9.9010282' />
  <node id='3597344298' timestamp='2015-06-15T22:15:11Z' uid='1468043' user='jengelh' version='1' changeset='31994678' lat='51.5266298' lon='9.9009377' />
  <node id='3597344299' timestamp='2015-06-15T22:15:11Z' uid='1468043' user='jengelh' version='1' changeset='31994678' lat='51.5266471' lon='9.900997' />
  <node id='3915391092' timestamp='2020-03-09T14:13:55Z' uid='1468043' user='jengelh' version='3' changeset='81967870' lat='51.5281216' lon='9.9002185'>
    <tag k='addr:city' v='Göttingen' />
    <tag k='addr:country' v='DE' />
    <tag k='addr:housenumber' v='21' />
    <tag k='addr:postcode' v='37081' />
    <tag k='addr:street' v='Deisterstraße' />
    <tag k='addr:suburb' v='Grone' />
    <tag k='note' v='an diesem Wohnblock gibt es keinen mit 21 beschilderten Eingang' />
  </node>
  <node id='3915391093' timestamp='2016-04-09T19:43:45Z' uid='1468043' user='jengelh' version='2' changeset='38436565' lat='51.5273417' lon='9.9004742' />
  <node id='3915391094' timestamp='2015-12-28T22:18:39Z' uid='1468043' user='jengelh' version='1' changeset='36230708' lat='51.5273917' lon='9.9004626' />
  <node id='3915391095' timestamp='2016-04-09T19:43:45Z' uid='1468043' user='jengelh' version='2' changeset='38436565' lat='51.5274709' lon='9.9009257' />
  <node id='3915391096' timestamp='2015-12-28T22:18:39Z' uid='1468043' user='jengelh' version='1' changeset='36230708' lat='51.5275014' lon='9.9008438' />
  <node id='3915391097' timestamp='2015-12-28T22:18:39Z' uid='1468043' user='jengelh' version='1' changeset='36230708' lat='51.5275629' lon='9.9007981' />
  <node id='3915391098' timestamp='2015-12-28T22:18:39Z' uid='1468043' user='jengelh' version='1' changeset='36230708' lat='51.5275734' lon='9.9008348' />
  <node id='3915391099' timestamp='2016-04-09T19:43:45Z' uid='1468043' user='jengelh' version='2' changeset='38436565' lat='51.5275918' lon='9.9013485' />
  <node id='3915391101' timestamp='2015-12-28T22:18:39Z' uid='1468043' user='jengelh' version='1' changeset='36230708' lat='51.5276434' lon='9.9007545' />
  <node id='3915391102' timestamp='2015-12-28T22:18:39Z' uid='1468043' user='jengelh' version='1' changeset='36230708' lat='51.5276456' lon='9.9007623' />
  <node id='3915391103' timestamp='2015-12-28T22:18:39Z' uid='1468043' user='jengelh' version='1' changeset='36230708' lat='51.5276625' lon='9.9002356' />
  <node id='3915391104' timestamp='2015-12-28T22:18:39Z' uid='1468043' user='jengelh' version='1' changeset='36230708' lat='51.5277255' lon='9.9005297' />
  <node id='3915391105' timestamp='2015-12-28T22:18:39Z' uid='1468043' user='jengelh' version='1' changeset='36230708' lat='51.5277296' lon='9.9006904' />
  <node id='3915391106' timestamp='2015-12-28T22:18:39Z' uid='1468043' user='jengelh' version='1' changeset='36230708' lat='51.52773' lon='9.9005454' />
  <node id='3915391107' timestamp='2015-12-28T22:18:39Z' uid='1468043' user='jengelh' version='1' changeset='36230708' lat='51.5277316' lon='9.9007311' />
  <node id='3915391108' timestamp='2015-12-28T22:18:39Z' uid='1468043' user='jengelh' version='1' changeset='36230708' lat='51.527736' lon='9.9007463' />
  <node id='3915391109' timestamp='2015-12-28T22:18:39Z' uid='1468043' user='jengelh' version='1' changeset='36230708' lat='51.5277363' lon='9.9007137' />
  <node id='3915391110' timestamp='2015-12-28T22:18:39Z' uid='1468043' user='jengelh' version='1' changeset='36230708' lat='51.5277392' lon='9.9007236' />
  <node id='3915391111' timestamp='2015-12-28T22:18:39Z' uid='1468043' user='jengelh' version='1' changeset='36230708' lat='51.5277409' lon='9.9013001' />
  <node id='3915391112' timestamp='2021-01-31T15:54:42Z' uid='1468043' user='jengelh' version='8' changeset='98454749' lat='51.5277478' lon='9.9005322'>
    <tag k='addr:city' v='Göttingen' />
    <tag k='addr:country' v='DE' />
    <tag k='addr:housenumber' v='25' />
    <tag k='addr:postcode' v='37081' />
    <tag k='addr:street' v='Deisterstraße' />
    <tag k='addr:suburb' v='Grone' />
    <tag k='entrance' v='main' />
    <tag k='survey:date' v='2016-06-19' />
  </node>
  <node id='3915391113' timestamp='2015-12-28T22:18:39Z' uid='1468043' user='jengelh' version='1' changeset='36230708' lat='51.5277748' lon='9.9014192' />
  <node id='3915391114' timestamp='2015-12-28T22:18:39Z' uid='1468043' user='jengelh' version='1' changeset='36230708' lat='51.5277888' lon='9.9014089' />
  <node id='3915391115' timestamp='2015-12-28T22:18:39Z' uid='1468043' user='jengelh' version='1' changeset='36230708' lat='51.527832' lon='9.9012331' />
  <node id='3915391116' timestamp='2015-12-28T22:18:39Z' uid='1468043' user='jengelh' version='1' changeset='36230708' lat='51.5278354' lon='9.9006084' />
  <node id='3915391117' timestamp='2015-12-28T22:18:39Z' uid='1468043' user='jengelh' version='1' changeset='36230708' lat='51.5278358' lon='9.9015737' />
  <node id='3915391118' timestamp='2015-12-28T22:18:39Z' uid='1468043' user='jengelh' version='1' changeset='36230708' lat='51.5278505' lon='9.9006608' />
  <node id='3915391119' timestamp='2015-12-28T22:18:39Z' uid='1468043' user='jengelh' version='1' changeset='36230708' lat='51.5278542' lon='9.9011526' />
  <node id='3915391120' timestamp='2015-12-28T22:18:39Z' uid='1468043' user='jengelh' version='1' changeset='36230708' lat='51.5278639' lon='9.901345' />
  <node id='3915391122' timestamp='2015-12-28T22:18:39Z' uid='1468043' user='jengelh' version='1' changeset='36230708' lat='51.527877' lon='9.9013353' />
  <node id='3915391124' timestamp='2016-04-09T19:43:45Z' uid='1468043' user='jengelh' version='2' changeset='38436565' lat='51.527883' lon='9.9023663' />
  <node id='3915391125' timestamp='2016-04-09T19:43:45Z' uid='1468043' user='jengelh' version='2' changeset='38436565' lat='51.5279083' lon='9.9013399' />
  <node id='3915391126' timestamp='2016-04-09T19:43:45Z' uid='1468043' user='jengelh' version='2' changeset='38436565' lat='51.5279237' lon='9.9013286' />
  <node id='3915391128' timestamp='2015-12-28T22:18:40Z' uid='1468043' user='jengelh' version='1' changeset='36230708' lat='51.5279247' lon='9.9023136' />
  <node id='3915391129' timestamp='2015-12-28T22:18:40Z' uid='1468043' user='jengelh' version='1' changeset='36230708' lat='51.527926' lon='9.9015074' />
  <node id='3915391130' timestamp='2015-12-28T22:18:40Z' uid='1468043' user='jengelh' version='1' changeset='36230708' lat='51.5279316' lon='9.9020137' />
  <node id='3915391132' timestamp='2015-12-28T22:18:40Z' uid='1468043' user='jengelh' version='1' changeset='36230708' lat='51.5279365' lon='9.9000318' />
  <node id='3915391139' timestamp='2015-12-28T22:18:40Z' uid='1468043' user='jengelh' version='1' changeset='36230708' lat='51.5279849' lon='9.9002941' />
  <node id='3915391140' timestamp='2015-12-28T22:18:40Z' uid='1468043' user='jengelh' version='1' changeset='36230708' lat='51.5279887' lon='9.9003072' />
  <node id='3915391141' timestamp='2015-12-28T22:18:40Z' uid='1468043' user='jengelh' version='1' changeset='36230708' lat='51.5279895' lon='9.9004933' />
  <node id='3915391142' timestamp='2015-12-28T22:18:40Z' uid='1468043' user='jengelh' version='1' changeset='36230708' lat='51.5279957' lon='9.9005148' />
  <node id='3915391145' timestamp='2021-01-31T15:54:42Z' uid='1468043' user='jengelh' version='8' changeset='98454749' lat='51.528011' lon='9.9002906'>
    <tag k='addr:city' v='Göttingen' />
    <tag k='addr:country' v='DE' />
    <tag k='addr:housenumber' v='23' />
    <tag k='addr:postcode' v='37081' />
    <tag k='addr:street' v='Deisterstraße' />
    <tag k='addr:suburb' v='Grone' />
    <tag k='entrance' v='main' />
    <tag k='survey:date' v='2016-06-19' />
  </node>
  <node id='3915391153' timestamp='2016-04-09T19:43:45Z' uid='1468043' user='jengelh' version='2' changeset='38436565' lat='51.5280771' lon='9.9018673' />
  <node id='3915392460' timestamp='2015-12-28T22:18:40Z' uid='1468043' user='jengelh' version='1' changeset='36230708' lat='51.5281643' lon='9.900283' />
  <node id='3915392461' timestamp='2015-12-28T22:18:40Z' uid='1468043' user='jengelh' version='1' changeset='36230708' lat='51.5281669' lon='9.9002922' />
  <node id='3915392463' timestamp='2015-12-28T22:18:40Z' uid='1468043' user='jengelh' version='1' changeset='36230708' lat='51.5281911' lon='9.8998681' />
  <node id='3915392464' timestamp='2015-12-28T22:18:40Z' uid='1468043' user='jengelh' version='1' changeset='36230708' lat='51.5281934' lon='9.8998407' />
  <node id='3915392466' timestamp='2015-12-28T22:18:40Z' uid='1468043' user='jengelh' version='1' changeset='36230708' lat='51.5282258' lon='9.9003436' />
  <node id='3915392473' timestamp='2015-12-28T22:18:40Z' uid='1468043' user='jengelh' version='1' changeset='36230708' lat='51.5283031' lon='9.9020323' />
  <node id='3915392475' timestamp='2015-12-28T22:18:40Z' uid='1468043' user='jengelh' version='1' changeset='36230708' lat='51.5283183' lon='9.9002748' />
  <node id='3915392478' timestamp='2015-12-28T22:18:40Z' uid='1468043' user='jengelh' version='1' changeset='36230708' lat='51.5283692' lon='9.9009578' />
  <node id='3915392479' timestamp='2015-12-28T22:18:40Z' uid='1468043' user='jengelh' version='1' changeset='36230708' lat='51.5283733' lon='9.9009721'>
    <tag k='entrance' v='main' />
  </node>
  <node id='3915392480' timestamp='2015-12-28T22:18:40Z' uid='1468043' user='jengelh' version='1' changeset='36230708' lat='51.5283748' lon='9.9020007' />
  <node id='3915392481' timestamp='2015-12-28T22:18:40Z' uid='1468043' user='jengelh' version='1' changeset='36230708' lat='51.5283773' lon='9.9004796' />
  <node id='3915392482' timestamp='2015-12-28T22:18:40Z' uid='1468043' user='jengelh' version='1' changeset='36230708' lat='51.5283775' lon='9.9009868' />
  <node id='3915392483' timestamp='2015-12-28T22:18:40Z' uid='1468043' user='jengelh' version='1' changeset='36230708' lat='51.5283806' lon='9.9017154' />
  <node id='3915392484' timestamp='2015-12-28T22:18:40Z' uid='1468043' user='jengelh' version='1' changeset='36230708' lat='51.5283814' lon='9.901974' />
  <node id='3915392486' timestamp='2015-12-28T22:18:40Z' uid='1468043' user='jengelh' version='1' changeset='36230708' lat='51.5283983' lon='9.9020825' />
  <node id='3915392487' timestamp='2015-12-28T22:18:40Z' uid='1468043' user='jengelh' version='1' changeset='36230708' lat='51.5284053' lon='9.902057' />
  <node id='3915392489' timestamp='2015-12-28T22:18:40Z' uid='1468043' user='jengelh' version='1' changeset='36230708' lat='51.5284225' lon='9.9018624' />
  <node id='3915392490' timestamp='2015-12-28T22:18:40Z' uid='1468043' user='jengelh' version='1' changeset='36230708' lat='51.5284307' lon='9.9007007' />
  <node id='3915392491' timestamp='2015-12-28T22:18:40Z' uid='1468043' user='jengelh' version='1' changeset='36230708' lat='51.5284312' lon='9.900667' />
  <node id='3915392493' timestamp='2015-12-28T22:18:40Z' uid='1468043' user='jengelh' version='1' changeset='36230708' lat='51.5284599' lon='9.9007859' />
  <node id='3915392494' timestamp='2015-12-28T22:18:40Z' uid='1468043' user='jengelh' version='1' changeset='36230708' lat='51.5284644' lon='9.9006756' />
  <node id='3915392495' timestamp='2015-12-28T22:18:40Z' uid='1468043' user='jengelh' version='1' changeset='36230708' lat='51.5284847' lon='9.9006272' />
  <node id='3915392496' timestamp='2015-12-28T22:18:40Z' uid='1468043' user='jengelh' version='1' changeset='36230708' lat='51.5284898' lon='9.9007637' />
  <node id='3915392497' timestamp='2015-12-28T22:18:40Z' uid='1468043' user='jengelh' version='1' changeset='36230708' lat='51.5284942' lon='9.900905' />
  <node id='3915392500' timestamp='2015-12-28T22:18:41Z' uid='1468043' user='jengelh' version='1' changeset='36230708' lat='51.5285431' lon='9.9008687' />
  <node id='3915392501' timestamp='2015-12-28T22:18:41Z' uid='1468043' user='jengelh' version='1' changeset='36230708' lat='51.5285467' lon='9.9008426' />
  <node id='3915392505' timestamp='2015-12-28T22:18:41Z' uid='1468043' user='jengelh' version='1' changeset='36230708' lat='51.5286257' lon='9.9011173' />
  <node id='3915392508' timestamp='2015-12-28T22:18:41Z' uid='1468043' user='jengelh' version='1' changeset='36230708' lat='51.5286928' lon='9.9013503' />
  <node id='3915392511' timestamp='2015-12-28T22:18:41Z' uid='1468043' user='jengelh' version='1' changeset='36230708' lat='51.5287448' lon='9.9018248' />
  <node id='3915392512' timestamp='2015-12-28T22:18:41Z' uid='1468043' user='jengelh' version='1' changeset='36230708' lat='51.5287597' lon='9.9015826' />
  <node id='3915392514' timestamp='2015-12-28T22:18:41Z' uid='1468043' user='jengelh' version='1' changeset='36230708' lat='51.5288005' lon='9.9017631' />
  <node id='3915392515' timestamp='2015-12-28T22:18:41Z' uid='1468043' user='jengelh' version='1' changeset='36230708' lat='51.5288145' lon='9.901773' />
  <node id='3915395668' timestamp='2015-12-28T22:24:29Z' uid='1468043' user='jengelh' version='1' changeset='36230784' lat='51.5283955' lon='9.9011462' />
  <node id='3922425493' timestamp='2016-01-01T19:21:14Z' uid='1468043' user='jengelh' version='1' changeset='36304586' lat='51.5266134' lon='9.9026082' />
  <node id='3922425499' timestamp='2016-01-01T19:21:15Z' uid='1468043' user='jengelh' version='1' changeset='36304586' lat='51.5268386' lon='9.9024427' />
  <node id='3938290979' timestamp='2025-12-09T12:59:18Z' uid='16354439' user='unni-geo' version='2' changeset='175712514' lat='51.5270502' lon='9.8998314' />
  <node id='3938290980' timestamp='2025-12-09T12:59:18Z' uid='16354439' user='unni-geo' version='2' changeset='175712514' lat='51.527083' lon='9.8999231' />
  <node id='3938290981' timestamp='2025-12-09T12:59:18Z' uid='16354439' user='unni-geo' version='2' changeset='175712514' lat='51.5270866' lon='9.8999008' />
  <node id='3938290982' timestamp='2025-12-09T12:59:18Z' uid='16354439' user='unni-geo' version='2' changeset='175712514' lat='51.5271695' lon='9.8998826' />
  <node id='3938290983' timestamp='2025-12-09T12:59:18Z' uid='16354439' user='unni-geo' version='2' changeset='175712514' lat='51.5271781' lon='9.9002706' />
  <node id='3938290984' timestamp='2025-12-09T12:59:18Z' uid='16354439' user='unni-geo' version='2' changeset='175712514' lat='51.5271678' lon='9.9002211' />
  <node id='3938290986' timestamp='2025-12-09T12:59:18Z' uid='16354439' user='unni-geo' version='2' changeset='175712514' lat='51.5272052' lon='9.9002435' />
  <node id='3938290987' timestamp='2025-12-09T12:59:18Z' uid='16354439' user='unni-geo' version='2' changeset='175712514' lat='51.5272113' lon='9.9000181' />
  <node id='3938290988' timestamp='2025-12-09T12:59:18Z' uid='16354439' user='unni-geo' version='2' changeset='175712514' lat='51.5272443' lon='9.9002058' />
  <node id='3938290989' timestamp='2025-12-09T12:59:18Z' uid='16354439' user='unni-geo' version='2' changeset='175712514' lat='51.5272461' lon='9.9002124' />
  <node id='3938290990' timestamp='2025-12-09T12:59:18Z' uid='16354439' user='unni-geo' version='2' changeset='175712514' lat='51.5272562' lon='9.9000448' />
  <node id='3938290991' timestamp='2025-12-09T12:59:18Z' uid='16354439' user='unni-geo' version='2' changeset='175712514' lat='51.5273259' lon='9.8996127' />
  <node id='3938290992' timestamp='2025-12-09T12:59:18Z' uid='16354439' user='unni-geo' version='2' changeset='175712514' lat='51.5273347' lon='9.8999846' />
  <node id='3938290993' timestamp='2025-12-09T12:59:18Z' uid='16354439' user='unni-geo' version='2' changeset='175712514' lat='51.5273423' lon='9.9001302' />
  <node id='3938290994' timestamp='2025-12-09T12:59:18Z' uid='16354439' user='unni-geo' version='2' changeset='175712514' lat='51.5273446' lon='9.9001376' />
  <node id='3938290995' timestamp='2025-12-09T12:59:18Z' uid='16354439' user='unni-geo' version='2' changeset='175712514' lat='51.5273463' lon='9.900025' />
  <node id='3938290996' timestamp='2025-12-09T12:59:18Z' uid='16354439' user='unni-geo' version='2' changeset='175712514' lat='51.5273591' lon='9.9000155' />
  <node id='3938290997' timestamp='2025-12-09T12:59:18Z' uid='16354439' user='unni-geo' version='2' changeset='175712514' lat='51.5273629' lon='9.8999608' />
  <node id='3938290998' timestamp='2025-12-09T12:59:18Z' uid='16354439' user='unni-geo' version='2' changeset='175712514' lat='51.527378' lon='9.9000248' />
  <node id='3938290999' timestamp='2025-12-09T12:59:18Z' uid='16354439' user='unni-geo' version='2' changeset='175712514' lat='51.5273862' lon='9.900106' />
  <node id='3938291000' timestamp='2025-12-09T12:59:18Z' uid='16354439' user='unni-geo' version='2' changeset='175712514' lat='51.5273929' lon='9.9000754' />
  <node id='3938291001' timestamp='2025-12-09T12:59:18Z' uid='16354439' user='unni-geo' version='2' changeset='175712514' lat='51.5274568' lon='9.9000632' />
  <node id='3968668922' timestamp='2016-01-26T15:40:18Z' uid='1468043' user='jengelh' version='1' changeset='36819506' lat='51.5261999' lon='9.9012832' />
  <node id='3968668923' timestamp='2016-01-26T15:40:18Z' uid='1468043' user='jengelh' version='1' changeset='36819506' lat='51.5262134' lon='9.9008261' />
  <node id='3968668924' timestamp='2016-01-26T15:40:18Z' uid='1468043' user='jengelh' version='1' changeset='36819506' lat='51.5262244' lon='9.9001369' />
  <node id='3968668925' timestamp='2016-01-26T15:40:18Z' uid='1468043' user='jengelh' version='1' changeset='36819506' lat='51.5262245' lon='9.9001802' />
  <node id='3968668926' timestamp='2016-01-26T15:40:18Z' uid='1468043' user='jengelh' version='1' changeset='36819506' lat='51.5262448' lon='9.9001619' />
  <node id='3968668927' timestamp='2016-01-26T15:40:18Z' uid='1468043' user='jengelh' version='1' changeset='36819506' lat='51.5262557' lon='9.9011135' />
  <node id='3968668928' timestamp='2016-01-26T15:40:18Z' uid='1468043' user='jengelh' version='1' changeset='36819506' lat='51.5262584' lon='9.9007239' />
  <node id='3968668929' timestamp='2016-01-26T15:40:18Z' uid='1468043' user='jengelh' version='1' changeset='36819506' lat='51.5262619' lon='9.9007359' />
  <node id='3968668930' timestamp='2016-01-26T15:40:18Z' uid='1468043' user='jengelh' version='1' changeset='36819506' lat='51.5262645' lon='9.9010011' />
  <node id='3968668931' timestamp='2016-01-26T15:40:18Z' uid='1468043' user='jengelh' version='1' changeset='36819506' lat='51.5262661' lon='9.9001463' />
  <node id='3968668932' timestamp='2016-01-26T15:40:18Z' uid='1468043' user='jengelh' version='1' changeset='36819506' lat='51.5262665' lon='9.90115' />
  <node id='3968668933' timestamp='2016-01-26T15:40:19Z' uid='1468043' user='jengelh' version='1' changeset='36819506' lat='51.526272' lon='9.901027' />
  <node id='3968668934' timestamp='2016-01-26T15:40:19Z' uid='1468043' user='jengelh' version='1' changeset='36819506' lat='51.5262756' lon='9.9007792' />
  <node id='3968668935' timestamp='2016-01-26T15:40:19Z' uid='1468043' user='jengelh' version='1' changeset='36819506' lat='51.5262803' lon='9.9002872' />
  <node id='3968668936' timestamp='2016-08-16T13:34:44Z' uid='1468043' user='jengelh' version='2' changeset='41489979' lat='51.5262761' lon='9.901094' />
  <node id='3968668937' timestamp='2016-01-26T15:40:19Z' uid='1468043' user='jengelh' version='1' changeset='36819506' lat='51.5262931' lon='9.9001505' />
  <node id='3968668938' timestamp='2016-01-26T15:40:19Z' uid='1468043' user='jengelh' version='1' changeset='36819506' lat='51.5262938' lon='9.9002777' />
  <node id='3968668939' timestamp='2016-01-26T15:40:19Z' uid='1468043' user='jengelh' version='1' changeset='36819506' lat='51.526308' lon='9.9001636' />
  <node id='3968668940' timestamp='2016-01-26T15:40:19Z' uid='1468043' user='jengelh' version='1' changeset='36819506' lat='51.5263169' lon='9.9001809' />
  <node id='3968668941' timestamp='2016-01-26T15:40:19Z' uid='1468043' user='jengelh' version='1' changeset='36819506' lat='51.526317' lon='9.9009211' />
  <node id='3968668942' timestamp='2016-01-26T15:40:19Z' uid='1468043' user='jengelh' version='1' changeset='36819506' lat='51.5263267' lon='9.9009542' />
  <node id='3968668943' timestamp='2016-01-26T15:40:19Z' uid='1468043' user='jengelh' version='1' changeset='36819506' lat='51.5263372' lon='9.9002451' />
  <node id='3968668944' timestamp='2016-01-26T15:40:19Z' uid='1468043' user='jengelh' version='1' changeset='36819506' lat='51.5263538' lon='9.9008933' />
  <node id='3968668945' timestamp='2016-01-26T15:40:19Z' uid='1468043' user='jengelh' version='1' changeset='36819506' lat='51.5263711' lon='9.9009524' />
  <node id='3968668946' timestamp='2025-08-23T13:18:45Z' uid='1468043' user='jengelh' version='2' changeset='170880560' lat='51.5264036' lon='9.9004736' />
  <node id='3968668947' timestamp='2025-08-23T13:18:45Z' uid='1468043' user='jengelh' version='2' changeset='170880560' lat='51.5263959' lon='9.9006294' />
  <node id='3968668948' timestamp='2016-01-26T15:40:19Z' uid='1468043' user='jengelh' version='1' changeset='36819506' lat='51.5264003' lon='9.9009522' />
  <node id='3968668949' timestamp='2016-01-26T15:40:19Z' uid='1468043' user='jengelh' version='1' changeset='36819506' lat='51.5264109' lon='9.9011222' />
  <node id='3968668950' timestamp='2025-08-23T13:18:45Z' uid='1468043' user='jengelh' version='2' changeset='170880560' lat='51.5264279' lon='9.9005391' />
  <node id='3968668951' timestamp='2016-01-26T15:40:19Z' uid='1468043' user='jengelh' version='1' changeset='36819506' lat='51.5264282' lon='9.9010267' />
  <node id='3968668952' timestamp='2016-01-26T15:40:19Z' uid='1468043' user='jengelh' version='1' changeset='36819506' lat='51.5264304' lon='9.9010343' />
  <node id='3968668953' timestamp='2016-01-26T15:40:19Z' uid='1468043' user='jengelh' version='1' changeset='36819506' lat='51.5264386' lon='9.9009118' />
  <node id='3968668954' timestamp='2025-08-23T13:18:45Z' uid='1468043' user='jengelh' version='2' changeset='170880560' lat='51.5264593' lon='9.900599' />
  <node id='3968668955' timestamp='2016-01-26T15:40:19Z' uid='1468043' user='jengelh' version='1' changeset='36819506' lat='51.5264629' lon='9.9008599' />
  <node id='3968668956' timestamp='2017-05-06T20:32:52Z' uid='1468043' user='jengelh' version='2' changeset='48461328' lat='51.5264649' lon='9.9009357' />
  <node id='3968670257' timestamp='2016-01-26T15:40:19Z' uid='1468043' user='jengelh' version='1' changeset='36819506' lat='51.5264743' lon='9.9008728' />
  <node id='3968670258' timestamp='2016-01-26T15:40:19Z' uid='1468043' user='jengelh' version='1' changeset='36819506' lat='51.5264813' lon='9.9009618' />
  <node id='3968670259' timestamp='2025-08-23T13:18:45Z' uid='1468043' user='jengelh' version='2' changeset='170880560' lat='51.5264926' lon='9.9006449' />
  <node id='3968670260' timestamp='2016-01-26T15:40:19Z' uid='1468043' user='jengelh' version='1' changeset='36819506' lat='51.5265185' lon='9.9007007' />
  <node id='3968670261' timestamp='2016-01-26T15:40:19Z' uid='1468043' user='jengelh' version='1' changeset='36819506' lat='51.526519' lon='9.9006744' />
  <node id='3970438725' timestamp='2016-01-27T09:44:11Z' uid='1468043' user='jengelh' version='1' changeset='36833193' lat='51.52768' lon='9.8996701' />
  <node id='3970438726' timestamp='2016-01-27T09:44:11Z' uid='1468043' user='jengelh' version='1' changeset='36833193' lat='51.5277754' lon='9.8995984' />
  <node id='3970438727' timestamp='2016-01-27T09:44:11Z' uid='1468043' user='jengelh' version='1' changeset='36833193' lat='51.5281028' lon='9.8995323' />
  <node id='3970438728' timestamp='2024-01-28T19:58:14Z' uid='1468043' user='jengelh' version='3' changeset='146793434' lat='51.5281494' lon='9.8997016'>
    <tag k='crossing' v='uncontrolled' />
    <tag k='survey:date' v='2022-02-07' />
    <tag k='traffic_calming' v='choker' />
  </node>
  <node id='3971083814' timestamp='2016-01-27T13:31:39Z' uid='16256' user='patzi' version='1' changeset='36837041' lat='51.5262567' lon='9.9016025' />
  <node id='3971083815' timestamp='2016-01-27T13:31:40Z' uid='16256' user='patzi' version='1' changeset='36837041' lat='51.5263452' lon='9.901537' />
  <node id='3971083816' timestamp='2016-01-27T13:31:40Z' uid='16256' user='patzi' version='1' changeset='36837041' lat='51.526356' lon='9.9016567' />
  <node id='3971083817' timestamp='2016-01-27T13:31:40Z' uid='16256' user='patzi' version='1' changeset='36837041' lat='51.5263605' lon='9.9016725' />
  <node id='3971083819' timestamp='2016-01-27T13:31:40Z' uid='16256' user='patzi' version='1' changeset='36837041' lat='51.5264226' lon='9.9014796' />
  <node id='3971083821' timestamp='2016-01-27T13:31:40Z' uid='16256' user='patzi' version='1' changeset='36837041' lat='51.5264407' lon='9.9014662' />
  <node id='3971083824' timestamp='2016-01-27T13:31:40Z' uid='16256' user='patzi' version='1' changeset='36837041' lat='51.526467' lon='9.9024005' />
  <node id='3971083825' timestamp='2016-01-27T13:31:40Z' uid='16256' user='patzi' version='1' changeset='36837041' lat='51.5264682' lon='9.9023758' />
  <node id='3971083826' timestamp='2016-01-27T13:31:40Z' uid='16256' user='patzi' version='1' changeset='36837041' lat='51.5264707' lon='9.9015708' />
  <node id='3971083828' timestamp='2016-01-27T13:31:40Z' uid='16256' user='patzi' version='1' changeset='36837041' lat='51.5264738' lon='9.9023954' />
  <node id='3971083831' timestamp='2016-01-27T13:31:40Z' uid='16256' user='patzi' version='1' changeset='36837041' lat='51.5264768' lon='9.9018958' />
  <node id='3971083835' timestamp='2016-01-27T13:31:40Z' uid='16256' user='patzi' version='1' changeset='36837041' lat='51.5265074' lon='9.9025125' />
  <node id='3971083836' timestamp='2016-01-27T13:31:40Z' uid='16256' user='patzi' version='1' changeset='36837041' lat='51.5265081' lon='9.902005' />
  <node id='3971083838' timestamp='2016-01-27T13:31:40Z' uid='16256' user='patzi' version='1' changeset='36837041' lat='51.5265395' lon='9.9023229' />
  <node id='3971083839' timestamp='2016-01-27T13:31:40Z' uid='16256' user='patzi' version='1' changeset='36837041' lat='51.5265397' lon='9.9024886' />
  <node id='3971083840' timestamp='2016-01-27T13:31:40Z' uid='16256' user='patzi' version='1' changeset='36837041' lat='51.5265424' lon='9.9024981' />
  <node id='3971083842' timestamp='2016-01-27T13:31:40Z' uid='16256' user='patzi' version='1' changeset='36837041' lat='51.5265486' lon='9.9018426' />
  <node id='3971083843' timestamp='2016-01-27T13:31:40Z' uid='16256' user='patzi' version='1' changeset='36837041' lat='51.52655' lon='9.9015121' />
  <node id='3971083846' timestamp='2016-01-27T13:31:40Z' uid='16256' user='patzi' version='1' changeset='36837041' lat='51.5265629' lon='9.90198' />
  <node id='3971083848' timestamp='2016-01-27T13:31:40Z' uid='16256' user='patzi' version='1' changeset='36837041' lat='51.5265732' lon='9.901495' />
  <node id='3971083849' timestamp='2016-01-27T13:31:40Z' uid='16256' user='patzi' version='1' changeset='36837041' lat='51.5265787' lon='9.9024597' />
  <node id='3971083851' timestamp='2016-01-27T13:31:40Z' uid='16256' user='patzi' version='1' changeset='36837041' lat='51.5265799' lon='9.9019518' />
  <node id='3971083852' timestamp='2016-01-27T13:31:40Z' uid='16256' user='patzi' version='1' changeset='36837041' lat='51.5265815' lon='9.9024691' />
  <node id='3971083853' timestamp='2016-01-27T13:31:40Z' uid='16256' user='patzi' version='1' changeset='36837041' lat='51.5266479' lon='9.9014637' />
  <node id='3971083856' timestamp='2016-01-27T13:31:40Z' uid='16256' user='patzi' version='1' changeset='36837041' lat='51.5267507' lon='9.9021666' />
  <node id='3971084858' timestamp='2016-01-27T13:31:40Z' uid='16256' user='patzi' version='1' changeset='36837041' lat='51.5267899' lon='9.9023033' />
  <node id='3971084859' timestamp='2016-01-27T13:31:40Z' uid='16256' user='patzi' version='1' changeset='36837041' lat='51.5267926' lon='9.9023128' />
  <node id='3971084860' timestamp='2016-01-27T13:31:40Z' uid='16256' user='patzi' version='1' changeset='36837041' lat='51.5267966' lon='9.9017914' />
  <node id='3971084861' timestamp='2016-01-27T13:31:40Z' uid='16256' user='patzi' version='1' changeset='36837041' lat='51.5267978' lon='9.9012018' />
  <node id='3971084862' timestamp='2016-01-27T13:31:40Z' uid='16256' user='patzi' version='1' changeset='36837041' lat='51.5268238' lon='9.9017712' />
  <node id='3971084863' timestamp='2016-01-27T13:31:40Z' uid='16256' user='patzi' version='1' changeset='36837041' lat='51.5268281' lon='9.9013075' />
  <node id='3971084864' timestamp='2016-01-27T13:31:40Z' uid='16256' user='patzi' version='1' changeset='36837041' lat='51.526869' lon='9.9022447' />
  <node id='3971084865' timestamp='2016-01-27T13:31:40Z' uid='16256' user='patzi' version='1' changeset='36837041' lat='51.5268717' lon='9.9022542' />
  <node id='3971084866' timestamp='2016-01-27T13:31:40Z' uid='16256' user='patzi' version='1' changeset='36837041' lat='51.5268773' lon='9.9020728' />
  <node id='3971084867' timestamp='2016-01-27T13:31:40Z' uid='16256' user='patzi' version='1' changeset='36837041' lat='51.5269045' lon='9.9020527' />
  <node id='3971084868' timestamp='2016-01-27T13:31:40Z' uid='16256' user='patzi' version='1' changeset='36837041' lat='51.527006' lon='9.9015633' />
  <node id='3971084869' timestamp='2016-01-27T13:31:40Z' uid='16256' user='patzi' version='1' changeset='36837041' lat='51.5270766' lon='9.902091' />
  <node id='3971084870' timestamp='2016-01-27T13:31:40Z' uid='16256' user='patzi' version='1' changeset='36837041' lat='51.5270793' lon='9.9021005' />
  <node id='3971084872' timestamp='2016-01-27T13:31:40Z' uid='16256' user='patzi' version='1' changeset='36837041' lat='51.527116' lon='9.9020618' />
  <node id='3971084873' timestamp='2016-01-27T13:31:40Z' uid='16256' user='patzi' version='1' changeset='36837041' lat='51.5271188' lon='9.9020713' />
  <node id='3971084874' timestamp='2016-01-27T13:31:40Z' uid='16256' user='patzi' version='1' changeset='36837041' lat='51.5271432' lon='9.9020417' />
  <node id='4030486624' timestamp='2016-02-27T21:40:28Z' uid='1468043' user='jengelh' version='1' changeset='37489864' lat='51.5264585' lon='9.8974982' />
  <node id='4030486626' timestamp='2016-02-27T21:40:28Z' uid='1468043' user='jengelh' version='1' changeset='37489864' lat='51.5265237' lon='9.8977258' />
  <node id='4030486630' timestamp='2016-02-27T21:40:29Z' uid='1468043' user='jengelh' version='1' changeset='37489864' lat='51.5265913' lon='9.8979617' />
  <node id='4030486635' timestamp='2016-02-27T21:40:29Z' uid='1468043' user='jengelh' version='1' changeset='37489864' lat='51.5266736' lon='9.897476' />
  <node id='4030486636' timestamp='2016-02-27T21:40:29Z' uid='1468043' user='jengelh' version='1' changeset='37489864' lat='51.5266796' lon='9.8978963' />
  <node id='4030486638' timestamp='2016-02-27T21:40:29Z' uid='1468043' user='jengelh' version='1' changeset='37489864' lat='51.5267065' lon='9.8979903'>
    <tag k='entrance' v='main' />
    <tag k='source' v='hi-res aerial imagery' />
  </node>
  <node id='4030486639' timestamp='2016-02-27T21:40:29Z' uid='1468043' user='jengelh' version='1' changeset='37489864' lat='51.52674' lon='9.8977098' />
  <node id='4030486642' timestamp='2016-02-27T21:40:29Z' uid='1468043' user='jengelh' version='1' changeset='37489864' lat='51.5268' lon='9.8979211' />
  <node id='4030486643' timestamp='2016-02-27T21:40:29Z' uid='1468043' user='jengelh' version='1' changeset='37489864' lat='51.5268144' lon='9.8972357' />
  <node id='4030486647' timestamp='2016-02-27T21:40:29Z' uid='1468043' user='jengelh' version='1' changeset='37489864' lat='51.526959' lon='9.8971247' />
  <node id='4030486655' timestamp='2016-02-27T21:40:29Z' uid='1468043' user='jengelh' version='1' changeset='37489864' lat='51.5270913' lon='9.8970232' />
  <node id='4030486674' timestamp='2016-02-27T21:40:29Z' uid='1468043' user='jengelh' version='1' changeset='37489864' lat='51.5273834' lon='9.8967116' />
  <node id='4030496542' timestamp='2016-02-27T21:53:08Z' uid='1468043' user='jengelh' version='1' changeset='37490063' lat='51.5266225' lon='9.8973478' />
  <node id='4030496543' timestamp='2016-02-27T21:53:08Z' uid='1468043' user='jengelh' version='1' changeset='37490063' lat='51.5266884' lon='9.8975786' />
  <node id='4030496544' timestamp='2016-02-27T21:53:08Z' uid='1468043' user='jengelh' version='1' changeset='37490063' lat='51.5266894' lon='9.8973927' />
  <node id='4030496546' timestamp='2026-04-23T20:49:50Z' uid='1468043' user='jengelh' version='3' changeset='181737456' lat='51.5269075' lon='9.898146' />
  <node id='4030496548' timestamp='2016-02-27T21:53:08Z' uid='1468043' user='jengelh' version='1' changeset='37490063' lat='51.5267806' lon='9.8986681' />
  <node id='4030496550' timestamp='2026-04-23T20:49:50Z' uid='1468043' user='jengelh' version='2' changeset='181737456' lat='51.5268839' lon='9.8981637' />
  <node id='4030496552' timestamp='2016-02-27T21:53:08Z' uid='1468043' user='jengelh' version='1' changeset='37490063' lat='51.5268619' lon='9.898182' />
  <node id='4030496553' timestamp='2016-04-09T20:48:41Z' uid='1468043' user='jengelh' version='2' changeset='38438082' lat='51.5268948' lon='9.8982024' />
  <node id='4030496556' timestamp='2016-04-09T20:48:41Z' uid='1468043' user='jengelh' version='2' changeset='38438082' lat='51.5269633' lon='9.8985412' />
  <node id='4030496564' timestamp='2026-04-23T20:49:50Z' uid='1468043' user='jengelh' version='2' changeset='181737456' lat='51.5270695' lon='9.8971067' />
  <node id='4030496567' timestamp='2026-04-23T20:49:50Z' uid='1468043' user='jengelh' version='2' changeset='181737456' lat='51.5270977' lon='9.8972091' />
  <node id='4030496572' timestamp='2016-02-27T21:53:08Z' uid='1468043' user='jengelh' version='1' changeset='37490063' lat='51.5271166' lon='9.8989007' />
  <node id='4030496573' timestamp='2018-04-19T10:27:31Z' uid='1468043' user='jengelh' version='3' changeset='58228678' lat='51.5271261' lon='9.8988936'>
    <tag k='entrance' v='main' />
    <tag k='survey:date' v='2016-04-09' />
  </node>
  <node id='4030496574' timestamp='2026-04-23T20:49:50Z' uid='1468043' user='jengelh' version='2' changeset='181737456' lat='51.5271488' lon='9.8971728' />
  <node id='4030496575' timestamp='2016-02-27T21:53:08Z' uid='1468043' user='jengelh' version='1' changeset='37490063' lat='51.527135' lon='9.898887' />
  <node id='4030496576' timestamp='2016-02-27T21:53:08Z' uid='1468043' user='jengelh' version='1' changeset='37490063' lat='51.5271354' lon='9.8989655' />
  <node id='4030496577' timestamp='2016-02-27T21:53:08Z' uid='1468043' user='jengelh' version='1' changeset='37490063' lat='51.527137' lon='9.898894' />
  <node id='4030496578' timestamp='2016-02-27T21:53:08Z' uid='1468043' user='jengelh' version='1' changeset='37490063' lat='51.5271403' lon='9.8987186' />
  <node id='4030496580' timestamp='2016-02-27T21:53:08Z' uid='1468043' user='jengelh' version='1' changeset='37490063' lat='51.5271465' lon='9.8987402' />
  <node id='4030496581' timestamp='2016-02-27T21:53:08Z' uid='1468043' user='jengelh' version='1' changeset='37490063' lat='51.5271693' lon='9.8990424' />
  <node id='4030496582' timestamp='2016-02-27T21:53:08Z' uid='1468043' user='jengelh' version='1' changeset='37490063' lat='51.527177' lon='9.8987174' />
  <node id='4030496583' timestamp='2016-02-27T21:53:08Z' uid='1468043' user='jengelh' version='1' changeset='37490063' lat='51.5271771' lon='9.8979526' />
  <node id='4030496584' timestamp='2016-02-27T21:53:08Z' uid='1468043' user='jengelh' version='1' changeset='37490063' lat='51.5271786' lon='9.8988628' />
  <node id='4030496585' timestamp='2016-02-27T21:53:08Z' uid='1468043' user='jengelh' version='1' changeset='37490063' lat='51.5271843' lon='9.8988823' />
  <node id='4030496587' timestamp='2016-02-27T21:53:08Z' uid='1468043' user='jengelh' version='1' changeset='37490063' lat='51.5272176' lon='9.8988573' />
  <node id='4030503689' timestamp='2016-02-27T21:53:08Z' uid='1468043' user='jengelh' version='1' changeset='37490063' lat='51.5272449' lon='9.8981861' />
  <node id='4030503690' timestamp='2016-02-27T21:53:08Z' uid='1468043' user='jengelh' version='1' changeset='37490063' lat='51.5272628' lon='9.8977376' />
  <node id='4030503691' timestamp='2016-02-27T21:53:08Z' uid='1468043' user='jengelh' version='1' changeset='37490063' lat='51.5272652' lon='9.8978866' />
  <node id='4030503692' timestamp='2018-04-19T10:27:31Z' uid='1468043' user='jengelh' version='3' changeset='58228678' lat='51.5272908' lon='9.8988025'>
    <tag k='entrance' v='main' />
    <tag k='survey:date' v='2016-04-09' />
  </node>
  <node id='4030503693' timestamp='2018-04-19T10:27:31Z' uid='1468043' user='jengelh' version='3' changeset='58228678' lat='51.5272978' lon='9.897999'>
    <tag k='entrance' v='main' />
    <tag k='survey:date' v='2016-04-09' />
  </node>
  <node id='4030503694' timestamp='2016-02-27T21:53:08Z' uid='1468043' user='jengelh' version='1' changeset='37490063' lat='51.5273125' lon='9.898419' />
  <node id='4030503695' timestamp='2016-02-27T21:53:08Z' uid='1468043' user='jengelh' version='1' changeset='37490063' lat='51.5273167' lon='9.8977066' />
  <node id='4030503696' timestamp='2016-02-27T21:53:08Z' uid='1468043' user='jengelh' version='1' changeset='37490063' lat='51.5273218' lon='9.8986088' />
  <node id='4030503697' timestamp='2016-02-27T21:53:08Z' uid='1468043' user='jengelh' version='1' changeset='37490063' lat='51.5273263' lon='9.8989249' />
  <node id='4030503698' timestamp='2016-02-27T21:53:08Z' uid='1468043' user='jengelh' version='1' changeset='37490063' lat='51.5273301' lon='9.8979833' />
  <node id='4030503699' timestamp='2016-02-27T21:53:08Z' uid='1468043' user='jengelh' version='1' changeset='37490063' lat='51.5273329' lon='9.8981201' />
  <node id='4030503700' timestamp='2016-02-27T21:53:08Z' uid='1468043' user='jengelh' version='1' changeset='37490063' lat='51.5273594' lon='9.8985807' />
  <node id='4030503701' timestamp='2016-02-27T21:53:08Z' uid='1468043' user='jengelh' version='1' changeset='37490063' lat='51.5273624' lon='9.8987488' />
  <node id='4030503702' timestamp='2018-04-19T10:27:31Z' uid='1468043' user='jengelh' version='3' changeset='58228678' lat='51.5273653' lon='9.8982315'>
    <tag k='entrance' v='main' />
    <tag k='survey:date' v='2016-04-09' />
  </node>
  <node id='4030503703' timestamp='2016-02-27T21:53:08Z' uid='1468043' user='jengelh' version='1' changeset='37490063' lat='51.5273681' lon='9.8979564' />
  <node id='4030503704' timestamp='2016-02-27T21:53:08Z' uid='1468043' user='jengelh' version='1' changeset='37490063' lat='51.5273832' lon='9.897935' />
  <node id='4030503705' timestamp='2016-02-27T21:53:08Z' uid='1468043' user='jengelh' version='1' changeset='37490063' lat='51.5273903' lon='9.8987047' />
  <node id='4030503706' timestamp='2016-02-27T21:53:08Z' uid='1468043' user='jengelh' version='1' changeset='37490063' lat='51.5273958' lon='9.8987238' />
  <node id='4030503707' timestamp='2016-02-27T21:53:08Z' uid='1468043' user='jengelh' version='1' changeset='37490063' lat='51.5274002' lon='9.8981886' />
  <node id='4030503708' timestamp='2016-02-27T21:53:08Z' uid='1468043' user='jengelh' version='1' changeset='37490063' lat='51.5274005' lon='9.898353' />
  <node id='4030503709' timestamp='2016-02-27T21:53:08Z' uid='1468043' user='jengelh' version='1' changeset='37490063' lat='51.5274129' lon='9.898489' />
  <node id='4030503710' timestamp='2016-02-27T21:53:08Z' uid='1468043' user='jengelh' version='1' changeset='37490063' lat='51.5274266' lon='9.8981699' />
  <node id='4030503711' timestamp='2018-04-19T10:27:31Z' uid='1468043' user='jengelh' version='3' changeset='58228678' lat='51.5274284' lon='9.8985427'>
    <tag k='entrance' v='main' />
    <tag k='survey:date' v='2016-04-09' />
  </node>
  <node id='4030503712' timestamp='2016-02-27T21:53:09Z' uid='1468043' user='jengelh' version='1' changeset='37490063' lat='51.5274338' lon='9.8985611' />
  <node id='4030503713' timestamp='2016-02-27T21:53:09Z' uid='1468043' user='jengelh' version='1' changeset='37490063' lat='51.5274351' lon='9.8984723' />
  <node id='4030503714' timestamp='2016-02-27T21:53:09Z' uid='1468043' user='jengelh' version='1' changeset='37490063' lat='51.5274508' lon='9.8981673' />
  <node id='4030503715' timestamp='2016-02-27T21:53:09Z' uid='1468043' user='jengelh' version='1' changeset='37490063' lat='51.527458' lon='9.898654' />
  <node id='4030503716' timestamp='2016-02-27T21:53:09Z' uid='1468043' user='jengelh' version='1' changeset='37490063' lat='51.5274724' lon='9.8987037' />
  <node id='4030503717' timestamp='2016-02-27T21:53:09Z' uid='1468043' user='jengelh' version='1' changeset='37490063' lat='51.5274772' lon='9.8985285' />
  <node id='4030503718' timestamp='2016-02-27T21:53:09Z' uid='1468043' user='jengelh' version='1' changeset='37490063' lat='51.5274817' lon='9.8986967' />
  <node id='4030503719' timestamp='2016-02-27T21:53:09Z' uid='1468043' user='jengelh' version='1' changeset='37490063' lat='51.5274901' lon='9.8985166' />
  <node id='4030503720' timestamp='2016-02-27T21:53:09Z' uid='1468043' user='jengelh' version='1' changeset='37490063' lat='51.5275181' lon='9.8986694' />
  <node id='4030503721' timestamp='2016-02-27T21:53:09Z' uid='1468043' user='jengelh' version='1' changeset='37490063' lat='51.5275239' lon='9.8984927' />
  <node id='4030503722' timestamp='2016-02-27T21:53:09Z' uid='1468043' user='jengelh' version='1' changeset='37490063' lat='51.5275365' lon='9.8984616' />
  <node id='4030503723' timestamp='2016-02-27T21:53:09Z' uid='1468043' user='jengelh' version='1' changeset='37490063' lat='51.5275638' lon='9.8986383' />
  <node id='4030595620' timestamp='2016-02-27T23:09:18Z' uid='1468043' user='jengelh' version='1' changeset='37491186' lat='51.5263856' lon='9.896149' />
  <node id='4030595621' timestamp='2016-02-27T23:09:18Z' uid='1468043' user='jengelh' version='1' changeset='37491186' lat='51.5264098' lon='9.8961255' />
  <node id='4030595623' timestamp='2016-02-27T23:09:18Z' uid='1468043' user='jengelh' version='1' changeset='37491186' lat='51.5264232' lon='9.8961153' />
  <node id='4030595625' timestamp='2016-02-27T23:09:18Z' uid='1468043' user='jengelh' version='1' changeset='37491186' lat='51.5264819' lon='9.896468' />
  <node id='4030595632' timestamp='2016-02-27T23:09:19Z' uid='1468043' user='jengelh' version='1' changeset='37491186' lat='51.5267941' lon='9.8958319' />
  <node id='4030595634' timestamp='2016-02-27T23:09:19Z' uid='1468043' user='jengelh' version='1' changeset='37491186' lat='51.5268049' lon='9.8957767' />
  <node id='4030595652' timestamp='2016-02-27T23:09:19Z' uid='1468043' user='jengelh' version='1' changeset='37491186' lat='51.5272333' lon='9.8959059' />
  <node id='4030595653' timestamp='2016-02-27T23:09:19Z' uid='1468043' user='jengelh' version='1' changeset='37491186' lat='51.5272481' lon='9.895895' />
  <node id='4030595656' timestamp='2016-02-27T23:09:19Z' uid='1468043' user='jengelh' version='1' changeset='37491186' lat='51.5273138' lon='9.8953034' />
  <node id='4030595662' timestamp='2016-02-27T23:09:19Z' uid='1468043' user='jengelh' version='1' changeset='37491186' lat='51.5274232' lon='9.8956116' />
  <node id='4043586021' timestamp='2016-03-06T13:02:19Z' uid='1468043' user='jengelh' version='1' changeset='37644703' lat='51.5260748' lon='9.8973305' />
  <node id='4110090251' timestamp='2024-05-25T21:17:01Z' uid='1468043' user='jengelh' version='5' changeset='151828728' lat='51.5273042' lon='9.900641'>
    <tag k='amenity' v='waste_basket' />
    <tag k='material' v='metal' />
    <tag k='survey:date' v='2024-03-22' />
  </node>
  <node id='4110090252' timestamp='2016-04-09T19:43:37Z' uid='1468043' user='jengelh' version='1' changeset='38436565' lat='51.5273048' lon='9.9006038'>
    <tag k='natural' v='tree' />
  </node>
  <node id='4110090253' timestamp='2024-05-25T21:17:01Z' uid='1468043' user='jengelh' version='5' changeset='151828728' lat='51.5273094' lon='9.9006588'>
    <tag k='amenity' v='bench' />
    <tag k='backrest' v='no' />
    <tag k='material' v='wood' />
    <tag k='seats' v='3' />
    <tag k='survey:date' v='2024-03-22' />
  </node>
  <node id='4110090258' timestamp='2025-08-23T13:18:45Z' uid='1468043' user='jengelh' version='2' changeset='170880560' lat='51.5275988' lon='9.9011358' />
  <node id='4110090259' timestamp='2025-08-23T13:18:45Z' uid='1468043' user='jengelh' version='2' changeset='170880560' lat='51.5276177' lon='9.9012016' />
  <node id='4110090260' timestamp='2025-08-23T13:18:45Z' uid='1468043' user='jengelh' version='2' changeset='170880560' lat='51.5276406' lon='9.9011035' />
  <node id='4110090261' timestamp='2025-08-23T13:18:45Z' uid='1468043' user='jengelh' version='2' changeset='170880560' lat='51.5276425' lon='9.90111' />
  <node id='4110090262' timestamp='2025-08-23T13:18:45Z' uid='1468043' user='jengelh' version='2' changeset='170880560' lat='51.5276597' lon='9.9011706' />
  <node id='4110090263' timestamp='2016-04-09T19:43:37Z' uid='1468043' user='jengelh' version='1' changeset='38436565' lat='51.5276919' lon='9.9012934' />
  <node id='4110090269' timestamp='2025-03-13T09:16:06Z' uid='1468043' user='jengelh' version='2' changeset='163560956' lat='51.5278092' lon='9.9022172' />
  <node id='4110090271' timestamp='2016-04-09T19:43:37Z' uid='1468043' user='jengelh' version='1' changeset='38436565' lat='51.527841' lon='9.9011838' />
  <node id='4110090272' timestamp='2016-04-09T19:43:37Z' uid='1468043' user='jengelh' version='1' changeset='38436565' lat='51.527851' lon='9.9012191' />
  <node id='4110090273' timestamp='2016-04-09T19:43:37Z' uid='1468043' user='jengelh' version='1' changeset='38436565' lat='51.5278598' lon='9.9011286' />
  <node id='4110090274' timestamp='2018-04-19T10:27:33Z' uid='1468043' user='jengelh' version='2' changeset='58228678' lat='51.5278605' lon='9.9011744'>
    <tag k='barrier' v='bollard' />
    <tag k='survey:date' v='2016-04-09' />
  </node>
  <node id='4110090275' timestamp='2018-04-19T10:27:33Z' uid='1468043' user='jengelh' version='2' changeset='58228678' lat='51.5278835' lon='9.9013581'>
    <tag k='entrance' v='main' />
    <tag k='survey:date' v='2016-04-09' />
  </node>
  <node id='4110090276' timestamp='2018-04-19T10:27:33Z' uid='1468043' user='jengelh' version='2' changeset='58228678' lat='51.5278844' lon='9.9013279'>
    <tag k='amenity' v='bicycle_parking' />
    <tag k='bicycle_parking' v='stands' />
    <tag k='capacity' v='4' />
    <tag k='capacity:note' v='2 stands; per_capacity=2' />
    <tag k='survey:date' v='2016-04-09' />
  </node>
  <node id='4110090277' timestamp='2018-04-19T10:27:33Z' uid='1468043' user='jengelh' version='2' changeset='58228678' lat='51.527899' lon='9.9012589'>
    <tag k='amenity' v='waste_basket' />
    <tag k='survey:date' v='2016-04-09' />
  </node>
  <node id='4110090278' timestamp='2016-04-09T19:43:37Z' uid='1468043' user='jengelh' version='1' changeset='38436565' lat='51.5278995' lon='9.9012676' />
  <node id='4110090279' timestamp='2016-04-09T19:43:37Z' uid='1468043' user='jengelh' version='1' changeset='38436565' lat='51.5279073' lon='9.9009104' />
  <node id='4110090281' timestamp='2016-04-09T19:43:37Z' uid='1468043' user='jengelh' version='1' changeset='38436565' lat='51.527915' lon='9.9012562' />
  <node id='4110090283' timestamp='2016-04-09T19:43:37Z' uid='1468043' user='jengelh' version='1' changeset='38436565' lat='51.5279306' lon='9.9021319' />
  <node id='4110090285' timestamp='2016-04-09T19:43:37Z' uid='1468043' user='jengelh' version='1' changeset='38436565' lat='51.5279503' lon='9.901061' />
  <node id='4110090286' timestamp='2016-04-09T19:43:37Z' uid='1468043' user='jengelh' version='1' changeset='38436565' lat='51.5279593' lon='9.9021108' />
  <node id='4110090790' timestamp='2016-04-09T19:43:38Z' uid='1468043' user='jengelh' version='1' changeset='38436565' lat='51.5279999' lon='9.9015963' />
  <node id='4110090791' timestamp='2016-04-09T19:43:38Z' uid='1468043' user='jengelh' version='1' changeset='38436565' lat='51.5280275' lon='9.9019038'>
    <tag k='entrance' v='main' />
  </node>
  <node id='4110090792' timestamp='2016-04-09T19:43:38Z' uid='1468043' user='jengelh' version='1' changeset='38436565' lat='51.5280375' lon='9.9016859' />
  <node id='4110090793' timestamp='2016-04-09T19:43:38Z' uid='1468043' user='jengelh' version='1' changeset='38436565' lat='51.5280415' lon='9.9029175' />
  <node id='4110090795' timestamp='2016-04-09T19:43:38Z' uid='1468043' user='jengelh' version='1' changeset='38436565' lat='51.5280849' lon='9.9030496' />
  <node id='4110090796' timestamp='2016-04-09T19:43:38Z' uid='1468043' user='jengelh' version='1' changeset='38436565' lat='51.5281126' lon='9.9016306' />
  <node id='4110090797' timestamp='2016-04-09T19:43:38Z' uid='1468043' user='jengelh' version='1' changeset='38436565' lat='51.5281147' lon='9.901779' />
  <node id='4110090799' timestamp='2016-04-09T19:43:38Z' uid='1468043' user='jengelh' version='1' changeset='38436565' lat='51.5281458' lon='9.9018881' />
  <node id='4110090804' timestamp='2021-01-31T15:54:42Z' uid='1468043' user='jengelh' version='7' changeset='98454749' lat='51.528223' lon='9.9001625'>
    <tag k='addr:city' v='Göttingen' />
    <tag k='addr:country' v='DE' />
    <tag k='addr:housenumber' v='23' />
    <tag k='addr:postcode' v='37081' />
    <tag k='addr:street' v='Deisterstraße' />
    <tag k='addr:suburb' v='Grone' />
    <tag k='entrance' v='yes' />
    <tag k='survey:date' v='2016-06-19' />
  </node>
  <node id='4110090810' timestamp='2016-04-09T19:43:38Z' uid='1468043' user='jengelh' version='1' changeset='38436565' lat='51.5282665' lon='9.9001301' />
  <node id='4110090811' timestamp='2016-04-09T19:43:38Z' uid='1468043' user='jengelh' version='1' changeset='38436565' lat='51.5282749' lon='9.9001239' />
  <node id='4110090812' timestamp='2016-04-09T19:43:38Z' uid='1468043' user='jengelh' version='1' changeset='38436565' lat='51.5283141' lon='9.9002956' />
  <node id='4110090816' timestamp='2016-04-09T19:43:38Z' uid='1468043' user='jengelh' version='1' changeset='38436565' lat='51.5283494' lon='9.9016061' />
  <node id='4110090817' timestamp='2016-04-09T19:43:38Z' uid='1468043' user='jengelh' version='1' changeset='38436565' lat='51.5283651' lon='9.9014446' />
  <node id='4110090819' timestamp='2016-04-09T19:43:38Z' uid='1468043' user='jengelh' version='1' changeset='38436565' lat='51.5283836' lon='9.900537' />
  <node id='4110090822' timestamp='2016-04-09T19:43:38Z' uid='1468043' user='jengelh' version='1' changeset='38436565' lat='51.5284735' lon='9.9018248' />
  <node id='4110165906' timestamp='2016-04-09T20:35:09Z' uid='1468043' user='jengelh' version='1' changeset='38437790' lat='51.5257712' lon='9.8981884'>
    <tag k='source' v='hi-res aerial imagery' />
    <tag k='traffic_calming' v='choker' />
  </node>
  <node id='4110165912' timestamp='2016-04-09T20:35:09Z' uid='1468043' user='jengelh' version='1' changeset='38437790' lat='51.5260696' lon='9.8992116'>
    <tag k='source' v='hi-res aerial imagery' />
    <tag k='traffic_calming' v='choker' />
  </node>
  <node id='4110165913' timestamp='2016-04-09T20:35:09Z' uid='1468043' user='jengelh' version='1' changeset='38437790' lat='51.5262948' lon='9.8999762'>
    <tag k='source' v='hi-res aerial imagery' />
    <tag k='traffic_calming' v='choker' />
  </node>
  <node id='4110194523' timestamp='2024-05-10T21:44:47Z' uid='290680' user='wheelmap_visitor' version='4' changeset='151165463' lat='51.5271405' lon='9.8991726'>
    <tag k='backrest' v='no' />
    <tag k='leisure' v='picnic_table' />
    <tag k='material' v='wood' />
    <tag k='name' v='Jonaplatz' />
    <tag k='seats' v='6' />
    <tag k='survey:date' v='2021-05-30' />
    <tag k='wheelchair' v='limited' />
  </node>
  <node id='4110194527' timestamp='2016-04-09T20:48:32Z' uid='1468043' user='jengelh' version='1' changeset='38438082' lat='51.5263824' lon='9.9002736' />
  <node id='4110194528' timestamp='2016-04-09T20:48:32Z' uid='1468043' user='jengelh' version='1' changeset='38438082' lat='51.5265113' lon='9.9001794' />
  <node id='4110194529' timestamp='2025-08-23T13:18:45Z' uid='1468043' user='jengelh' version='2' changeset='170880560' lat='51.526527' lon='9.8997053' />
  <node id='4110194530' timestamp='2017-05-06T20:32:52Z' uid='1468043' user='jengelh' version='2' changeset='48461328' lat='51.5265673' lon='9.9003773'>
    <tag k='noexit' v='yes' />
  </node>
  <node id='4110194532' timestamp='2016-08-16T12:21:31Z' uid='1468043' user='jengelh' version='2' changeset='41488594' lat='51.5265959' lon='9.8996538' />
  <node id='4110194533' timestamp='2018-04-19T10:27:34Z' uid='1468043' user='jengelh' version='2' changeset='58228678' lat='51.5266249' lon='9.8985182'>
    <tag k='amenity' v='waste_basket' />
    <tag k='survey:date' v='2016-04-09' />
  </node>
  <node id='4110194534' timestamp='2018-04-19T10:27:34Z' uid='1468043' user='jengelh' version='2' changeset='58228678' lat='51.5266327' lon='9.8985466'>
    <tag k='amenity' v='bench' />
    <tag k='backrest' v='yes' />
    <tag k='material' v='wood' />
    <tag k='seats' v='3' />
    <tag k='survey:date' v='2016-04-09' />
  </node>
  <node id='4110194535' timestamp='2018-04-19T10:27:34Z' uid='1468043' user='jengelh' version='2' changeset='58228678' lat='51.5266412' lon='9.8985773'>
    <tag k='amenity' v='bench' />
    <tag k='backrest' v='yes' />
    <tag k='material' v='wood' />
    <tag k='seats' v='3' />
    <tag k='survey:date' v='2016-04-09' />
  </node>
  <node id='4110194538' timestamp='2018-04-19T10:27:34Z' uid='1468043' user='jengelh' version='2' changeset='58228678' lat='51.5266484' lon='9.8986036'>
    <tag k='amenity' v='bench' />
    <tag k='backrest' v='yes' />
    <tag k='material' v='wood' />
    <tag k='seats' v='3' />
    <tag k='survey:date' v='2016-04-09' />
  </node>
  <node id='4110194539' timestamp='2016-08-16T12:21:31Z' uid='1468043' user='jengelh' version='2' changeset='41488594' lat='51.5266433' lon='9.8996183' />
  <node id='4110194540' timestamp='2016-04-09T20:48:33Z' uid='1468043' user='jengelh' version='1' changeset='38438082' lat='51.5266722' lon='9.8973448' />
  <node id='4110194542' timestamp='2022-09-08T07:34:43Z' uid='12947456' user='hades0299' version='3' changeset='125930117' lat='51.5267089' lon='9.8994717'>
    <tag k='amenity' v='bicycle_parking' />
    <tag k='bicycle_parking' v='stands' />
    <tag k='capacity' v='6' />
    <tag k='capacity:note' v='3 stands; per_capacity=2' />
    <tag k='covered' v='no' />
    <tag k='survey:date' v='2016-04-09' />
  </node>
  <node id='4110194543' timestamp='2016-04-09T20:48:33Z' uid='1468043' user='jengelh' version='1' changeset='38438082' lat='51.5267099' lon='9.8985208' />
  <node id='4110194544' timestamp='2018-04-19T10:27:35Z' uid='1468043' user='jengelh' version='2' changeset='58228678' lat='51.5267402' lon='9.8983844'>
    <tag k='amenity' v='bench' />
    <tag k='backrest' v='yes' />
    <tag k='material' v='wood' />
    <tag k='seats' v='3' />
    <tag k='survey:date' v='2016-04-09' />
  </node>
  <node id='4110194545' timestamp='2018-04-19T10:27:35Z' uid='1468043' user='jengelh' version='2' changeset='58228678' lat='51.5267468' lon='9.8994375'>
    <tag k='amenity' v='grit_bin' />
    <tag k='survey:date' v='2016-04-09' />
  </node>
  <node id='4110194546' timestamp='2016-04-09T20:48:33Z' uid='1468043' user='jengelh' version='1' changeset='38438082' lat='51.5267544' lon='9.8986863' />
  <node id='4110194547' timestamp='2016-04-09T20:48:33Z' uid='1468043' user='jengelh' version='1' changeset='38438082' lat='51.5267906' lon='9.8983679' />
  <node id='4110194549' timestamp='2018-04-19T10:27:35Z' uid='1468043' user='jengelh' version='2' changeset='58228678' lat='51.5268044' lon='9.8985269'>
    <tag k='amenity' v='bench' />
    <tag k='backrest' v='yes' />
    <tag k='material' v='wood' />
    <tag k='seats' v='3' />
    <tag k='survey:date' v='2016-04-09' />
  </node>
  <node id='4110194550' timestamp='2022-09-08T07:34:48Z' uid='12947456' user='hades0299' version='3' changeset='125930117' lat='51.5268053' lon='9.8998492'>
    <tag k='amenity' v='bicycle_parking' />
    <tag k='bicycle_parking' v='stands' />
    <tag k='capacity' v='4' />
    <tag k='capacity:note' v='2 stands; per_capacity=2' />
    <tag k='covered' v='no' />
    <tag k='survey:date' v='2016-04-09' />
  </node>
  <node id='4110194551' timestamp='2016-04-09T20:48:34Z' uid='1468043' user='jengelh' version='1' changeset='38438082' lat='51.5268065' lon='9.8983901' />
  <node id='4110194552' timestamp='2018-04-19T10:27:35Z' uid='1468043' user='jengelh' version='2' changeset='58228678' lat='51.5268159' lon='9.8985413'>
    <tag k='amenity' v='waste_basket' />
    <tag k='survey:date' v='2016-04-09' />
  </node>
  <node id='4110194553' timestamp='2018-04-19T10:27:35Z' uid='1468043' user='jengelh' version='2' changeset='58228678' lat='51.5268311' lon='9.8985349'>
    <tag k='amenity' v='bench' />
    <tag k='backrest' v='yes' />
    <tag k='material' v='wood' />
    <tag k='seats' v='3' />
    <tag k='survey:date' v='2016-04-09' />
  </node>
  <node id='4110194554' timestamp='2016-04-09T20:48:34Z' uid='1468043' user='jengelh' version='1' changeset='38438082' lat='51.5268788' lon='9.8982132' />
  <node id='4110194555' timestamp='2018-04-19T10:27:35Z' uid='1468043' user='jengelh' version='2' changeset='58228678' lat='51.526881' lon='9.8982559'>
    <tag k='amenity' v='bench' />
    <tag k='material' v='wood' />
    <tag k='seats' v='2' />
    <tag k='survey:date' v='2016-04-09' />
  </node>
  <node id='4110194556' timestamp='2016-04-09T20:48:34Z' uid='1468043' user='jengelh' version='1' changeset='38438082' lat='51.5269083' lon='9.8994189' />
  <node id='4110194557' timestamp='2018-04-19T10:27:35Z' uid='1468043' user='jengelh' version='2' changeset='58228678' lat='51.5269093' lon='9.8983552'>
    <tag k='amenity' v='waste_basket' />
    <tag k='survey:date' v='2016-04-09' />
  </node>
  <node id='4110194558' timestamp='2018-04-19T10:27:35Z' uid='1468043' user='jengelh' version='2' changeset='58228678' lat='51.5269123' lon='9.8983699'>
    <tag k='amenity' v='bench' />
    <tag k='material' v='wood' />
    <tag k='seats' v='2' />
    <tag k='survey:date' v='2016-04-09' />
  </node>
  <node id='4110194561' timestamp='2018-04-19T10:27:36Z' uid='1468043' user='jengelh' version='2' changeset='58228678' lat='51.5270798' lon='9.8992272'>
    <tag k='amenity' v='bench' />
    <tag k='backrest' v='yes' />
    <tag k='material' v='wood' />
    <tag k='seats' v='3' />
    <tag k='survey:date' v='2016-04-09' />
  </node>
  <node id='4110194563' timestamp='2018-04-19T10:27:36Z' uid='1468043' user='jengelh' version='2' changeset='58228678' lat='51.5270985' lon='9.8991367'>
    <tag k='amenity' v='bench' />
    <tag k='backrest' v='yes' />
    <tag k='material' v='wood' />
    <tag k='seats' v='3' />
    <tag k='survey:date' v='2016-04-09' />
  </node>
  <node id='4110194565' timestamp='2018-04-19T10:27:36Z' uid='1468043' user='jengelh' version='2' changeset='58228678' lat='51.5271507' lon='9.8988987'>
    <tag k='amenity' v='bicycle_parking' />
    <tag k='bicycle_parking' v='wall_loops' />
    <tag k='capacity' v='4' />
    <tag k='survey:date' v='2016-04-09' />
  </node>
  <node id='4110194569' timestamp='2018-04-19T10:27:36Z' uid='1468043' user='jengelh' version='2' changeset='58228678' lat='51.5273155' lon='9.8988021'>
    <tag k='amenity' v='bicycle_parking' />
    <tag k='bicycle_parking' v='wall_loops' />
    <tag k='capacity' v='4' />
    <tag k='survey:date' v='2016-04-09' />
  </node>
  <node id='4110194570' timestamp='2025-04-27T11:40:44Z' uid='2725798' user='lesekaffee' version='3' changeset='165501616' lat='51.527367' lon='9.8981919'>
    <tag k='amenity' v='bicycle_parking' />
    <tag k='bicycle_parking' v='wall_loops' />
    <tag k='capacity' v='4' />
    <tag k='covered' v='no' />
    <tag k='survey:date' v='2016-04-09' />
  </node>
  <node id='4110194571' timestamp='2018-04-19T10:27:37Z' uid='1468043' user='jengelh' version='2' changeset='58228678' lat='51.5273858' lon='9.8989114'>
    <tag k='amenity' v='bench' />
    <tag k='backrest' v='yes' />
    <tag k='material' v='wood' />
    <tag k='seats' v='3' />
    <tag k='survey:date' v='2016-04-09' />
  </node>
  <node id='4110194573' timestamp='2018-04-19T10:27:37Z' uid='1468043' user='jengelh' version='2' changeset='58228678' lat='51.5273949' lon='9.8989221'>
    <tag k='amenity' v='waste_basket' />
    <tag k='survey:date' v='2016-04-09' />
  </node>
  <node id='4110194574' timestamp='2018-04-19T10:27:37Z' uid='1468043' user='jengelh' version='2' changeset='58228678' lat='51.5273983' lon='9.8989369'>
    <tag k='amenity' v='bench' />
    <tag k='backrest' v='yes' />
    <tag k='material' v='wood' />
    <tag k='seats' v='3' />
    <tag k='survey:date' v='2016-04-09' />
  </node>
  <node id='4110194575' timestamp='2025-04-27T11:40:27Z' uid='2725798' user='lesekaffee' version='3' changeset='165501616' lat='51.5274362' lon='9.8984561'>
    <tag k='amenity' v='bicycle_parking' />
    <tag k='bicycle_parking' v='wall_loops' />
    <tag k='capacity' v='4' />
    <tag k='covered' v='no' />
    <tag k='survey:date' v='2016-04-09' />
  </node>
  <node id='4110194577' timestamp='2018-04-19T10:27:37Z' uid='1468043' user='jengelh' version='2' changeset='58228678' lat='51.5274934' lon='9.8987996'>
    <tag k='barrier' v='bollard' />
    <tag k='survey:date' v='2016-04-09' />
  </node>
  <node id='4110194579' timestamp='2018-04-19T10:27:37Z' uid='1468043' user='jengelh' version='2' changeset='58228678' lat='51.5275443' lon='9.8989634'>
    <tag k='amenity' v='waste_basket' />
    <tag k='survey:date' v='2016-04-09' />
  </node>
  <node id='4110194581' timestamp='2018-04-19T10:27:37Z' uid='1468043' user='jengelh' version='2' changeset='58228678' lat='51.527552' lon='9.8989801'>
    <tag k='amenity' v='bench' />
    <tag k='backrest' v='yes' />
    <tag k='material' v='wood' />
    <tag k='seats' v='3' />
    <tag k='survey:date' v='2016-04-09' />
  </node>
  <node id='4110194582' timestamp='2025-04-27T11:40:34Z' uid='2725798' user='lesekaffee' version='3' changeset='165501616' lat='51.5275783' lon='9.898202'>
    <tag k='amenity' v='bicycle_parking' />
    <tag k='bicycle_parking' v='wall_loops' />
    <tag k='capacity' v='4' />
    <tag k='covered' v='no' />
    <tag k='survey:date' v='2016-04-09' />
  </node>
  <node id='4110194583' timestamp='2025-04-27T11:40:13Z' uid='2725798' user='lesekaffee' version='3' changeset='165501616' lat='51.5276699' lon='9.8985319'>
    <tag k='amenity' v='bicycle_parking' />
    <tag k='bicycle_parking' v='wall_loops' />
    <tag k='capacity' v='4' />
    <tag k='covered' v='no' />
    <tag k='survey:date' v='2016-04-09' />
  </node>
  <node id='4110194584' timestamp='2018-04-19T10:27:37Z' uid='1468043' user='jengelh' version='2' changeset='58228678' lat='51.5277581' lon='9.898777'>
    <tag k='amenity' v='bicycle_parking' />
    <tag k='bicycle_parking' v='wall_loops' />
    <tag k='capacity' v='4' />
    <tag k='survey:date' v='2016-04-09' />
  </node>
  <node id='4110225909' timestamp='2016-04-09T21:04:34Z' uid='1468043' user='jengelh' version='1' changeset='38438431' lat='51.5274005' lon='9.8979946' />
  <node id='4110225910' timestamp='2016-04-09T21:04:34Z' uid='1468043' user='jengelh' version='1' changeset='38438431' lat='51.5274596' lon='9.8977987' />
  <node id='4110225911' timestamp='2016-04-09T21:04:34Z' uid='1468043' user='jengelh' version='1' changeset='38438431' lat='51.5274911' lon='9.8979078' />
  <node id='4110225912' timestamp='2016-04-09T21:04:34Z' uid='1468043' user='jengelh' version='1' changeset='38438431' lat='51.5274914' lon='9.8983066' />
  <node id='4110225913' timestamp='2016-04-09T21:04:34Z' uid='1468043' user='jengelh' version='1' changeset='38438431' lat='51.5275101' lon='9.8978936' />
  <node id='4110225914' timestamp='2016-04-09T21:04:34Z' uid='1468043' user='jengelh' version='1' changeset='38438431' lat='51.5275147' lon='9.8979096'>
    <tag k='entrance' v='main' />
    <tag k='source' v='hi-res aerial imagery' />
  </node>
  <node id='4110225915' timestamp='2016-04-09T21:04:34Z' uid='1468043' user='jengelh' version='1' changeset='38438431' lat='51.5275205' lon='9.8979772' />
  <node id='4110225916' timestamp='2016-04-09T21:04:34Z' uid='1468043' user='jengelh' version='1' changeset='38438431' lat='51.5275318' lon='9.8979687' />
  <node id='4110225917' timestamp='2016-04-09T21:04:34Z' uid='1468043' user='jengelh' version='1' changeset='38438431' lat='51.5275536' lon='9.8980922' />
  <node id='4110225918' timestamp='2016-04-09T21:04:34Z' uid='1468043' user='jengelh' version='1' changeset='38438431' lat='51.5275711' lon='9.8985804' />
  <node id='4110225919' timestamp='2016-04-09T21:04:34Z' uid='1468043' user='jengelh' version='1' changeset='38438431' lat='51.527586' lon='9.8978771' />
  <node id='4110225920' timestamp='2016-04-09T21:04:34Z' uid='1468043' user='jengelh' version='1' changeset='38438431' lat='51.5275893' lon='9.898216' />
  <node id='4110225921' timestamp='2016-04-09T21:04:34Z' uid='1468043' user='jengelh' version='1' changeset='38438431' lat='51.5275981' lon='9.8979193' />
  <node id='4110225922' timestamp='2016-04-09T21:04:34Z' uid='1468043' user='jengelh' version='1' changeset='38438431' lat='51.5276022' lon='9.8982064' />
  <node id='4110225923' timestamp='2016-04-09T21:04:34Z' uid='1468043' user='jengelh' version='1' changeset='38438431' lat='51.5276064' lon='9.898221'>
    <tag k='entrance' v='main' />
    <tag k='source' v='hi-res aerial imagery' />
  </node>
  <node id='4110225924' timestamp='2016-04-09T21:04:34Z' uid='1468043' user='jengelh' version='1' changeset='38438431' lat='51.527607' lon='9.8976889' />
  <node id='4110225925' timestamp='2016-04-09T21:04:34Z' uid='1468043' user='jengelh' version='1' changeset='38438431' lat='51.527609' lon='9.8979112' />
  <node id='4110225926' timestamp='2016-04-09T21:04:34Z' uid='1468043' user='jengelh' version='1' changeset='38438431' lat='51.5276422' lon='9.8980262' />
  <node id='4110225927' timestamp='2016-04-09T21:04:34Z' uid='1468043' user='jengelh' version='1' changeset='38438431' lat='51.527644' lon='9.8983513' />
  <node id='4110225928' timestamp='2016-04-09T21:04:34Z' uid='1468043' user='jengelh' version='1' changeset='38438431' lat='51.5276458' lon='9.8988372' />
  <node id='4110225929' timestamp='2016-04-09T21:04:34Z' uid='1468043' user='jengelh' version='1' changeset='38438431' lat='51.5276479' lon='9.8978309' />
  <node id='4110225930' timestamp='2016-04-09T21:04:34Z' uid='1468043' user='jengelh' version='1' changeset='38438431' lat='51.5276759' lon='9.898513' />
  <node id='4110225931' timestamp='2016-04-09T21:04:34Z' uid='1468043' user='jengelh' version='1' changeset='38438431' lat='51.5276779' lon='9.89815' />
  <node id='4110225934' timestamp='2016-04-09T21:04:34Z' uid='1468043' user='jengelh' version='1' changeset='38438431' lat='51.5276855' lon='9.8984952'>
    <tag k='entrance' v='main' />
    <tag k='source' v='hi-res aerial imagery' />
  </node>
  <node id='4110225935' timestamp='2016-04-09T21:04:34Z' uid='1468043' user='jengelh' version='1' changeset='38438431' lat='51.527688' lon='9.898504' />
  <node id='4110225936' timestamp='2016-04-09T21:04:34Z' uid='1468043' user='jengelh' version='1' changeset='38438431' lat='51.5276914' lon='9.89814' />
  <node id='4110225937' timestamp='2016-04-09T21:04:34Z' uid='1468043' user='jengelh' version='1' changeset='38438431' lat='51.5277087' lon='9.8986267' />
  <node id='4110225940' timestamp='2016-04-09T21:04:34Z' uid='1468043' user='jengelh' version='1' changeset='38438431' lat='51.5277331' lon='9.8982848' />
  <node id='4110225941' timestamp='2016-04-09T21:04:34Z' uid='1468043' user='jengelh' version='1' changeset='38438431' lat='51.5277429' lon='9.8987452' />
  <node id='4110225942' timestamp='2016-04-09T21:04:34Z' uid='1468043' user='jengelh' version='1' changeset='38438431' lat='51.5277553' lon='9.8987359' />
  <node id='4110225943' timestamp='2016-04-09T21:04:34Z' uid='1468043' user='jengelh' version='1' changeset='38438431' lat='51.52776' lon='9.8987521'>
    <tag k='entrance' v='main' />
    <tag k='source' v='hi-res aerial imagery' />
  </node>
  <node id='4110225944' timestamp='2016-04-09T21:04:34Z' uid='1468043' user='jengelh' version='1' changeset='38438431' lat='51.5277642' lon='9.8984473' />
  <node id='4110225946' timestamp='2016-04-09T21:04:34Z' uid='1468043' user='jengelh' version='1' changeset='38438431' lat='51.5277772' lon='9.8984376' />
  <node id='4110225948' timestamp='2016-04-09T21:04:34Z' uid='1468043' user='jengelh' version='1' changeset='38438431' lat='51.527797' lon='9.898561' />
  <node id='4110225949' timestamp='2016-04-09T21:04:34Z' uid='1468043' user='jengelh' version='1' changeset='38438431' lat='51.5277987' lon='9.8988862' />
  <node id='4110225952' timestamp='2016-04-09T21:04:34Z' uid='1468043' user='jengelh' version='1' changeset='38438431' lat='51.5278311' lon='9.8986794' />
  <node id='4110225953' timestamp='2016-04-09T21:04:34Z' uid='1468043' user='jengelh' version='1' changeset='38438431' lat='51.5278449' lon='9.8986692' />
  <node id='4110225956' timestamp='2016-04-09T21:04:35Z' uid='1468043' user='jengelh' version='1' changeset='38438431' lat='51.5278581' lon='9.8994271' />
  <node id='4110225961' timestamp='2016-04-09T21:04:35Z' uid='1468043' user='jengelh' version='1' changeset='38438431' lat='51.5279005' lon='9.8995741' />
  <node id='4110225965' timestamp='2016-06-19T19:55:39Z' uid='1468043' user='jengelh' version='2' changeset='40143308' lat='51.5279639' lon='9.8990821' />
  <node id='4110225966' timestamp='2016-04-09T21:04:35Z' uid='1468043' user='jengelh' version='1' changeset='38438431' lat='51.5279733' lon='9.8995082' />
  <node id='4110225967' timestamp='2016-04-09T21:04:35Z' uid='1468043' user='jengelh' version='1' changeset='38438431' lat='51.5279748' lon='9.8976443' />
  <node id='4110225968' timestamp='2016-04-09T21:04:35Z' uid='1468043' user='jengelh' version='1' changeset='38438431' lat='51.527976' lon='9.8995177' />
  <node id='4110225969' timestamp='2016-04-09T21:04:35Z' uid='1468043' user='jengelh' version='1' changeset='38438431' lat='51.528016' lon='9.8987743' />
  <node id='4110225970' timestamp='2016-04-09T21:04:35Z' uid='1468043' user='jengelh' version='1' changeset='38438431' lat='51.5280333' lon='9.8986897' />
  <node id='4110225971' timestamp='2016-04-09T21:04:35Z' uid='1468043' user='jengelh' version='1' changeset='38438431' lat='51.5280365' lon='9.8988572' />
  <node id='4110225972' timestamp='2016-04-09T21:04:35Z' uid='1468043' user='jengelh' version='1' changeset='38438431' lat='51.5280805' lon='9.8986428' />
  <node id='4110225973' timestamp='2016-04-09T21:04:35Z' uid='1468043' user='jengelh' version='1' changeset='38438431' lat='51.5280834' lon='9.8992401' />
  <node id='4110225974' timestamp='2016-04-09T21:04:35Z' uid='1468043' user='jengelh' version='1' changeset='38438431' lat='51.5280853' lon='9.8988994' />
  <node id='4110225975' timestamp='2016-04-09T21:04:35Z' uid='1468043' user='jengelh' version='1' changeset='38438431' lat='51.5280879' lon='9.8992556' />
  <node id='4110225976' timestamp='2016-04-09T21:04:35Z' uid='1468043' user='jengelh' version='1' changeset='38438431' lat='51.5281061' lon='9.8994091' />
  <node id='4110225977' timestamp='2016-04-09T21:04:35Z' uid='1468043' user='jengelh' version='1' changeset='38438431' lat='51.5281149' lon='9.8993491' />
  <node id='4110225978' timestamp='2016-04-09T21:04:35Z' uid='1468043' user='jengelh' version='1' changeset='38438431' lat='51.5281206' lon='9.8994594' />
  <node id='4110225979' timestamp='2016-04-09T21:04:35Z' uid='1468043' user='jengelh' version='1' changeset='38438431' lat='51.5281346' lon='9.8993344' />
  <node id='4110225980' timestamp='2016-04-09T21:04:35Z' uid='1468043' user='jengelh' version='1' changeset='38438431' lat='51.5281354' lon='9.8986556' />
  <node id='4110225981' timestamp='2016-04-09T21:04:35Z' uid='1468043' user='jengelh' version='1' changeset='38438431' lat='51.5281396' lon='9.8988813' />
  <node id='4110225982' timestamp='2016-04-09T21:04:35Z' uid='1468043' user='jengelh' version='1' changeset='38438431' lat='51.5281415' lon='9.8993586' />
  <node id='4110225983' timestamp='2016-04-09T21:04:35Z' uid='1468043' user='jengelh' version='1' changeset='38438431' lat='51.5281618' lon='9.8994287' />
  <node id='4110225984' timestamp='2016-04-09T21:04:35Z' uid='1468043' user='jengelh' version='1' changeset='38438431' lat='51.5281723' lon='9.8987222' />
  <node id='4110225985' timestamp='2016-04-09T21:04:35Z' uid='1468043' user='jengelh' version='1' changeset='38438431' lat='51.528174' lon='9.8988113' />
  <node id='4110227991' timestamp='2016-04-09T21:04:35Z' uid='1468043' user='jengelh' version='1' changeset='38438431' lat='51.5283022' lon='9.8992386' />
  <node id='4110227992' timestamp='2016-04-09T21:04:35Z' uid='1468043' user='jengelh' version='1' changeset='38438431' lat='51.5283047' lon='9.8992473' />
  <node id='4110227993' timestamp='2016-04-09T21:04:35Z' uid='1468043' user='jengelh' version='1' changeset='38438431' lat='51.5283389' lon='9.8990494' />
  <node id='4110227995' timestamp='2016-04-09T21:04:35Z' uid='1468043' user='jengelh' version='1' changeset='38438431' lat='51.5283799' lon='9.8991912' />
  <node id='4224084564' timestamp='2022-08-26T07:25:35Z' uid='645182' user='dktue' version='5' changeset='125392037' lat='51.5265945' lon='9.900143'>
    <tag k='addr:city' v='Göttingen' />
    <tag k='addr:housenumber' v='2' />
    <tag k='addr:postcode' v='37081' />
    <tag k='addr:street' v='Sollingstraße' />
    <tag k='addr:suburb' v='Grone' />
    <tag k='amenity' v='atm' />
    <tag k='brand' v='Sparkasse' />
    <tag k='contact:phone' v='+49 551 4050' />
    <tag k='drive_through' v='no' />
    <tag k='indoor' v='yes' />
    <tag k='name' v='Sparkasse – Geldautomat Sollingstraße (REWE)' />
    <tag k='opening_hours' v='Mo-Sa 07:00-22:00; PH off' />
    <tag k='operator' v='Sparkasse Göttingen' />
  </node>
  <node id='4224352500' timestamp='2016-06-03T20:24:44Z' uid='1468043' user='jengelh' version='1' changeset='39787231' lat='51.5237652' lon='9.8967604' />
  <node id='4224352507' timestamp='2016-06-03T20:24:45Z' uid='1468043' user='jengelh' version='1' changeset='39787231' lat='51.5242726' lon='9.8963527' />
  <node id='4224352517' timestamp='2016-06-03T20:24:45Z' uid='1468043' user='jengelh' version='1' changeset='39787231' lat='51.5251537' lon='9.8960791' />
  <node id='4224352527' timestamp='2016-06-03T20:24:45Z' uid='1468043' user='jengelh' version='1' changeset='39787231' lat='51.5255375' lon='9.8952262' />
  <node id='4224352528' timestamp='2016-06-03T20:24:45Z' uid='1468043' user='jengelh' version='1' changeset='39787231' lat='51.5255926' lon='9.9019907' />
  <node id='4224352542' timestamp='2016-06-03T20:24:45Z' uid='1468043' user='jengelh' version='1' changeset='39787231' lat='51.5261383' lon='9.8969213' />
  <node id='4224352548' timestamp='2016-06-03T20:24:45Z' uid='1468043' user='jengelh' version='1' changeset='39787231' lat='51.5265271' lon='9.9008803' />
  <node id='4224352549' timestamp='2016-06-03T20:24:45Z' uid='1468043' user='jengelh' version='1' changeset='39787231' lat='51.5266105' lon='9.9011914' />
  <node id='4224352550' timestamp='2016-06-03T20:24:45Z' uid='1468043' user='jengelh' version='1' changeset='39787231' lat='51.5266706' lon='9.897388' />
  <node id='4224352554' timestamp='2016-06-03T20:24:46Z' uid='1468043' user='jengelh' version='1' changeset='39787231' lat='51.5267373' lon='9.8987399' />
  <node id='4224352560' timestamp='2016-06-03T20:24:46Z' uid='1468043' user='jengelh' version='1' changeset='39787231' lat='51.527021' lon='9.8985092' />
  <node id='4224352561' timestamp='2016-06-03T20:24:46Z' uid='1468043' user='jengelh' version='1' changeset='39787231' lat='51.5270544' lon='9.9062045' />
  <node id='4224352563' timestamp='2016-06-03T20:24:46Z' uid='1468043' user='jengelh' version='1' changeset='39787231' lat='51.5270978' lon='9.8970662' />
  <node id='4224352566' timestamp='2016-06-03T20:24:46Z' uid='1468043' user='jengelh' version='1' changeset='39787231' lat='51.5272747' lon='9.8976321' />
  <node id='4224352568' timestamp='2016-06-03T20:24:46Z' uid='1468043' user='jengelh' version='1' changeset='39787231' lat='51.5273355' lon='9.8952253' />
  <node id='4224352569' timestamp='2016-06-03T20:24:46Z' uid='1468043' user='jengelh' version='1' changeset='39787231' lat='51.5273431' lon='9.8936866' />
  <node id='4224352570' timestamp='2016-06-03T20:24:46Z' uid='1468043' user='jengelh' version='1' changeset='39787231' lat='51.5273848' lon='9.8938127' />
  <node id='4224352572' timestamp='2016-06-03T20:24:46Z' uid='1468043' user='jengelh' version='1' changeset='39787231' lat='51.527512' lon='9.8942576' />
  <node id='4224352573' timestamp='2016-06-03T20:24:46Z' uid='1468043' user='jengelh' version='1' changeset='39787231' lat='51.5275333' lon='9.895886' />
  <node id='4224352578' timestamp='2016-06-03T20:24:46Z' uid='1468043' user='jengelh' version='1' changeset='39787231' lat='51.5277668' lon='9.8940771' />
  <node id='4224352583' timestamp='2016-06-03T20:24:46Z' uid='1468043' user='jengelh' version='1' changeset='39787231' lat='51.5279638' lon='9.8947353' />
  <node id='4224352584' timestamp='2016-06-03T20:24:46Z' uid='1468043' user='jengelh' version='1' changeset='39787231' lat='51.5282759' lon='9.8929785' />
  <node id='4224352591' timestamp='2016-06-03T20:24:46Z' uid='1468043' user='jengelh' version='1' changeset='39787231' lat='51.528643' lon='9.8942579' />
  <node id='4224352607' timestamp='2016-06-03T20:24:47Z' uid='1468043' user='jengelh' version='1' changeset='39787231' lat='51.5293922' lon='9.8936946' />
  <node id='4224352613' timestamp='2016-06-03T20:24:47Z' uid='1468043' user='jengelh' version='1' changeset='39787231' lat='51.5297727' lon='9.8949365' />
  <node id='4224352614' timestamp='2016-06-03T20:24:47Z' uid='1468043' user='jengelh' version='1' changeset='39787231' lat='51.5299404' lon='9.895515' />
  <node id='4224352624' timestamp='2016-06-03T20:24:47Z' uid='1468043' user='jengelh' version='1' changeset='39787231' lat='51.5306075' lon='9.8978157' />
  <node id='4224352645' timestamp='2016-06-03T20:24:47Z' uid='1468043' user='jengelh' version='1' changeset='39787231' lat='51.5320903' lon='9.9029295' />
  <node id='4224352655' timestamp='2016-06-03T20:24:48Z' uid='1468043' user='jengelh' version='1' changeset='39787231' lat='51.5325849' lon='9.9046361' />
  <node id='4253342652' timestamp='2026-01-03T16:17:17Z' uid='18511019' user='Senihtu' version='10' changeset='176788533' lat='51.5267193' lon='9.8996724'>
    <tag k='addr:city' v='Göttingen' />
    <tag k='addr:country' v='DE' />
    <tag k='addr:housenumber' v='1' />
    <tag k='addr:place' v='Jonaplatz' />
    <tag k='addr:postcode' v='37081' />
    <tag k='addr:suburb' v='Grone' />
    <tag k='amenity' v='social_facility' />
    <tag k='contact:fax' v='+49 551 99739986' />
    <tag k='contact:phone' v='+49 551 99739982' />
    <tag k='name' v='MSP Ambulanter Pflegedienst' />
    <tag k='opening_hours' v='Mo-Fr 08:00-13:00 &quot;Bürozeiten&quot;; Tu,Th 10:00-12:00 &quot;Beratungsstelle&quot;; PH off' />
    <tag k='social_facility' v='ambulatory_care' />
    <tag k='survey:date' v='2016-06-19' />
  </node>
  <node id='4253342669' timestamp='2016-08-16T12:21:31Z' uid='1468043' user='jengelh' version='2' changeset='41488594' lat='51.5267005' lon='9.8994556'>
    <tag k='entrance' v='main' />
  </node>
  <node id='4253342677' timestamp='2016-06-19T19:55:35Z' uid='1468043' user='jengelh' version='1' changeset='40143308' lat='51.5277108' lon='9.8990166' />
  <node id='4253342678' timestamp='2018-04-19T09:38:34Z' uid='1468043' user='jengelh' version='2' changeset='58227479' lat='51.5277751' lon='9.8992234'>
    <tag k='amenity' v='waste_basket' />
    <tag k='survey:date' v='2016-06-19' />
  </node>
  <node id='4253342679' timestamp='2016-06-19T19:55:35Z' uid='1468043' user='jengelh' version='1' changeset='40143308' lat='51.527793' lon='9.8993055' />
  <node id='4253342680' timestamp='2016-06-19T19:55:35Z' uid='1468043' user='jengelh' version='1' changeset='40143308' lat='51.5278141' lon='9.8989396' />
  <node id='4253342681' timestamp='2018-04-19T09:38:34Z' uid='1468043' user='jengelh' version='2' changeset='58227479' lat='51.5278207' lon='9.8991567'>
    <tag k='amenity' v='bench' />
    <tag k='backrest' v='yes' />
    <tag k='material' v='wood' />
    <tag k='seats' v='3' />
    <tag k='survey:date' v='2016-06-19' />
  </node>
  <node id='4253342682' timestamp='2016-06-19T19:55:35Z' uid='1468043' user='jengelh' version='1' changeset='40143308' lat='51.5278442' lon='9.8989633' />
  <node id='4253342683' timestamp='2016-06-19T19:55:35Z' uid='1468043' user='jengelh' version='1' changeset='40143308' lat='51.5278592' lon='9.8990154' />
  <node id='4253342684' timestamp='2016-06-19T19:55:35Z' uid='1468043' user='jengelh' version='1' changeset='40143308' lat='51.5278785' lon='9.8991456' />
  <node id='4253342685' timestamp='2016-06-19T19:55:35Z' uid='1468043' user='jengelh' version='1' changeset='40143308' lat='51.5278896' lon='9.8988244' />
  <node id='4253342686' timestamp='2016-06-19T19:55:35Z' uid='1468043' user='jengelh' version='1' changeset='40143308' lat='51.5279014' lon='9.8992248' />
  <node id='4253342687' timestamp='2016-06-19T19:55:35Z' uid='1468043' user='jengelh' version='1' changeset='40143308' lat='51.5279145' lon='9.8989109' />
  <node id='4265888875' timestamp='2016-06-26T10:53:17Z' uid='1468043' user='jengelh' version='1' changeset='40298350' lat='51.525524' lon='9.8963684' />
  <node id='4265894799' timestamp='2016-06-26T10:53:18Z' uid='1468043' user='jengelh' version='1' changeset='40298350' lat='51.5256321' lon='9.8977076' />
  <node id='4265894815' timestamp='2016-06-26T10:53:18Z' uid='1468043' user='jengelh' version='1' changeset='40298350' lat='51.5257335' lon='9.8967095' />
  <node id='4265894844' timestamp='2016-06-26T10:53:18Z' uid='1468043' user='jengelh' version='1' changeset='40298350' lat='51.5258734' lon='9.8960705' />
  <node id='4265894848' timestamp='2016-06-26T10:53:19Z' uid='1468043' user='jengelh' version='1' changeset='40298350' lat='51.5259168' lon='9.8962724' />
  <node id='4265894852' timestamp='2016-06-26T10:53:19Z' uid='1468043' user='jengelh' version='1' changeset='40298350' lat='51.5259764' lon='9.8991937' />
  <node id='4265894855' timestamp='2016-06-26T10:53:19Z' uid='1468043' user='jengelh' version='1' changeset='40298350' lat='51.5260138' lon='9.899322' />
  <node id='4265894856' timestamp='2016-06-26T10:53:19Z' uid='1468043' user='jengelh' version='1' changeset='40298350' lat='51.5260184' lon='9.8991621' />
  <node id='4265894857' timestamp='2016-06-26T10:53:19Z' uid='1468043' user='jengelh' version='1' changeset='40298350' lat='51.5260557' lon='9.8992905' />
  <node id='4265894858' timestamp='2025-08-23T13:18:45Z' uid='1468043' user='jengelh' version='2' changeset='170880560' lat='51.5260854' lon='9.8995684' />
  <node id='4265894859' timestamp='2025-08-23T13:18:45Z' uid='1468043' user='jengelh' version='2' changeset='170880560' lat='51.5260923' lon='9.899592' />
  <node id='4265894860' timestamp='2016-06-26T10:53:19Z' uid='1468043' user='jengelh' version='1' changeset='40298350' lat='51.5261274' lon='9.8995369' />
  <node id='4265894861' timestamp='2016-06-26T10:53:19Z' uid='1468043' user='jengelh' version='1' changeset='40298350' lat='51.5261343' lon='9.8995605' />
  <node id='4265894862' timestamp='2016-06-26T10:53:19Z' uid='1468043' user='jengelh' version='1' changeset='40298350' lat='51.526154' lon='9.8998043' />
  <node id='4265894863' timestamp='2016-06-26T10:53:19Z' uid='1468043' user='jengelh' version='1' changeset='40298350' lat='51.526196' lon='9.8997727' />
  <node id='4266027664' timestamp='2016-06-26T11:56:58Z' uid='1468043' user='jengelh' version='1' changeset='40299325' lat='51.5250538' lon='9.896103' />
  <node id='4266028629' timestamp='2016-06-26T11:56:59Z' uid='1468043' user='jengelh' version='1' changeset='40299325' lat='51.5252963' lon='9.8969386' />
  <node id='4266028653' timestamp='2016-06-26T11:56:59Z' uid='1468043' user='jengelh' version='1' changeset='40299325' lat='51.5253556' lon='9.8971428' />
  <node id='4266028665' timestamp='2016-06-26T11:56:59Z' uid='1468043' user='jengelh' version='1' changeset='40299325' lat='51.5253967' lon='9.8972844' />
  <node id='4266028696' timestamp='2016-06-26T11:57:00Z' uid='1468043' user='jengelh' version='1' changeset='40299325' lat='51.5254815' lon='9.8975769' />
  <node id='4266028709' timestamp='2016-06-26T11:57:00Z' uid='1468043' user='jengelh' version='1' changeset='40299325' lat='51.5255234' lon='9.8977212' />
  <node id='4266028712' timestamp='2016-06-26T11:57:00Z' uid='1468043' user='jengelh' version='1' changeset='40299325' lat='51.5255375' lon='9.8977696' />
  <node id='4266028718' timestamp='2016-06-26T11:57:00Z' uid='1468043' user='jengelh' version='1' changeset='40299325' lat='51.5255789' lon='9.8979124' />
  <node id='4266028724' timestamp='2016-06-26T11:57:00Z' uid='1468043' user='jengelh' version='1' changeset='40299325' lat='51.5256527' lon='9.8981666' />
  <node id='4266028725' timestamp='2016-06-26T11:57:00Z' uid='1468043' user='jengelh' version='1' changeset='40299325' lat='51.5257231' lon='9.8984095' />
  <node id='4266028726' timestamp='2016-06-26T11:57:00Z' uid='1468043' user='jengelh' version='1' changeset='40299325' lat='51.5257454' lon='9.8980978' />
  <node id='4277392225' timestamp='2016-07-01T22:34:07Z' uid='1468043' user='jengelh' version='1' changeset='40429514' lat='51.5278329' lon='9.8994459' />
  <node id='4352652077' timestamp='2023-08-28T14:31:28Z' uid='1468043' user='jengelh' version='5' changeset='140498327' lat='51.5270889' lon='9.9002532'>
    <tag k='board_type' v='history' />
    <tag k='information' v='board' />
    <tag k='name' v='Grone seit 929' />
    <tag k='survey:date' v='2022-02-07' />
    <tag k='tourism' v='information' />
  </node>
  <node id='4352653190' timestamp='2016-08-16T13:34:35Z' uid='1468043' user='jengelh' version='1' changeset='41489979' lat='51.5260593' lon='9.8982289' />
  <node id='4352653191' timestamp='2016-08-16T13:34:35Z' uid='1468043' user='jengelh' version='1' changeset='41489979' lat='51.5261076' lon='9.8984003' />
  <node id='4352653192' timestamp='2016-08-16T13:34:35Z' uid='1468043' user='jengelh' version='1' changeset='41489979' lat='51.5261263' lon='9.8982602' />
  <node id='4352653193' timestamp='2016-08-16T13:34:35Z' uid='1468043' user='jengelh' version='1' changeset='41489979' lat='51.526144' lon='9.898322' />
  <node id='4352653194' timestamp='2018-04-19T09:38:50Z' uid='1468043' user='jengelh' version='2' changeset='58227479' lat='51.526149' lon='9.8984866'>
    <tag k='amenity' v='waste_basket' />
    <tag k='material' v='metal' />
    <tag k='survey:date' v='2016-06-19' />
  </node>
  <node id='4352653195' timestamp='2018-04-19T09:38:50Z' uid='1468043' user='jengelh' version='2' changeset='58227479' lat='51.5261494' lon='9.8985091'>
    <tag k='amenity' v='bench' />
    <tag k='backrest' v='yes' />
    <tag k='material' v='metal' />
    <tag k='seats' v='3' />
    <tag k='survey:date' v='2016-06-19' />
  </node>
  <node id='4352653196' timestamp='2016-08-16T13:34:35Z' uid='1468043' user='jengelh' version='1' changeset='41489979' lat='51.5261561' lon='9.8983643' />
  <node id='4352653197' timestamp='2016-08-16T13:34:35Z' uid='1468043' user='jengelh' version='1' changeset='41489979' lat='51.5261619' lon='9.8984865' />
  <node id='4352653198' timestamp='2016-08-16T13:34:35Z' uid='1468043' user='jengelh' version='1' changeset='41489979' lat='51.5261634' lon='9.8984694' />
  <node id='4352653199' timestamp='2016-08-16T13:34:35Z' uid='1468043' user='jengelh' version='1' changeset='41489979' lat='51.5261669' lon='9.8986075' />
  <node id='4352653200' timestamp='2016-08-16T13:34:35Z' uid='1468043' user='jengelh' version='1' changeset='41489979' lat='51.5261677' lon='9.898509' />
  <node id='4352653201' timestamp='2016-08-16T13:34:35Z' uid='1468043' user='jengelh' version='1' changeset='41489979' lat='51.5261686' lon='9.8984413' />
  <node id='4352653202' timestamp='2016-08-16T13:34:35Z' uid='1468043' user='jengelh' version='1' changeset='41489979' lat='51.5261731' lon='9.8984236' />
  <node id='4352653203' timestamp='2016-08-16T13:34:35Z' uid='1468043' user='jengelh' version='1' changeset='41489979' lat='51.5261773' lon='9.8985291' />
  <node id='4352653204' timestamp='2016-08-16T13:34:35Z' uid='1468043' user='jengelh' version='1' changeset='41489979' lat='51.526185' lon='9.898245' />
  <node id='4352653205' timestamp='2016-08-16T13:34:36Z' uid='1468043' user='jengelh' version='1' changeset='41489979' lat='51.5261915' lon='9.8985415' />
  <node id='4352653206' timestamp='2016-08-16T13:34:36Z' uid='1468043' user='jengelh' version='1' changeset='41489979' lat='51.5261958' lon='9.8982457' />
  <node id='4352653207' timestamp='2016-08-16T13:34:36Z' uid='1468043' user='jengelh' version='1' changeset='41489979' lat='51.5261997' lon='9.8983957'>
    <tag k='artwork_type' v='sculpture' />
    <tag k='tourism' v='artwork' />
  </node>
  <node id='4352653208' timestamp='2016-08-16T13:34:36Z' uid='1468043' user='jengelh' version='1' changeset='41489979' lat='51.5262065' lon='9.8985439' />
  <node id='4352653209' timestamp='2016-08-16T13:34:36Z' uid='1468043' user='jengelh' version='1' changeset='41489979' lat='51.5262137' lon='9.8982641' />
  <node id='4352653210' timestamp='2016-08-16T13:34:36Z' uid='1468043' user='jengelh' version='1' changeset='41489979' lat='51.5262205' lon='9.8982874' />
  <node id='4352653211' timestamp='2016-08-16T13:34:36Z' uid='1468043' user='jengelh' version='1' changeset='41489979' lat='51.5262212' lon='9.8985674' />
  <node id='4352653212' timestamp='2016-08-16T13:34:36Z' uid='1468043' user='jengelh' version='1' changeset='41489979' lat='51.5262234' lon='9.8981883' />
  <node id='4352653213' timestamp='2016-08-16T13:34:36Z' uid='1468043' user='jengelh' version='1' changeset='41489979' lat='51.5262279' lon='9.8982527' />
  <node id='4352653214' timestamp='2018-04-19T09:38:50Z' uid='1468043' user='jengelh' version='2' changeset='58227479' lat='51.5262295' lon='9.8982787'>
    <tag k='amenity' v='waste_basket' />
    <tag k='material' v='metal' />
    <tag k='survey:date' v='2016-06-19' />
  </node>
  <node id='4352653215' timestamp='2016-08-16T13:34:36Z' uid='1468043' user='jengelh' version='1' changeset='41489979' lat='51.5262305' lon='9.898213' />
  <node id='4352653216' timestamp='2016-08-16T13:34:36Z' uid='1468043' user='jengelh' version='1' changeset='41489979' lat='51.5262317' lon='9.8982343' />
  <node id='4352653217' timestamp='2018-04-19T09:38:51Z' uid='1468043' user='jengelh' version='2' changeset='58227479' lat='51.5262382' lon='9.8985922'>
    <tag k='amenity' v='bench' />
    <tag k='backrest' v='yes' />
    <tag k='material' v='metal' />
    <tag k='seats' v='6' />
    <tag k='survey:date' v='2016-06-19' />
  </node>
  <node id='4352653218' timestamp='2016-08-16T13:34:36Z' uid='1468043' user='jengelh' version='1' changeset='41489979' lat='51.5262446' lon='9.89855' />
  <node id='4352653219' timestamp='2018-04-19T09:38:51Z' uid='1468043' user='jengelh' version='2' changeset='58227479' lat='51.5262485' lon='9.8982533'>
    <tag k='amenity' v='bench' />
    <tag k='backrest' v='yes' />
    <tag k='material' v='metal' />
    <tag k='seats' v='6' />
    <tag k='survey:date' v='2016-06-19' />
  </node>
  <node id='4352653220' timestamp='2016-08-16T13:34:36Z' uid='1468043' user='jengelh' version='1' changeset='41489979' lat='51.526256' lon='9.8985848' />
  <node id='4352653221' timestamp='2016-08-16T13:34:36Z' uid='1468043' user='jengelh' version='1' changeset='41489979' lat='51.5262682' lon='9.9011304' />
  <node id='4352653222' timestamp='2016-08-16T13:34:36Z' uid='1468043' user='jengelh' version='1' changeset='41489979' lat='51.5262733' lon='9.8983374' />
  <node id='4352653223' timestamp='2016-08-16T13:34:36Z' uid='1468043' user='jengelh' version='1' changeset='41489979' lat='51.5262896' lon='9.8983632' />
  <node id='4352653224' timestamp='2016-08-16T13:34:36Z' uid='1468043' user='jengelh' version='1' changeset='41489979' lat='51.5263021' lon='9.9012425' />
  <node id='4352653225' timestamp='2018-04-19T09:38:51Z' uid='1468043' user='jengelh' version='2' changeset='58227479' lat='51.526305' lon='9.9011042'>
    <tag k='amenity' v='bicycle_parking' />
    <tag k='bicycle_parking' v='wall_loops' />
    <tag k='capacity' v='8' />
    <tag k='survey:date' v='2016-06-19' />
  </node>
  <node id='4352653226' timestamp='2016-08-16T13:34:36Z' uid='1468043' user='jengelh' version='1' changeset='41489979' lat='51.5263085' lon='9.8984206' />
  <node id='4352653227' timestamp='2018-04-19T09:38:51Z' uid='1468043' user='jengelh' version='2' changeset='58227479' lat='51.5263094' lon='9.8985516'>
    <tag k='amenity' v='waste_basket' />
    <tag k='material' v='metal' />
    <tag k='survey:date' v='2016-06-19' />
  </node>
  <node id='4352653228' timestamp='2018-04-19T09:38:51Z' uid='1468043' user='jengelh' version='2' changeset='58227479' lat='51.5263302' lon='9.8985483'>
    <tag k='amenity' v='bench' />
    <tag k='backrest' v='yes' />
    <tag k='material' v='metal' />
    <tag k='seats' v='6' />
    <tag k='survey:date' v='2016-06-19' />
  </node>
  <node id='4352653229' timestamp='2016-08-16T13:34:36Z' uid='1468043' user='jengelh' version='1' changeset='41489979' lat='51.5263309' lon='9.8984989' />
  <node id='4352653230' timestamp='2016-08-16T13:34:36Z' uid='1468043' user='jengelh' version='1' changeset='41489979' lat='51.5263638' lon='9.8985003' />
  <node id='4352653231' timestamp='2016-08-16T13:34:36Z' uid='1468043' user='jengelh' version='1' changeset='41489979' lat='51.5263825' lon='9.898076' />
  <node id='4352653232' timestamp='2016-08-16T13:34:36Z' uid='1468043' user='jengelh' version='1' changeset='41489979' lat='51.5263878' lon='9.8984426' />
  <node id='4352653233' timestamp='2016-08-16T13:34:36Z' uid='1468043' user='jengelh' version='1' changeset='41489979' lat='51.5264477' lon='9.8983038' />
  <node id='4352653234' timestamp='2016-08-16T13:34:36Z' uid='1468043' user='jengelh' version='1' changeset='41489979' lat='51.5264533' lon='9.8984185' />
  <node id='4352653235' timestamp='2016-08-16T13:34:36Z' uid='1468043' user='jengelh' version='1' changeset='41489979' lat='51.5264594' lon='9.8984118' />
  <node id='4352653236' timestamp='2016-08-16T13:34:36Z' uid='1468043' user='jengelh' version='1' changeset='41489979' lat='51.5264639' lon='9.8983682' />
  <node id='4352653237' timestamp='2016-08-16T13:34:36Z' uid='1468043' user='jengelh' version='1' changeset='41489979' lat='51.5264644' lon='9.8983987' />
  <node id='4352653238' timestamp='2016-08-16T13:34:36Z' uid='1468043' user='jengelh' version='1' changeset='41489979' lat='51.5264662' lon='9.8983859' />
  <node id='4352653239' timestamp='2016-08-16T13:34:36Z' uid='1468043' user='jengelh' version='1' changeset='41489979' lat='51.5265597' lon='9.8982208' />
  <node id='4352984361' timestamp='2016-08-16T19:01:21Z' uid='1468043' user='jengelh' version='1' changeset='41496722' lat='51.527786' lon='9.9006273'>
    <tag k='entrance' v='yes' />
  </node>
  <node id='4352984363' timestamp='2016-08-16T19:01:21Z' uid='1468043' user='jengelh' version='1' changeset='41496722' lat='51.5277972' lon='9.9006191' />
  <node id='4352984364' timestamp='2016-08-16T19:01:21Z' uid='1468043' user='jengelh' version='1' changeset='41496722' lat='51.5278117' lon='9.9006697' />
  <node id='4352984365' timestamp='2016-08-16T19:01:21Z' uid='1468043' user='jengelh' version='1' changeset='41496722' lat='51.5278165' lon='9.9006862' />
  <node id='4352984367' timestamp='2016-08-16T19:01:21Z' uid='1468043' user='jengelh' version='1' changeset='41496722' lat='51.5278607' lon='9.8997782' />
  <node id='4352984369' timestamp='2016-08-16T19:01:21Z' uid='1468043' user='jengelh' version='1' changeset='41496722' lat='51.5278804' lon='9.899847' />
  <node id='4352984371' timestamp='2016-08-16T19:01:21Z' uid='1468043' user='jengelh' version='1' changeset='41496722' lat='51.5279026' lon='9.8997004' />
  <node id='4352984375' timestamp='2016-08-16T19:01:21Z' uid='1468043' user='jengelh' version='1' changeset='41496722' lat='51.5279221' lon='9.899686' />
  <node id='4352984378' timestamp='2016-08-16T19:01:21Z' uid='1468043' user='jengelh' version='1' changeset='41496722' lat='51.5279529' lon='9.8997934' />
  <node id='4352984383' timestamp='2016-08-16T19:01:21Z' uid='1468043' user='jengelh' version='1' changeset='41496722' lat='51.5280456' lon='9.9003909'>
    <tag k='entrance' v='yes' />
  </node>
  <node id='4352984384' timestamp='2016-08-16T19:01:21Z' uid='1468043' user='jengelh' version='1' changeset='41496722' lat='51.5280583' lon='9.9003816' />
  <node id='4352984385' timestamp='2016-08-16T19:01:21Z' uid='1468043' user='jengelh' version='1' changeset='41496722' lat='51.5280722' lon='9.9004302' />
  <node id='4352984386' timestamp='2016-08-16T19:01:21Z' uid='1468043' user='jengelh' version='1' changeset='41496722' lat='51.5280787' lon='9.900453' />
  <node id='4352984387' timestamp='2022-02-07T07:21:45Z' uid='12947456' user='hades0299' version='4' changeset='117105245' lat='51.5280974' lon='9.8994429'>
    <tag k='amenity' v='bicycle_parking' />
    <tag k='bicycle_parking' v='stands' />
    <tag k='capacity' v='8' />
    <tag k='capacity:note' v='4 stands; per_capacity=2' />
    <tag k='covered' v='no' />
    <tag k='survey:date' v='2019-02-13' />
  </node>
  <node id='4352985389' timestamp='2016-08-16T19:01:21Z' uid='1468043' user='jengelh' version='1' changeset='41496722' lat='51.528141' lon='9.8994442'>
    <tag k='entrance' v='main' />
  </node>
  <node id='4352985391' timestamp='2016-08-16T19:01:21Z' uid='1468043' user='jengelh' version='1' changeset='41496722' lat='51.5281553' lon='9.8994939' />
  <node id='4352985417' timestamp='2016-08-16T19:01:22Z' uid='1468043' user='jengelh' version='1' changeset='41496722' lat='51.5287181' lon='9.8990831' />
  <node id='4582580651' timestamp='2016-12-31T11:45:18Z' uid='1468043' user='jengelh' version='1' changeset='44804466' lat='51.5287048' lon='9.8991881' />
  <node id='4704533396' timestamp='2020-03-09T14:05:10Z' uid='1468043' user='jengelh' version='3' changeset='81967511' lat='51.5266177' lon='9.9002985'>
    <tag k='addr:city' v='Göttingen' />
    <tag k='addr:country' v='DE' />
    <tag k='addr:housenumber' v='2' />
    <tag k='addr:postcode' v='37081' />
    <tag k='addr:street' v='Sollingstraße' />
    <tag k='addr:suburb' v='Grone' />
    <tag k='brand' v='Rewe' />
    <tag k='brand:wikidata' v='Q16968817' />
    <tag k='brand:wikipedia' v='en:REWE' />
    <tag k='contact:phone' v='+49 551 999620' />
    <tag k='contact:website' v='https://www.rewe.de/marktseite/rewe-markt-g%C3%B6ttingen-sollingstra%C3%9Fe-2' />
    <tag k='name' v='Rewe' />
    <tag k='opening_hours' v='Mo-Sa 07:00-22:00; PH off' />
    <tag k='operator' v='REWE-Markt Matthias Jacobs oHG' />
    <tag k='shop' v='supermarket' />
    <tag k='wheelchair' v='yes' />
  </node>
  <node id='4704534934' timestamp='2017-02-24T23:44:45Z' uid='1468043' user='jengelh' version='1' changeset='46383056' lat='51.5267993' lon='9.9004881' />
  <node id='4704534935' timestamp='2017-02-24T23:44:45Z' uid='1468043' user='jengelh' version='1' changeset='46383056' lat='51.5269115' lon='9.9004041' />
  <node id='4704534936' timestamp='2017-02-24T23:44:45Z' uid='1468043' user='jengelh' version='1' changeset='46383056' lat='51.5269172' lon='9.9003822' />
  <node id='4704534937' timestamp='2017-02-24T23:44:45Z' uid='1468043' user='jengelh' version='1' changeset='46383056' lat='51.5267863' lon='9.9004802' />
  <node id='4704534938' timestamp='2017-02-24T23:44:45Z' uid='1468043' user='jengelh' version='1' changeset='46383056' lat='51.5267994' lon='9.8999756' />
  <node id='4704534939' timestamp='2017-02-24T23:44:45Z' uid='1468043' user='jengelh' version='1' changeset='46383056' lat='51.5266685' lon='9.9000736' />
  <node id='4827602727' timestamp='2017-04-30T19:01:05Z' uid='1468043' user='jengelh' version='1' changeset='48289856' lat='51.5280716' lon='9.8986508'>
    <tag k='natural' v='tree' />
    <tag k='source' v='hi-res aerial imagery' />
  </node>
  <node id='4827602728' timestamp='2017-04-30T19:01:05Z' uid='1468043' user='jengelh' version='1' changeset='48289856' lat='51.5280733' lon='9.8985261'>
    <tag k='natural' v='tree' />
    <tag k='source' v='hi-res aerial imagery' />
  </node>
  <node id='4827602733' timestamp='2017-04-30T19:01:05Z' uid='1468043' user='jengelh' version='1' changeset='48289856' lat='51.5280724' lon='9.8985301'>
    <tag k='natural' v='tree' />
    <tag k='source' v='hi-res aerial imagery' />
  </node>
  <node id='4827602734' timestamp='2017-04-30T19:01:05Z' uid='1468043' user='jengelh' version='1' changeset='48289856' lat='51.5278772' lon='9.8992597'>
    <tag k='natural' v='tree' />
    <tag k='source' v='hi-res aerial imagery' />
  </node>
  <node id='4827602735' timestamp='2017-04-30T19:01:05Z' uid='1468043' user='jengelh' version='1' changeset='48289856' lat='51.5281092' lon='9.8989297'>
    <tag k='natural' v='tree' />
    <tag k='source' v='hi-res aerial imagery' />
  </node>
  <node id='4827602736' timestamp='2017-04-30T19:01:05Z' uid='1468043' user='jengelh' version='1' changeset='48289856' lat='51.5280466' lon='9.8990102'>
    <tag k='natural' v='tree' />
    <tag k='source' v='hi-res aerial imagery' />
  </node>
  <node id='4827602737' timestamp='2017-04-30T19:01:06Z' uid='1468043' user='jengelh' version='1' changeset='48289856' lat='51.5280199' lon='9.8989204'>
    <tag k='natural' v='tree' />
    <tag k='source' v='hi-res aerial imagery' />
  </node>
  <node id='4827602738' timestamp='2017-04-30T19:01:06Z' uid='1468043' user='jengelh' version='1' changeset='48289856' lat='51.5280174' lon='9.8988292'>
    <tag k='natural' v='tree' />
    <tag k='source' v='hi-res aerial imagery' />
  </node>
  <node id='4827602739' timestamp='2017-04-30T19:01:06Z' uid='1468043' user='jengelh' version='1' changeset='48289856' lat='51.527999' lon='9.8987621'>
    <tag k='natural' v='tree' />
    <tag k='source' v='hi-res aerial imagery' />
  </node>
  <node id='4827602740' timestamp='2017-04-30T19:01:06Z' uid='1468043' user='jengelh' version='1' changeset='48289856' lat='51.5279014' lon='9.898679'>
    <tag k='natural' v='tree' />
    <tag k='source' v='hi-res aerial imagery' />
  </node>
  <node id='4827602741' timestamp='2017-04-30T19:01:06Z' uid='1468043' user='jengelh' version='1' changeset='48289856' lat='51.5279581' lon='9.8982002'>
    <tag k='natural' v='tree' />
    <tag k='source' v='hi-res aerial imagery' />
  </node>
  <node id='4827602742' timestamp='2017-04-30T19:01:06Z' uid='1468043' user='jengelh' version='1' changeset='48289856' lat='51.5279949' lon='9.8981331'>
    <tag k='natural' v='tree' />
    <tag k='source' v='hi-res aerial imagery' />
  </node>
  <node id='4827602743' timestamp='2017-04-30T19:01:06Z' uid='1468043' user='jengelh' version='1' changeset='48289856' lat='51.5278922' lon='9.8983169'>
    <tag k='natural' v='tree' />
    <tag k='source' v='hi-res aerial imagery' />
  </node>
  <node id='4827602744' timestamp='2017-04-30T19:01:06Z' uid='1468043' user='jengelh' version='1' changeset='48289856' lat='51.5278105' lon='9.8983705'>
    <tag k='natural' v='tree' />
    <tag k='source' v='hi-res aerial imagery' />
  </node>
  <node id='4827602746' timestamp='2017-04-30T19:01:06Z' uid='1468043' user='jengelh' version='1' changeset='48289856' lat='51.5277395' lon='9.8981076'>
    <tag k='natural' v='tree' />
    <tag k='source' v='hi-res aerial imagery' />
  </node>
  <node id='4827602751' timestamp='2017-04-30T19:01:06Z' uid='1468043' user='jengelh' version='1' changeset='48289856' lat='51.5281525' lon='9.8981579'>
    <tag k='natural' v='tree' />
    <tag k='source' v='hi-res aerial imagery' />
  </node>
  <node id='4827602790' timestamp='2026-01-25T19:10:02Z' uid='1468043' user='jengelh' version='8' changeset='177694782' lat='51.5274442' lon='9.8981018'>
    <tag k='highway' v='street_lamp' />
    <tag k='lamp_mount' v='straight_mast' />
    <tag k='light:colour' v='white' />
    <tag k='light:lit' v='dusk-dawn' />
    <tag k='light:method' v='LED' />
    <tag k='light:model' v='Fortimo LLM Gen2' />
    <tag k='light:tilt' v='-90' />
    <tag k='light_source' v='lantern' />
    <tag k='operator' v='EAM Netz' />
    <tag k='ref' v='GRO-0174' />
    <tag k='support' v='pole' />
  </node>
  <node id='4827602791' timestamp='2026-01-25T19:10:02Z' uid='1468043' user='jengelh' version='8' changeset='177694782' lat='51.5276012' lon='9.8986456'>
    <tag k='highway' v='street_lamp' />
    <tag k='lamp_mount' v='straight_mast' />
    <tag k='light:colour' v='white' />
    <tag k='light:lit' v='dusk-dawn' />
    <tag k='light:method' v='LED' />
    <tag k='light:model' v='Fortimo LLM Gen2' />
    <tag k='light:tilt' v='-90' />
    <tag k='light_source' v='lantern' />
    <tag k='operator' v='EAM Netz' />
    <tag k='ref' v='GRO-0175' />
    <tag k='support' v='pole' />
  </node>
  <node id='4827602792' timestamp='2026-01-25T19:10:02Z' uid='1468043' user='jengelh' version='8' changeset='177694782' lat='51.527749' lon='9.8991575'>
    <tag k='highway' v='street_lamp' />
    <tag k='lamp_mount' v='straight_mast' />
    <tag k='light:colour' v='white' />
    <tag k='light:lit' v='dusk-dawn' />
    <tag k='light:method' v='LED' />
    <tag k='light:model' v='Fortimo LLM Gen2' />
    <tag k='light:tilt' v='-90' />
    <tag k='light_source' v='lantern' />
    <tag k='operator' v='EAM Netz' />
    <tag k='ref' v='GRO-0176' />
    <tag k='support' v='pole' />
  </node>
  <node id='4827602793' timestamp='2017-04-30T19:01:12Z' uid='1468043' user='jengelh' version='1' changeset='48289856' lat='51.5272172' lon='9.8997136'>
    <tag k='natural' v='tree' />
    <tag k='source' v='hi-res aerial imagery' />
  </node>
  <node id='4827602794' timestamp='2017-04-30T19:01:12Z' uid='1468043' user='jengelh' version='1' changeset='48289856' lat='51.5271025' lon='9.8996512'>
    <tag k='natural' v='tree' />
    <tag k='source' v='hi-res aerial imagery' />
  </node>
  <node id='4827602795' timestamp='2017-04-30T19:01:12Z' uid='1468043' user='jengelh' version='1' changeset='48289856' lat='51.5271967' lon='9.8996023'>
    <tag k='natural' v='tree' />
    <tag k='source' v='hi-res aerial imagery' />
  </node>
  <node id='4827602796' timestamp='2017-04-30T19:01:12Z' uid='1468043' user='jengelh' version='1' changeset='48289856' lat='51.526426' lon='9.8993649'>
    <tag k='natural' v='tree' />
    <tag k='source' v='hi-res aerial imagery' />
  </node>
  <node id='4827602797' timestamp='2017-04-30T19:01:12Z' uid='1468043' user='jengelh' version='1' changeset='48289856' lat='51.5263655' lon='9.8994065'>
    <tag k='natural' v='tree' />
    <tag k='source' v='hi-res aerial imagery' />
  </node>
  <node id='4827602798' timestamp='2017-04-30T19:01:12Z' uid='1468043' user='jengelh' version='1' changeset='48289856' lat='51.5263117' lon='9.8994494'>
    <tag k='natural' v='tree' />
    <tag k='source' v='hi-res aerial imagery' />
  </node>
  <node id='4827602799' timestamp='2017-04-30T19:01:12Z' uid='1468043' user='jengelh' version='1' changeset='48289856' lat='51.5262637' lon='9.8995205'>
    <tag k='natural' v='tree' />
    <tag k='source' v='hi-res aerial imagery' />
  </node>
  <node id='4827602800' timestamp='2025-08-23T13:18:45Z' uid='1468043' user='jengelh' version='2' changeset='170880560' lat='51.5263321' lon='9.8997235'>
    <tag k='natural' v='tree' />
    <tag k='source' v='hi-res aerial imagery' />
  </node>
  <node id='4827602801' timestamp='2025-08-23T13:18:45Z' uid='1468043' user='jengelh' version='2' changeset='170880560' lat='51.5263933' lon='9.8999356'>
    <tag k='natural' v='tree' />
    <tag k='source' v='hi-res aerial imagery' />
  </node>
  <node id='4827602802' timestamp='2017-04-30T19:01:12Z' uid='1468043' user='jengelh' version='1' changeset='48289856' lat='51.5264469' lon='9.9001508'>
    <tag k='natural' v='tree' />
    <tag k='source' v='hi-res aerial imagery' />
  </node>
  <node id='4827602803' timestamp='2017-04-30T19:01:13Z' uid='1468043' user='jengelh' version='1' changeset='48289856' lat='51.5266363' lon='9.9005471'>
    <tag k='natural' v='tree' />
    <tag k='source' v='hi-res aerial imagery' />
  </node>
  <node id='4827602804' timestamp='2017-04-30T19:01:13Z' uid='1468043' user='jengelh' version='1' changeset='48289856' lat='51.5266079' lon='9.9005209'>
    <tag k='natural' v='tree' />
    <tag k='source' v='hi-res aerial imagery' />
  </node>
  <node id='4827602805' timestamp='2017-04-30T19:01:13Z' uid='1468043' user='jengelh' version='1' changeset='48289856' lat='51.5270541' lon='9.9012471' />
  <node id='4827602806' timestamp='2017-04-30T19:01:13Z' uid='1468043' user='jengelh' version='1' changeset='48289856' lat='51.5269327' lon='9.9008371' />
  <node id='4827602814' timestamp='2017-04-30T19:01:13Z' uid='1468043' user='jengelh' version='1' changeset='48289856' lat='51.5269445' lon='9.9007677'>
    <tag k='natural' v='tree' />
    <tag k='source' v='hi-res aerial imagery' />
  </node>
  <node id='4827602815' timestamp='2017-04-30T19:01:13Z' uid='1468043' user='jengelh' version='1' changeset='48289856' lat='51.5270308' lon='9.9001273'>
    <tag k='natural' v='tree' />
    <tag k='source' v='hi-res aerial imagery' />
  </node>
  <node id='4827602816' timestamp='2017-04-30T19:01:13Z' uid='1468043' user='jengelh' version='1' changeset='48289856' lat='51.5270165' lon='9.9000808'>
    <tag k='natural' v='tree' />
    <tag k='source' v='hi-res aerial imagery' />
  </node>
  <node id='4827602817' timestamp='2017-04-30T19:01:13Z' uid='1468043' user='jengelh' version='1' changeset='48289856' lat='51.5270037' lon='9.9000391'>
    <tag k='natural' v='tree' />
    <tag k='source' v='hi-res aerial imagery' />
  </node>
  <node id='4827602818' timestamp='2017-04-30T19:01:13Z' uid='1468043' user='jengelh' version='1' changeset='48289856' lat='51.526991' lon='9.8999977'>
    <tag k='natural' v='tree' />
    <tag k='source' v='hi-res aerial imagery' />
  </node>
  <node id='4827602819' timestamp='2017-04-30T19:01:13Z' uid='1468043' user='jengelh' version='1' changeset='48289856' lat='51.526977' lon='9.8999523'>
    <tag k='natural' v='tree' />
    <tag k='source' v='hi-res aerial imagery' />
  </node>
  <node id='4827602820' timestamp='2017-04-30T19:01:13Z' uid='1468043' user='jengelh' version='1' changeset='48289856' lat='51.5270162' lon='9.8995902'>
    <tag k='natural' v='tree' />
    <tag k='source' v='hi-res aerial imagery' />
  </node>
  <node id='4827603521' timestamp='2017-04-30T19:01:13Z' uid='1468043' user='jengelh' version='1' changeset='48289856' lat='51.5270513' lon='9.8997055'>
    <tag k='natural' v='tree' />
    <tag k='source' v='hi-res aerial imagery' />
  </node>
  <node id='4827603522' timestamp='2017-04-30T19:01:13Z' uid='1468043' user='jengelh' version='1' changeset='48289856' lat='51.526949' lon='9.899782'>
    <tag k='natural' v='tree' />
    <tag k='source' v='hi-res aerial imagery' />
  </node>
  <node id='4827603523' timestamp='2017-04-30T19:01:14Z' uid='1468043' user='jengelh' version='1' changeset='48289856' lat='51.5269144' lon='9.8996599'>
    <tag k='natural' v='tree' />
    <tag k='source' v='hi-res aerial imagery' />
  </node>
  <node id='4827603524' timestamp='2017-04-30T19:01:14Z' uid='1468043' user='jengelh' version='1' changeset='48289856' lat='51.5270796' lon='9.8991845'>
    <tag k='natural' v='tree' />
    <tag k='source' v='hi-res aerial imagery' />
  </node>
  <node id='4827603525' timestamp='2017-04-30T19:01:14Z' uid='1468043' user='jengelh' version='1' changeset='48289856' lat='51.5271868' lon='9.8991195'>
    <tag k='natural' v='tree' />
    <tag k='source' v='hi-res aerial imagery' />
  </node>
  <node id='4827603526' timestamp='2017-04-30T19:01:14Z' uid='1468043' user='jengelh' version='1' changeset='48289856' lat='51.5273078' lon='9.8990142'>
    <tag k='natural' v='tree' />
    <tag k='source' v='hi-res aerial imagery' />
  </node>
  <node id='4827603527' timestamp='2017-04-30T19:01:14Z' uid='1468043' user='jengelh' version='1' changeset='48289856' lat='51.5273508' lon='9.89898'>
    <tag k='natural' v='tree' />
    <tag k='source' v='hi-res aerial imagery' />
  </node>
  <node id='4827603528' timestamp='2017-04-30T19:01:14Z' uid='1468043' user='jengelh' version='1' changeset='48289856' lat='51.5273604' lon='9.8989532'>
    <tag k='natural' v='tree' />
    <tag k='source' v='hi-res aerial imagery' />
  </node>
  <node id='4827603529' timestamp='2017-04-30T19:01:14Z' uid='1468043' user='jengelh' version='1' changeset='48289856' lat='51.527624' lon='9.8992476'>
    <tag k='natural' v='tree' />
    <tag k='source' v='hi-res aerial imagery' />
  </node>
  <node id='4827603530' timestamp='2017-04-30T19:01:14Z' uid='1468043' user='jengelh' version='1' changeset='48289856' lat='51.527614' lon='9.8992013'>
    <tag k='natural' v='tree' />
    <tag k='source' v='hi-res aerial imagery' />
  </node>
  <node id='4827603531' timestamp='2017-04-30T19:01:14Z' uid='1468043' user='jengelh' version='1' changeset='48289856' lat='51.5276003' lon='9.899149'>
    <tag k='natural' v='tree' />
    <tag k='source' v='hi-res aerial imagery' />
  </node>
  <node id='4827603532' timestamp='2017-04-30T19:01:14Z' uid='1468043' user='jengelh' version='1' changeset='48289856' lat='51.5275748' lon='9.8990819'>
    <tag k='natural' v='tree' />
    <tag k='source' v='hi-res aerial imagery' />
  </node>
  <node id='4827603533' timestamp='2017-04-30T19:01:14Z' uid='1468043' user='jengelh' version='1' changeset='48289856' lat='51.5275673' lon='9.8990471'>
    <tag k='natural' v='tree' />
    <tag k='source' v='hi-res aerial imagery' />
  </node>
  <node id='4827603534' timestamp='2017-04-30T19:01:14Z' uid='1468043' user='jengelh' version='1' changeset='48289856' lat='51.527531' lon='9.8989217'>
    <tag k='natural' v='tree' />
    <tag k='source' v='hi-res aerial imagery' />
  </node>
  <node id='4827603535' timestamp='2017-04-30T19:01:14Z' uid='1468043' user='jengelh' version='1' changeset='48289856' lat='51.527433' lon='9.8989029'>
    <tag k='natural' v='tree' />
    <tag k='source' v='hi-res aerial imagery' />
  </node>
  <node id='4827603536' timestamp='2017-04-30T19:01:14Z' uid='1468043' user='jengelh' version='1' changeset='48289856' lat='51.5275245' lon='9.8997323'>
    <tag k='natural' v='tree' />
    <tag k='source' v='hi-res aerial imagery' />
  </node>
  <node id='4827603537' timestamp='2017-04-30T19:01:14Z' uid='1468043' user='jengelh' version='1' changeset='48289856' lat='51.5274764' lon='9.8997677'>
    <tag k='natural' v='tree' />
    <tag k='source' v='hi-res aerial imagery' />
  </node>
  <node id='4827603538' timestamp='2017-04-30T19:01:14Z' uid='1468043' user='jengelh' version='1' changeset='48289856' lat='51.5274327' lon='9.8998'>
    <tag k='natural' v='tree' />
    <tag k='source' v='hi-res aerial imagery' />
  </node>
  <node id='4827603539' timestamp='2017-04-30T19:01:14Z' uid='1468043' user='jengelh' version='1' changeset='48289856' lat='51.5274903' lon='9.9000015'>
    <tag k='natural' v='tree' />
    <tag k='source' v='hi-res aerial imagery' />
  </node>
  <node id='4827603540' timestamp='2017-04-30T19:01:14Z' uid='1468043' user='jengelh' version='1' changeset='48289856' lat='51.5274592' lon='9.8998927'>
    <tag k='natural' v='tree' />
    <tag k='source' v='hi-res aerial imagery' />
  </node>
  <node id='4827603541' timestamp='2017-04-30T19:01:14Z' uid='1468043' user='jengelh' version='1' changeset='48289856' lat='51.5275029' lon='9.8998605'>
    <tag k='natural' v='tree' />
    <tag k='source' v='hi-res aerial imagery' />
  </node>
  <node id='4827603542' timestamp='2017-04-30T19:01:14Z' uid='1468043' user='jengelh' version='1' changeset='48289856' lat='51.527534' lon='9.8999693'>
    <tag k='natural' v='tree' />
    <tag k='source' v='hi-res aerial imagery' />
  </node>
  <node id='4827603543' timestamp='2017-04-30T19:01:15Z' uid='1468043' user='jengelh' version='1' changeset='48289856' lat='51.5273712' lon='9.9002051'>
    <tag k='natural' v='tree' />
    <tag k='source' v='hi-res aerial imagery' />
  </node>
  <node id='4827603544' timestamp='2017-04-30T19:01:15Z' uid='1468043' user='jengelh' version='1' changeset='48289856' lat='51.5274142' lon='9.9001709'>
    <tag k='natural' v='tree' />
    <tag k='source' v='hi-res aerial imagery' />
  </node>
  <node id='4827603545' timestamp='2017-04-30T19:01:15Z' uid='1468043' user='jengelh' version='1' changeset='48289856' lat='51.5274163' lon='9.9003747'>
    <tag k='natural' v='tree' />
    <tag k='source' v='hi-res aerial imagery' />
  </node>
  <node id='4827603546' timestamp='2017-04-30T19:01:15Z' uid='1468043' user='jengelh' version='1' changeset='48289856' lat='51.5281055' lon='9.8998497'>
    <tag k='natural' v='tree' />
    <tag k='source' v='hi-res aerial imagery' />
  </node>
  <node id='4827603547' timestamp='2017-04-30T19:01:15Z' uid='1468043' user='jengelh' version='1' changeset='48289856' lat='51.5278531' lon='9.9000368'>
    <tag k='natural' v='tree' />
    <tag k='source' v='hi-res aerial imagery' />
  </node>
  <node id='4827603548' timestamp='2017-04-30T19:01:15Z' uid='1468043' user='jengelh' version='1' changeset='48289856' lat='51.5275665' lon='9.9002494'>
    <tag k='natural' v='tree' />
    <tag k='source' v='hi-res aerial imagery' />
  </node>
  <node id='4827603549' timestamp='2017-04-30T19:01:15Z' uid='1468043' user='jengelh' version='1' changeset='48289856' lat='51.5277476' lon='9.8999218'>
    <tag k='natural' v='tree' />
    <tag k='source' v='hi-res aerial imagery' />
  </node>
  <node id='4827603550' timestamp='2017-04-30T19:01:15Z' uid='1468043' user='jengelh' version='1' changeset='48289856' lat='51.5278127' lon='9.8998782'>
    <tag k='natural' v='tree' />
    <tag k='source' v='hi-res aerial imagery' />
  </node>
  <node id='4827603551' timestamp='2017-04-30T19:01:15Z' uid='1468043' user='jengelh' version='1' changeset='48289856' lat='51.5278966' lon='9.8998135'>
    <tag k='natural' v='tree' />
    <tag k='source' v='hi-res aerial imagery' />
  </node>
  <node id='4827603555' timestamp='2026-01-25T19:10:02Z' uid='1468043' user='jengelh' version='8' changeset='177694782' lat='51.5279021' lon='9.8996626'>
    <tag k='highway' v='street_lamp' />
    <tag k='lamp_mount' v='straight_mast' />
    <tag k='light:colour' v='white' />
    <tag k='light:lit' v='dusk-dawn' />
    <tag k='light:method' v='LED' />
    <tag k='light:model' v='Fortimo LLM Gen2' />
    <tag k='light:tilt' v='-90' />
    <tag k='light_source' v='lantern' />
    <tag k='operator' v='EAM Netz' />
    <tag k='ref' v='GRO-0125' />
    <tag k='support' v='pole' />
  </node>
  <node id='4827604026' timestamp='2017-04-30T19:01:19Z' uid='1468043' user='jengelh' version='1' changeset='48289856' lat='51.5279457' lon='9.9008287'>
    <tag k='natural' v='tree' />
    <tag k='source' v='hi-res aerial imagery' />
  </node>
  <node id='4827604027' timestamp='2017-04-30T19:01:19Z' uid='1468043' user='jengelh' version='1' changeset='48289856' lat='51.5278835' lon='9.9006953'>
    <tag k='natural' v='tree' />
    <tag k='source' v='hi-res aerial imagery' />
  </node>
  <node id='4827604028' timestamp='2017-04-30T19:01:19Z' uid='1468043' user='jengelh' version='1' changeset='48289856' lat='51.5278723' lon='9.9007871'>
    <tag k='natural' v='tree' />
    <tag k='source' v='hi-res aerial imagery' />
  </node>
  <node id='4827604029' timestamp='2017-04-30T19:01:19Z' uid='1468043' user='jengelh' version='1' changeset='48289856' lat='51.5279999' lon='9.9006993'>
    <tag k='natural' v='tree' />
    <tag k='source' v='hi-res aerial imagery' />
  </node>
  <node id='4827604030' timestamp='2017-04-30T19:01:19Z' uid='1468043' user='jengelh' version='1' changeset='48289856' lat='51.5279813' lon='9.9006255'>
    <tag k='natural' v='tree' />
    <tag k='source' v='hi-res aerial imagery' />
  </node>
  <node id='4827604031' timestamp='2017-04-30T19:01:19Z' uid='1468043' user='jengelh' version='1' changeset='48289856' lat='51.5281662' lon='9.9009259'>
    <tag k='natural' v='tree' />
    <tag k='source' v='hi-res aerial imagery' />
  </node>
  <node id='4827604032' timestamp='2017-04-30T19:01:19Z' uid='1468043' user='jengelh' version='1' changeset='48289856' lat='51.5281649' lon='9.9009689'>
    <tag k='natural' v='tree' />
    <tag k='source' v='hi-res aerial imagery' />
  </node>
  <node id='4827604033' timestamp='2017-04-30T19:01:20Z' uid='1468043' user='jengelh' version='1' changeset='48289856' lat='51.528103' lon='9.9007181'>
    <tag k='natural' v='tree' />
    <tag k='source' v='hi-res aerial imagery' />
  </node>
  <node id='4827604034' timestamp='2017-04-30T19:01:20Z' uid='1468043' user='jengelh' version='1' changeset='48289856' lat='51.527599' lon='9.901162'>
    <tag k='natural' v='tree' />
    <tag k='source' v='hi-res aerial imagery' />
  </node>
  <node id='4827604035' timestamp='2017-04-30T19:01:20Z' uid='1468043' user='jengelh' version='1' changeset='48289856' lat='51.5276639' lon='9.9013437'>
    <tag k='natural' v='tree' />
    <tag k='source' v='hi-res aerial imagery' />
  </node>
  <node id='4827604037' timestamp='2017-04-30T19:01:20Z' uid='1468043' user='jengelh' version='1' changeset='48289856' lat='51.5279816' lon='9.9013564'>
    <tag k='natural' v='tree' />
    <tag k='source' v='hi-res aerial imagery' />
  </node>
  <node id='4827604038' timestamp='2017-04-30T19:01:20Z' uid='1468043' user='jengelh' version='1' changeset='48289856' lat='51.5279407' lon='9.9011975'>
    <tag k='natural' v='tree' />
    <tag k='source' v='hi-res aerial imagery' />
  </node>
  <node id='4827604039' timestamp='2017-04-30T19:01:20Z' uid='1468043' user='jengelh' version='1' changeset='48289856' lat='51.527906' lon='9.9011559'>
    <tag k='natural' v='tree' />
    <tag k='source' v='hi-res aerial imagery' />
  </node>
  <node id='4827604040' timestamp='2017-04-30T19:01:20Z' uid='1468043' user='jengelh' version='1' changeset='48289856' lat='51.5279123' lon='9.9010352'>
    <tag k='natural' v='tree' />
    <tag k='source' v='hi-res aerial imagery' />
  </node>
  <node id='4827604041' timestamp='2017-04-30T19:01:20Z' uid='1468043' user='jengelh' version='1' changeset='48289856' lat='51.528105' lon='9.9012243'>
    <tag k='natural' v='tree' />
    <tag k='source' v='hi-res aerial imagery' />
  </node>
  <node id='4827604055' timestamp='2017-04-30T19:01:21Z' uid='1468043' user='jengelh' version='1' changeset='48289856' lat='51.5281601' lon='9.8996324'>
    <tag k='natural' v='tree' />
    <tag k='source' v='hi-res aerial imagery' />
  </node>
  <node id='4827604056' timestamp='2017-04-30T19:01:21Z' uid='1468043' user='jengelh' version='1' changeset='48289856' lat='51.528108' lon='9.8996747'>
    <tag k='natural' v='tree' />
    <tag k='source' v='hi-res aerial imagery' />
  </node>
  <node id='4827604058' timestamp='2017-04-30T19:01:21Z' uid='1468043' user='jengelh' version='1' changeset='48289856' lat='51.5281826' lon='9.8999174'>
    <tag k='natural' v='tree' />
    <tag k='source' v='hi-res aerial imagery' />
  </node>
  <node id='4827604059' timestamp='2017-04-30T19:01:21Z' uid='1468043' user='jengelh' version='1' changeset='48289856' lat='51.5279745' lon='9.900069'>
    <tag k='natural' v='tree' />
    <tag k='source' v='hi-res aerial imagery' />
  </node>
  <node id='4827604060' timestamp='2017-04-30T19:01:21Z' uid='1468043' user='jengelh' version='1' changeset='48289856' lat='51.5279219' lon='9.9001045'>
    <tag k='natural' v='tree' />
    <tag k='source' v='hi-res aerial imagery' />
  </node>
  <node id='4827604061' timestamp='2017-04-30T19:01:21Z' uid='1468043' user='jengelh' version='1' changeset='48289856' lat='51.5277984' lon='9.9001977'>
    <tag k='natural' v='tree' />
    <tag k='source' v='hi-res aerial imagery' />
  </node>
  <node id='4827604062' timestamp='2017-04-30T19:01:21Z' uid='1468043' user='jengelh' version='1' changeset='48289856' lat='51.5274384' lon='9.9004934'>
    <tag k='natural' v='tree' />
    <tag k='source' v='hi-res aerial imagery' />
  </node>
  <node id='4827604063' timestamp='2017-04-30T19:01:21Z' uid='1468043' user='jengelh' version='1' changeset='48289856' lat='51.5272281' lon='9.9005813'>
    <tag k='natural' v='tree' />
    <tag k='source' v='hi-res aerial imagery' />
  </node>
  <node id='4827604064' timestamp='2017-04-30T19:01:21Z' uid='1468043' user='jengelh' version='1' changeset='48289856' lat='51.5272019' lon='9.9005551'>
    <tag k='natural' v='tree' />
    <tag k='source' v='hi-res aerial imagery' />
  </node>
  <node id='4827604065' timestamp='2025-04-27T11:37:52Z' uid='2725798' user='lesekaffee' version='2' changeset='165501293' lat='51.5273041' lon='9.9006061'>
    <tag k='leaf_type' v='broadleaved' />
    <tag k='natural' v='tree' />
    <tag k='source' v='hi-res aerial imagery' />
  </node>
  <node id='4827604066' timestamp='2025-04-27T11:37:44Z' uid='2725798' user='lesekaffee' version='2' changeset='165501293' lat='51.5273671' lon='9.9007804'>
    <tag k='leaf_type' v='broadleaved' />
    <tag k='natural' v='tree' />
    <tag k='source' v='hi-res aerial imagery' />
  </node>
  <node id='4827604067' timestamp='2017-04-30T19:01:22Z' uid='1468043' user='jengelh' version='1' changeset='48289856' lat='51.527473' lon='9.9011526'>
    <tag k='natural' v='tree' />
    <tag k='source' v='hi-res aerial imagery' />
  </node>
  <node id='4827604293' timestamp='2026-01-25T19:10:02Z' uid='1468043' user='jengelh' version='8' changeset='177694782' lat='51.5274698' lon='9.9007509'>
    <tag k='highway' v='street_lamp' />
    <tag k='lamp_mount' v='straight_mast' />
    <tag k='light:colour' v='white' />
    <tag k='light:lit' v='dusk-dawn' />
    <tag k='light:method' v='LED' />
    <tag k='light:model' v='Fortimo LLM Gen2' />
    <tag k='light:tilt' v='-90' />
    <tag k='light_source' v='lantern' />
    <tag k='operator' v='EAM Netz' />
    <tag k='ref' v='GRO-0235' />
    <tag k='support' v='pole' />
  </node>
  <node id='4827604294' timestamp='2026-01-25T19:10:02Z' uid='1468043' user='jengelh' version='8' changeset='177694782' lat='51.5275996' lon='9.9011992'>
    <tag k='highway' v='street_lamp' />
    <tag k='lamp_mount' v='straight_mast' />
    <tag k='light:colour' v='white' />
    <tag k='light:lit' v='dusk-dawn' />
    <tag k='light:method' v='LED' />
    <tag k='light:model' v='Fortimo LLM Gen2' />
    <tag k='light:tilt' v='-90' />
    <tag k='light_source' v='lantern' />
    <tag k='operator' v='EAM Netz' />
    <tag k='ref' v='GRO-0234' />
    <tag k='support' v='pole' />
  </node>
  <node id='4827641099' timestamp='2017-04-30T19:28:27Z' uid='1468043' user='jengelh' version='1' changeset='48290640' lat='51.5276457' lon='9.8987081'>
    <tag k='natural' v='tree' />
    <tag k='source' v='hi-res aerial imagery' />
  </node>
  <node id='4827641100' timestamp='2025-04-27T11:40:37Z' uid='2725798' user='lesekaffee' version='2' changeset='165501293' lat='51.5275051' lon='9.89822'>
    <tag k='leaf_type' v='broadleaved' />
    <tag k='natural' v='tree' />
    <tag k='source' v='hi-res aerial imagery' />
  </node>
  <node id='4827641101' timestamp='2025-04-27T11:40:39Z' uid='2725798' user='lesekaffee' version='2' changeset='165501293' lat='51.5274796' lon='9.8981469'>
    <tag k='leaf_type' v='broadleaved' />
    <tag k='natural' v='tree' />
    <tag k='source' v='hi-res aerial imagery' />
  </node>
  <node id='4827641102' timestamp='2025-04-27T11:40:41Z' uid='2725798' user='lesekaffee' version='2' changeset='165501293' lat='51.5274588' lon='9.8980785'>
    <tag k='leaf_type' v='broadleaved' />
    <tag k='natural' v='tree' />
    <tag k='source' v='hi-res aerial imagery' />
  </node>
  <node id='4839059882' timestamp='2026-01-25T19:10:02Z' uid='1468043' user='jengelh' version='8' changeset='177694782' lat='51.5273324' lon='9.8988966'>
    <tag k='highway' v='street_lamp' />
    <tag k='lamp_mount' v='straight_mast' />
    <tag k='light:colour' v='white' />
    <tag k='light:lit' v='dusk-dawn' />
    <tag k='light:method' v='LED' />
    <tag k='light:model' v='Fortimo LLM Gen2' />
    <tag k='light:tilt' v='-90' />
    <tag k='light_source' v='lantern' />
    <tag k='operator' v='EAM Netz' />
    <tag k='support' v='pole' />
  </node>
  <node id='4839059883' timestamp='2026-01-25T19:10:02Z' uid='1468043' user='jengelh' version='8' changeset='177694782' lat='51.5270681' lon='9.8990924'>
    <tag k='highway' v='street_lamp' />
    <tag k='lamp_mount' v='straight_mast' />
    <tag k='light:colour' v='white' />
    <tag k='light:lit' v='dusk-dawn' />
    <tag k='light:method' v='LED' />
    <tag k='light:model' v='Fortimo LLM Gen2' />
    <tag k='light:tilt' v='-90' />
    <tag k='light_source' v='lantern' />
    <tag k='operator' v='EAM Netz' />
    <tag k='ref' v='GRO-0178' />
    <tag k='support' v='pole' />
  </node>
  <node id='4839059884' timestamp='2017-05-06T20:06:11Z' uid='1468043' user='jengelh' version='1' changeset='48460787' lat='51.5268051' lon='9.8995983'>
    <tag k='natural' v='tree' />
    <tag k='source' v='hi-res aerial imagery' />
  </node>
  <node id='4839059885' timestamp='2018-04-19T10:28:47Z' uid='1468043' user='jengelh' version='2' changeset='58228678' lat='51.527047' lon='9.8999242'>
    <tag k='barrier' v='bollard' />
    <tag k='survey:date' v='2017-05-06' />
  </node>
  <node id='4839059886' timestamp='2023-03-01T10:31:37Z' uid='1468043' user='jengelh' version='5' changeset='133165524' lat='51.5270734' lon='9.9000569'>
    <tag k='highway' v='street_lamp' />
    <tag k='lamp_model:de' v='Pilz/matt' />
    <tag k='lamp_mount' v='straight_mast' />
    <tag k='light:colour' v='white' />
    <tag k='light:lit' v='dusk-dawn' />
    <tag k='light:method' v='fluorescent' />
    <tag k='light:shape' v='cylindrical' />
    <tag k='light_source' v='lantern' />
    <tag k='support' v='pole' />
    <tag k='survey:date' v='2023-02-28' />
  </node>
  <node id='4839059887' timestamp='2023-03-01T10:31:37Z' uid='1468043' user='jengelh' version='5' changeset='133165524' lat='51.5270383' lon='9.8999368'>
    <tag k='highway' v='street_lamp' />
    <tag k='lamp_model:de' v='Pilz/matt' />
    <tag k='lamp_mount' v='straight_mast' />
    <tag k='light:colour' v='white' />
    <tag k='light:lit' v='dusk-dawn' />
    <tag k='light:method' v='fluorescent' />
    <tag k='light:shape' v='cylindrical' />
    <tag k='light_source' v='lantern' />
    <tag k='support' v='pole' />
    <tag k='survey:date' v='2023-02-28' />
  </node>
  <node id='4839059888' timestamp='2021-06-01T16:05:14Z' uid='1468043' user='jengelh' version='4' changeset='105687434' lat='51.5267244' lon='9.8996009'>
    <tag k='highway' v='street_lamp' />
    <tag k='lamp_model:de' v='Pilz/matt' />
    <tag k='light:colour' v='white' />
    <tag k='light:lit' v='dusk-dawn' />
    <tag k='light:method' v='electric' />
    <tag k='light:shape' v='cylindrical' />
    <tag k='light_source' v='lantern' />
    <tag k='support' v='pole' />
    <tag k='survey:date' v='2021-05-30' />
  </node>
  <node id='4839059889' timestamp='2021-06-01T16:05:14Z' uid='1468043' user='jengelh' version='4' changeset='105687434' lat='51.5268138' lon='9.8995335'>
    <tag k='highway' v='street_lamp' />
    <tag k='lamp_model:de' v='Pilz/matt' />
    <tag k='light:colour' v='white' />
    <tag k='light:lit' v='dusk-dawn' />
    <tag k='light:method' v='electric' />
    <tag k='light:shape' v='cylindrical' />
    <tag k='light_source' v='lantern' />
    <tag k='support' v='pole' />
    <tag k='survey:date' v='2021-05-30' />
  </node>
  <node id='4839059890' timestamp='2023-03-01T10:31:37Z' uid='1468043' user='jengelh' version='5' changeset='133165524' lat='51.5269015' lon='9.8994675'>
    <tag k='highway' v='street_lamp' />
    <tag k='lamp_model:de' v='Pilz/matt' />
    <tag k='lamp_mount' v='straight_mast' />
    <tag k='light:colour' v='white' />
    <tag k='light:lit' v='dusk-dawn' />
    <tag k='light:method' v='fluorescent' />
    <tag k='light:shape' v='cylindrical' />
    <tag k='light_source' v='lantern' />
    <tag k='support' v='pole' />
    <tag k='survey:date' v='2023-02-28' />
  </node>
  <node id='4839059891' timestamp='2023-03-01T10:31:37Z' uid='1468043' user='jengelh' version='5' changeset='133165524' lat='51.5269357' lon='9.8995847'>
    <tag k='highway' v='street_lamp' />
    <tag k='lamp_model:de' v='Pilz/matt' />
    <tag k='lamp_mount' v='straight_mast' />
    <tag k='light:colour' v='white' />
    <tag k='light:lit' v='dusk-dawn' />
    <tag k='light:method' v='fluorescent' />
    <tag k='light:shape' v='cylindrical' />
    <tag k='light_source' v='lantern' />
    <tag k='support' v='pole' />
    <tag k='survey:date' v='2023-02-28' />
  </node>
  <node id='4839059892' timestamp='2023-03-01T10:31:37Z' uid='1468043' user='jengelh' version='5' changeset='133165524' lat='51.5269703' lon='9.8997036'>
    <tag k='highway' v='street_lamp' />
    <tag k='lamp_model:de' v='Pilz/matt' />
    <tag k='lamp_mount' v='straight_mast' />
    <tag k='light:colour' v='white' />
    <tag k='light:lit' v='dusk-dawn' />
    <tag k='light:method' v='fluorescent' />
    <tag k='light:shape' v='cylindrical' />
    <tag k='light_source' v='lantern' />
    <tag k='support' v='pole' />
    <tag k='survey:date' v='2023-02-28' />
  </node>
  <node id='4839059893' timestamp='2023-03-01T10:31:37Z' uid='1468043' user='jengelh' version='5' changeset='133165524' lat='51.527005' lon='9.8998225'>
    <tag k='highway' v='street_lamp' />
    <tag k='lamp_model:de' v='Pilz/matt' />
    <tag k='lamp_mount' v='straight_mast' />
    <tag k='light:colour' v='white' />
    <tag k='light:lit' v='dusk-dawn' />
    <tag k='light:method' v='fluorescent' />
    <tag k='light:shape' v='cylindrical' />
    <tag k='light_source' v='lantern' />
    <tag k='support' v='pole' />
    <tag k='survey:date' v='2023-02-28' />
  </node>
  <node id='4839059894' timestamp='2026-01-25T19:10:02Z' uid='1468043' user='jengelh' version='8' changeset='177694782' lat='51.5271668' lon='9.8996774'>
    <tag k='highway' v='street_lamp' />
    <tag k='lamp_mount' v='straight_mast' />
    <tag k='light:colour' v='white' />
    <tag k='light:lit' v='dusk-dawn' />
    <tag k='light:method' v='LED' />
    <tag k='light:model' v='Fortimo LLM Gen2' />
    <tag k='light:tilt' v='-90' />
    <tag k='light_source' v='lantern' />
    <tag k='operator' v='EAM Netz' />
    <tag k='ref' v='GRO-1068' />
    <tag k='support' v='pole' />
  </node>
  <node id='4839059895' timestamp='2026-01-25T19:10:02Z' uid='1468043' user='jengelh' version='8' changeset='177694782' lat='51.5272788' lon='9.8995862'>
    <tag k='highway' v='street_lamp' />
    <tag k='lamp_mount' v='straight_mast' />
    <tag k='light:colour' v='white' />
    <tag k='light:lit' v='dusk-dawn' />
    <tag k='light:method' v='LED' />
    <tag k='light:model' v='Fortimo LLM Gen2' />
    <tag k='light:tilt' v='-90' />
    <tag k='light_source' v='lantern' />
    <tag k='operator' v='EAM Netz' />
    <tag k='ref' v='GRO-1067' />
    <tag k='support' v='pole' />
  </node>
  <node id='4839059896' timestamp='2026-01-25T19:10:02Z' uid='1468043' user='jengelh' version='8' changeset='177694782' lat='51.5273603' lon='9.8997559'>
    <tag k='highway' v='street_lamp' />
    <tag k='lamp_mount' v='straight_mast' />
    <tag k='light:colour' v='white' />
    <tag k='light:lit' v='dusk-dawn' />
    <tag k='light:method' v='LED' />
    <tag k='light:model' v='Fortimo LLM Gen2' />
    <tag k='light:tilt' v='-90' />
    <tag k='light_source' v='lantern' />
    <tag k='operator' v='EAM Netz' />
    <tag k='ref' v='GRO-1066' />
    <tag k='support' v='pole' />
  </node>
  <node id='4839059897' timestamp='2026-01-25T19:10:02Z' uid='1468043' user='jengelh' version='8' changeset='177694782' lat='51.52741' lon='9.8999262'>
    <tag k='highway' v='street_lamp' />
    <tag k='lamp_mount' v='straight_mast' />
    <tag k='light:colour' v='white' />
    <tag k='light:lit' v='dusk-dawn' />
    <tag k='light:method' v='LED' />
    <tag k='light:model' v='Fortimo LLM Gen2' />
    <tag k='light:tilt' v='-90' />
    <tag k='light_source' v='lantern' />
    <tag k='operator' v='EAM Netz' />
    <tag k='ref' v='GRO-1065' />
    <tag k='support' v='pole' />
  </node>
  <node id='4839059898' timestamp='2026-01-25T19:10:02Z' uid='1468043' user='jengelh' version='8' changeset='177694782' lat='51.5276251' lon='9.8999342'>
    <tag k='highway' v='street_lamp' />
    <tag k='lamp_mount' v='straight_mast' />
    <tag k='light:colour' v='white' />
    <tag k='light:lit' v='dusk-dawn' />
    <tag k='light:method' v='LED' />
    <tag k='light:model' v='Fortimo LLM Gen2' />
    <tag k='light:tilt' v='-90' />
    <tag k='light_source' v='lantern' />
    <tag k='operator' v='EAM Netz' />
    <tag k='ref' v='GRO-0126' />
    <tag k='support' v='pole' />
  </node>
  <node id='4839059899' timestamp='2024-05-25T21:17:01Z' uid='1468043' user='jengelh' version='6' changeset='151828728' lat='51.5277724' lon='9.8998167'>
    <tag k='board_type' v='notice' />
    <tag k='information' v='board' />
    <tag k='operator' v='Mehrgenerationenhaus' />
    <tag k='survey:date' v='2024-03-22' />
    <tag k='tourism' v='information' />
  </node>
  <node id='4839074768' timestamp='2017-05-06T20:15:35Z' uid='1468043' user='jengelh' version='1' changeset='48460984' lat='51.5261739' lon='9.9001039'>
    <tag k='natural' v='tree' />
    <tag k='source' v='hi-res aerial imagery' />
  </node>
  <node id='4839074769' timestamp='2017-05-06T20:15:35Z' uid='1468043' user='jengelh' version='1' changeset='48460984' lat='51.5262164' lon='9.8999376'>
    <tag k='natural' v='tree' />
    <tag k='source' v='hi-res aerial imagery' />
  </node>
  <node id='4839074770' timestamp='2017-05-06T20:15:35Z' uid='1468043' user='jengelh' version='1' changeset='48460984' lat='51.5262131' lon='9.8999906'>
    <tag k='natural' v='tree' />
    <tag k='source' v='hi-res aerial imagery' />
  </node>
  <node id='4839074771' timestamp='2017-05-06T20:15:35Z' uid='1468043' user='jengelh' version='1' changeset='48460984' lat='51.5261651' lon='9.9000214'>
    <tag k='natural' v='tree' />
    <tag k='source' v='hi-res aerial imagery' />
  </node>
  <node id='4839074772' timestamp='2017-05-06T20:15:35Z' uid='1468043' user='jengelh' version='1' changeset='48460984' lat='51.5261584' lon='9.8998219'>
    <tag k='natural' v='tree' />
    <tag k='source' v='hi-res aerial imagery' />
  </node>
  <node id='4839074804' timestamp='2017-05-06T20:15:37Z' uid='1468043' user='jengelh' version='1' changeset='48460984' lat='51.5267583' lon='9.8990136'>
    <tag k='natural' v='tree' />
    <tag k='source' v='hi-res aerial imagery' />
  </node>
  <node id='4839074805' timestamp='2017-05-06T20:15:37Z' uid='1468043' user='jengelh' version='1' changeset='48460984' lat='51.5267166' lon='9.8989438'>
    <tag k='natural' v='tree' />
    <tag k='source' v='hi-res aerial imagery' />
  </node>
  <node id='4839074806' timestamp='2017-05-06T20:15:37Z' uid='1468043' user='jengelh' version='1' changeset='48460984' lat='51.5266849' lon='9.8988144'>
    <tag k='natural' v='tree' />
    <tag k='source' v='hi-res aerial imagery' />
  </node>
  <node id='4839074807' timestamp='2017-05-06T20:15:37Z' uid='1468043' user='jengelh' version='1' changeset='48460984' lat='51.5266595' lon='9.8987567'>
    <tag k='natural' v='tree' />
    <tag k='source' v='hi-res aerial imagery' />
  </node>
  <node id='4839074808' timestamp='2017-05-06T20:15:37Z' uid='1468043' user='jengelh' version='1' changeset='48460984' lat='51.5265568' lon='9.8983303'>
    <tag k='natural' v='tree' />
    <tag k='source' v='hi-res aerial imagery' />
  </node>
  <node id='4839074809' timestamp='2017-05-06T20:15:37Z' uid='1468043' user='jengelh' version='1' changeset='48460984' lat='51.5265143' lon='9.8981915'>
    <tag k='natural' v='tree' />
    <tag k='source' v='hi-res aerial imagery' />
  </node>
  <node id='4839074810' timestamp='2017-05-06T20:15:37Z' uid='1468043' user='jengelh' version='1' changeset='48460984' lat='51.5264743' lon='9.8980586'>
    <tag k='natural' v='tree' />
    <tag k='source' v='hi-res aerial imagery' />
  </node>
  <node id='4839074942' timestamp='2023-03-01T10:31:37Z' uid='1468043' user='jengelh' version='5' changeset='133165524' lat='51.5265497' lon='9.8982515'>
    <tag k='highway' v='street_lamp' />
    <tag k='lamp_mount' v='straight_mast' />
    <tag k='light:colour' v='orange' />
    <tag k='light:lit' v='dusk-dawn' />
    <tag k='light:method' v='high_pressure_sodium' />
    <tag k='light:shape' v='cylindrical' />
    <tag k='light_source' v='lantern' />
    <tag k='operator' v='DAWE' />
    <tag k='support' v='pole' />
    <tag k='survey:date' v='2023-02-28' />
  </node>
  <node id='4839074943' timestamp='2023-03-01T10:31:37Z' uid='1468043' user='jengelh' version='5' changeset='133165524' lat='51.5266968' lon='9.8986414'>
    <tag k='highway' v='street_lamp' />
    <tag k='lamp_mount' v='straight_mast' />
    <tag k='light:colour' v='orange' />
    <tag k='light:lit' v='dusk-dawn' />
    <tag k='light:method' v='high_pressure_sodium' />
    <tag k='light:shape' v='cylindrical' />
    <tag k='light_source' v='lantern' />
    <tag k='operator' v='DAWE' />
    <tag k='support' v='pole' />
    <tag k='survey:date' v='2023-02-28' />
  </node>
  <node id='4839074944' timestamp='2023-03-01T10:31:37Z' uid='1468043' user='jengelh' version='5' changeset='133165524' lat='51.5268126' lon='9.8990048'>
    <tag k='highway' v='street_lamp' />
    <tag k='lamp_mount' v='straight_mast' />
    <tag k='light:colour' v='orange' />
    <tag k='light:lit' v='dusk-dawn' />
    <tag k='light:method' v='high_pressure_sodium' />
    <tag k='light:shape' v='cylindrical' />
    <tag k='light_source' v='lantern' />
    <tag k='operator' v='DAWE' />
    <tag k='support' v='pole' />
    <tag k='survey:date' v='2023-02-28' />
  </node>
  <node id='4839074945' timestamp='2017-05-06T20:15:40Z' uid='1468043' user='jengelh' version='1' changeset='48460984' lat='51.526848' lon='9.8990464'>
    <tag k='natural' v='tree' />
    <tag k='source' v='hi-res aerial imagery' />
  </node>
  <node id='4839074946' timestamp='2017-05-06T20:15:40Z' uid='1468043' user='jengelh' version='1' changeset='48460984' lat='51.5268113' lon='9.8989358'>
    <tag k='natural' v='tree' />
    <tag k='source' v='hi-res aerial imagery' />
  </node>
  <node id='4839074947' timestamp='2017-05-06T20:15:40Z' uid='1468043' user='jengelh' version='1' changeset='48460984' lat='51.5267709' lon='9.8988064'>
    <tag k='natural' v='tree' />
    <tag k='source' v='hi-res aerial imagery' />
  </node>
  <node id='4839074959' timestamp='2017-05-06T20:15:41Z' uid='1468043' user='jengelh' version='1' changeset='48460984' lat='51.5269698' lon='9.8984724'>
    <tag k='natural' v='tree' />
    <tag k='source' v='hi-res aerial imagery' />
  </node>
  <node id='4839074960' timestamp='2017-05-06T20:15:41Z' uid='1468043' user='jengelh' version='1' changeset='48460984' lat='51.526949' lon='9.8983993'>
    <tag k='natural' v='tree' />
    <tag k='source' v='hi-res aerial imagery' />
  </node>
  <node id='4839074963' timestamp='2017-05-06T20:15:41Z' uid='1468043' user='jengelh' version='1' changeset='48460984' lat='51.5270374' lon='9.8981673'>
    <tag k='natural' v='tree' />
    <tag k='source' v='hi-res aerial imagery' />
  </node>
  <node id='4839074964' timestamp='2017-05-06T20:15:41Z' uid='1468043' user='jengelh' version='1' changeset='48460984' lat='51.5271755' lon='9.8982143'>
    <tag k='natural' v='tree' />
    <tag k='source' v='hi-res aerial imagery' />
  </node>
  <node id='4839074965' timestamp='2017-05-06T20:15:41Z' uid='1468043' user='jengelh' version='1' changeset='48460984' lat='51.5272081' lon='9.898461'>
    <tag k='natural' v='tree' />
    <tag k='source' v='hi-res aerial imagery' />
  </node>
  <node id='4839074981' timestamp='2026-01-25T19:10:02Z' uid='1468043' user='jengelh' version='8' changeset='177694782' lat='51.5268532' lon='9.8981573'>
    <tag k='highway' v='street_lamp' />
    <tag k='lamp_mount' v='straight_mast' />
    <tag k='light:colour' v='white' />
    <tag k='light:lit' v='dusk-dawn' />
    <tag k='light:method' v='LED' />
    <tag k='light:model' v='Fortimo LLM Gen2' />
    <tag k='light:tilt' v='-90' />
    <tag k='light_source' v='lantern' />
    <tag k='operator' v='EAM Netz' />
    <tag k='ref' v='GRO-0184' />
    <tag k='support' v='pole' />
  </node>
  <node id='4839101030' timestamp='2020-03-25T10:29:14Z' uid='1468043' user='jengelh' version='4' changeset='82608064' lat='51.5263833' lon='9.8990025'>
    <tag k='highway' v='street_lamp' />
    <tag k='lamp_model:de' v='Pilz/matt' />
    <tag k='lamp_mount' v='straight_mast' />
    <tag k='light:colour' v='white' />
    <tag k='light:lit' v='dusk-dawn' />
    <tag k='light:method' v='electric' />
    <tag k='light:shape' v='cylindrical' />
    <tag k='light_source' v='lantern' />
    <tag k='support' v='pole' />
    <tag k='survey:date' v='2017-05-06' />
  </node>
  <node id='4839101101' timestamp='2026-01-25T19:10:02Z' uid='1468043' user='jengelh' version='5' changeset='177694782' lat='51.5272181' lon='9.9005099'>
    <tag k='highway' v='street_lamp' />
    <tag k='lamp_mount' v='bent_mast' />
    <tag k='light:colour' v='orange' />
    <tag k='light:lit' v='dusk-dawn' />
    <tag k='light:method' v='high_pressure_sodium' />
    <tag k='light:tilt' v='-90' />
    <tag k='light_source' v='lantern' />
    <tag k='operator' v='EAM Netz' />
    <tag k='support' v='pole' />
  </node>
  <node id='4839101102' timestamp='2026-01-25T19:10:02Z' uid='1468043' user='jengelh' version='5' changeset='177694782' lat='51.5271741' lon='9.900525'>
    <tag k='highway' v='street_lamp' />
    <tag k='lamp_mount' v='straight_mast' />
    <tag k='light:colour' v='white' />
    <tag k='light:lit' v='dusk-dawn' />
    <tag k='light:method' v='LED' />
    <tag k='light:model' v='Fortimo LLM Gen2' />
    <tag k='light:tilt' v='-90' />
    <tag k='light_source' v='lantern' />
    <tag k='operator' v='EAM Netz' />
    <tag k='ref' v='GRO-0104' />
    <tag k='support' v='pole' />
  </node>
  <node id='4839101103' timestamp='2026-01-25T19:10:02Z' uid='1468043' user='jengelh' version='8' changeset='177694782' lat='51.5268697' lon='9.9007513'>
    <tag k='highway' v='street_lamp' />
    <tag k='lamp_mount' v='straight_mast' />
    <tag k='light:colour' v='white' />
    <tag k='light:lit' v='dusk-dawn' />
    <tag k='light:method' v='LED' />
    <tag k='light:model' v='Fortimo LLM Gen2' />
    <tag k='light:tilt' v='-90' />
    <tag k='light_source' v='lantern' />
    <tag k='operator' v='EAM Netz' />
    <tag k='ref' v='GRO-0102' />
    <tag k='support' v='pole' />
  </node>
  <node id='4839101104' timestamp='2019-10-27T10:46:09Z' uid='1468043' user='jengelh' version='3' changeset='76262663' lat='51.5265214' lon='9.9009659'>
    <tag k='amenity' v='vending_machine' />
    <tag k='operator' v='Tabakwaren-Union' />
    <tag k='ref' v='TU-1323' />
    <tag k='survey:date' v='2017-05-06' />
    <tag k='vending' v='cigarettes' />
  </node>
  <node id='4839101105' timestamp='2026-01-25T19:10:02Z' uid='1468043' user='jengelh' version='8' changeset='177694782' lat='51.5265128' lon='9.9009545'>
    <tag k='highway' v='street_lamp' />
    <tag k='lamp_mount' v='straight_mast' />
    <tag k='light:colour' v='white' />
    <tag k='light:lit' v='dusk-dawn' />
    <tag k='light:method' v='LED' />
    <tag k='light:model' v='Fortimo LLM Gen2' />
    <tag k='light:tilt' v='-90' />
    <tag k='light_source' v='lantern' />
    <tag k='operator' v='EAM Netz' />
    <tag k='ref' v='GRO-0088' />
    <tag k='support' v='pole' />
  </node>
  <node id='4839101106' timestamp='2017-05-06T20:32:47Z' uid='1468043' user='jengelh' version='1' changeset='48461328' lat='51.5267535' lon='9.9007161' />
  <node id='4839101107' timestamp='2017-05-06T20:32:47Z' uid='1468043' user='jengelh' version='1' changeset='48461328' lat='51.5267304' lon='9.9007166' />
  <node id='4839101108' timestamp='2017-05-06T20:32:47Z' uid='1468043' user='jengelh' version='1' changeset='48461328' lat='51.5267283' lon='9.9008398' />
  <node id='4839101109' timestamp='2017-05-06T20:32:47Z' uid='1468043' user='jengelh' version='1' changeset='48461328' lat='51.5264937' lon='9.9009118' />
  <node id='4839101110' timestamp='2017-05-06T20:32:47Z' uid='1468043' user='jengelh' version='1' changeset='48461328' lat='51.5265794' lon='9.9009404' />
  <node id='4839101111' timestamp='2026-01-25T19:10:02Z' uid='1468043' user='jengelh' version='8' changeset='177694782' lat='51.526299' lon='9.9004345'>
    <tag k='highway' v='street_lamp' />
    <tag k='lamp_mount' v='straight_mast' />
    <tag k='light:colour' v='white' />
    <tag k='light:lit' v='dusk-dawn' />
    <tag k='light:method' v='LED' />
    <tag k='light:model' v='Fortimo LLM Gen2' />
    <tag k='light:tilt' v='-90' />
    <tag k='light_source' v='lantern' />
    <tag k='operator' v='EAM Netz' />
    <tag k='ref' v='GRO-0087' />
    <tag k='support' v='pole' />
  </node>
  <node id='4839101112' timestamp='2026-01-25T19:10:02Z' uid='1468043' user='jengelh' version='8' changeset='177694782' lat='51.5261839' lon='9.9000384'>
    <tag k='highway' v='street_lamp' />
    <tag k='lamp_mount' v='straight_mast' />
    <tag k='light:colour' v='white' />
    <tag k='light:lit' v='dusk-dawn' />
    <tag k='light:method' v='LED' />
    <tag k='light:model' v='Fortimo LLM Gen2' />
    <tag k='light:tilt' v='-90' />
    <tag k='light_source' v='lantern' />
    <tag k='operator' v='EAM Netz' />
    <tag k='ref' v='GRO-0086' />
    <tag k='support' v='pole' />
  </node>
  <node id='4839101120' timestamp='2018-04-19T10:25:18Z' uid='1468043' user='jengelh' version='3' changeset='58228529' lat='51.5265139' lon='9.9000901'>
    <tag k='highway' v='street_lamp' />
    <tag k='light:colour' v='white' />
    <tag k='light:count' v='2' />
    <tag k='light:lit' v='dusk-dawn' />
    <tag k='light:method' v='electric' />
    <tag k='light:tilt' v='-90' />
    <tag k='light_source' v='lantern' />
    <tag k='support' v='pole' />
    <tag k='survey:date' v='2017-05-06' />
  </node>
  <node id='4839102821' timestamp='2025-08-23T13:18:45Z' uid='1468043' user='jengelh' version='4' changeset='170880560' lat='51.5264515' lon='9.8998923'>
    <tag k='highway' v='street_lamp' />
    <tag k='light:colour' v='white' />
    <tag k='light:count' v='2' />
    <tag k='light:lit' v='dusk-dawn' />
    <tag k='light:method' v='electric' />
    <tag k='light:tilt' v='-90' />
    <tag k='light_source' v='lantern' />
    <tag k='support' v='pole' />
    <tag k='survey:date' v='2017-05-06' />
  </node>
  <node id='4839102822' timestamp='2025-08-23T13:18:45Z' uid='1468043' user='jengelh' version='4' changeset='170880560' lat='51.5263903' lon='9.8996801'>
    <tag k='highway' v='street_lamp' />
    <tag k='light:colour' v='white' />
    <tag k='light:count' v='2' />
    <tag k='light:lit' v='dusk-dawn' />
    <tag k='light:method' v='electric' />
    <tag k='light:tilt' v='-90' />
    <tag k='light_source' v='lantern' />
    <tag k='support' v='pole' />
    <tag k='survey:date' v='2017-05-06' />
  </node>
  <node id='4839102823' timestamp='2018-04-19T10:28:47Z' uid='1468043' user='jengelh' version='2' changeset='58228678' lat='51.526599' lon='9.9000701'>
    <tag k='entrance' v='main' />
    <tag k='survey:date' v='2017-05-06' />
  </node>
  <node id='4839102824' timestamp='2024-08-15T14:06:29Z' uid='896529' user='verify' version='3' changeset='155284823' lat='51.5265258' lon='9.9001052'>
    <tag k='amenity' v='bicycle_parking' />
    <tag k='bicycle_parking' v='stands' />
    <tag k='capacity' v='12' />
    <tag k='covered' v='no' />
    <tag k='survey:date' v='2017-05-06' />
  </node>
  <node id='4839102825' timestamp='2026-01-25T19:10:02Z' uid='1468043' user='jengelh' version='5' changeset='177694782' lat='51.5270641' lon='9.9003563'>
    <tag k='highway' v='street_lamp' />
    <tag k='lamp_mount' v='straight_mast' />
    <tag k='light:colour' v='white' />
    <tag k='light:lit' v='dusk-dawn' />
    <tag k='light:method' v='LED' />
    <tag k='light:model' v='Fortimo LLM Gen2' />
    <tag k='light:tilt' v='-90' />
    <tag k='light_source' v='lantern' />
    <tag k='operator' v='EAM Netz' />
    <tag k='ref' v='GRO-0128' />
    <tag k='support' v='pole' />
  </node>
  <node id='4839102826' timestamp='2026-01-25T19:10:02Z' uid='1468043' user='jengelh' version='8' changeset='177694782' lat='51.5267556' lon='9.9005873'>
    <tag k='highway' v='street_lamp' />
    <tag k='lamp_mount' v='straight_mast' />
    <tag k='light:colour' v='white' />
    <tag k='light:lit' v='dusk-dawn' />
    <tag k='light:method' v='LED' />
    <tag k='light:model' v='Fortimo LLM Gen2' />
    <tag k='light:tilt' v='-90' />
    <tag k='light_source' v='lantern' />
    <tag k='operator' v='EAM Netz' />
    <tag k='ref' v='GRO-0129' />
    <tag k='support' v='pole' />
  </node>
  <node id='4839102827' timestamp='2026-01-25T19:10:02Z' uid='1468043' user='jengelh' version='8' changeset='177694782' lat='51.5265427' lon='9.9004797'>
    <tag k='highway' v='street_lamp' />
    <tag k='lamp_mount' v='straight_mast' />
    <tag k='light:colour' v='white' />
    <tag k='light:lit' v='dusk-dawn' />
    <tag k='light:method' v='LED' />
    <tag k='light:model' v='Fortimo LLM Gen2' />
    <tag k='light:tilt' v='-90' />
    <tag k='light_source' v='lantern' />
    <tag k='operator' v='EAM Netz' />
    <tag k='ref' v='GRO-0052' />
    <tag k='support' v='pole' />
  </node>
  <node id='4839102828' timestamp='2026-01-25T19:10:02Z' uid='1468043' user='jengelh' version='8' changeset='177694782' lat='51.5263993' lon='9.9001434'>
    <tag k='highway' v='street_lamp' />
    <tag k='lamp_mount' v='straight_mast' />
    <tag k='light:colour' v='white' />
    <tag k='light:lit' v='dusk-dawn' />
    <tag k='light:method' v='LED' />
    <tag k='light:model' v='Fortimo LLM Gen2' />
    <tag k='light:tilt' v='-90' />
    <tag k='light_source' v='lantern' />
    <tag k='operator' v='EAM Netz' />
    <tag k='ref' v='GRO-0053' />
    <tag k='support' v='pole' />
  </node>
  <node id='4839102829' timestamp='2026-01-25T19:10:02Z' uid='1468043' user='jengelh' version='8' changeset='177694782' lat='51.5262769' lon='9.8997176'>
    <tag k='highway' v='street_lamp' />
    <tag k='lamp_mount' v='straight_mast' />
    <tag k='light:colour' v='white' />
    <tag k='light:lit' v='dusk-dawn' />
    <tag k='light:method' v='LED' />
    <tag k='light:model' v='Fortimo LLM Gen2' />
    <tag k='light:tilt' v='-90' />
    <tag k='light_source' v='lantern' />
    <tag k='operator' v='EAM Netz' />
    <tag k='ref' v='GRO-0054' />
    <tag k='support' v='pole' />
  </node>
  <node id='4839102830' timestamp='2026-01-25T19:10:02Z' uid='1468043' user='jengelh' version='8' changeset='177694782' lat='51.5261568' lon='9.8993012'>
    <tag k='highway' v='street_lamp' />
    <tag k='lamp_mount' v='straight_mast' />
    <tag k='light:colour' v='white' />
    <tag k='light:lit' v='dusk-dawn' />
    <tag k='light:method' v='LED' />
    <tag k='light:model' v='Fortimo LLM Gen2' />
    <tag k='light:tilt' v='-90' />
    <tag k='light_source' v='lantern' />
    <tag k='operator' v='EAM Netz' />
    <tag k='ref' v='GRO-1069' />
    <tag k='support' v='pole' />
  </node>
  <node id='5843414904' timestamp='2025-03-13T09:16:06Z' uid='1468043' user='jengelh' version='2' changeset='163560956' lat='51.5273976' lon='9.9006702' />
  <node id='5843414905' timestamp='2025-03-13T09:16:06Z' uid='1468043' user='jengelh' version='2' changeset='163560956' lat='51.5273162' lon='9.9007311' />
  <node id='5843414906' timestamp='2025-03-13T09:16:06Z' uid='1468043' user='jengelh' version='2' changeset='163560956' lat='51.5273508' lon='9.9008506' />
  <node id='5843414907' timestamp='2025-03-13T09:16:06Z' uid='1468043' user='jengelh' version='2' changeset='163560956' lat='51.5272449' lon='9.9009298' />
  <node id='5843414908' timestamp='2025-03-13T09:16:06Z' uid='1468043' user='jengelh' version='2' changeset='163560956' lat='51.5272479' lon='9.9009402'>
    <tag k='entrance' v='main' />
  </node>
  <node id='5843414909' timestamp='2025-03-13T09:16:06Z' uid='1468043' user='jengelh' version='2' changeset='163560956' lat='51.5274685' lon='9.9009172' />
  <node id='5843414910' timestamp='2025-03-13T09:16:06Z' uid='1468043' user='jengelh' version='2' changeset='163560956' lat='51.5273' lon='9.9010433' />
  <node id='5843414911' timestamp='2025-03-13T09:16:06Z' uid='1468043' user='jengelh' version='2' changeset='163560956' lat='51.5275572' lon='9.9012277' />
  <node id='5843414912' timestamp='2025-03-13T09:16:06Z' uid='1468043' user='jengelh' version='2' changeset='163560956' lat='51.5273926' lon='9.9013509' />
  <node id='5843414913' timestamp='2025-03-13T09:16:06Z' uid='1468043' user='jengelh' version='2' changeset='163560956' lat='51.5273953' lon='9.9013601'>
    <tag k='entrance' v='main' />
  </node>
  <node id='5843414914' timestamp='2025-03-13T09:16:06Z' uid='1468043' user='jengelh' version='2' changeset='163560956' lat='51.5276131' lon='9.9014232' />
  <node id='5843414916' timestamp='2018-08-20T08:07:25Z' uid='1468043' user='jengelh' version='1' changeset='61814390' lat='51.5274374' lon='9.9014489'>
    <tag k='entrance' v='main' />
  </node>
  <node id='5843414917' timestamp='2025-03-13T09:16:06Z' uid='1468043' user='jengelh' version='2' changeset='163560956' lat='51.5272947' lon='9.9010253'>
    <tag k='entrance' v='main' />
  </node>
  <node id='5843414924' timestamp='2018-08-20T08:07:26Z' uid='1468043' user='jengelh' version='1' changeset='61814390' lat='51.5272836' lon='9.9016245' />
  <node id='5843414925' timestamp='2018-08-20T08:07:26Z' uid='1468043' user='jengelh' version='1' changeset='61814390' lat='51.5272465' lon='9.9014967' />
  <node id='5843414926' timestamp='2018-08-20T08:07:26Z' uid='1468043' user='jengelh' version='1' changeset='61814390' lat='51.5273398' lon='9.9018185'>
    <tag k='noexit' v='yes' />
  </node>
  <node id='5843414927' timestamp='2018-08-20T08:07:26Z' uid='1468043' user='jengelh' version='1' changeset='61814390' lat='51.526978' lon='9.9005713' />
  <node id='5843414928' timestamp='2018-08-20T08:07:26Z' uid='1468043' user='jengelh' version='1' changeset='61814390' lat='51.5271201' lon='9.901061' />
  <node id='5843414929' timestamp='2025-03-13T09:16:06Z' uid='1468043' user='jengelh' version='2' changeset='163560956' lat='51.527187' lon='9.9010109'>
    <tag k='entrance' v='yes' />
  </node>
  <node id='5843414930' timestamp='2025-03-13T09:16:06Z' uid='1468043' user='jengelh' version='2' changeset='163560956' lat='51.5273344' lon='9.9014308'>
    <tag k='entrance' v='yes' />
  </node>
  <node id='5843414951' timestamp='2025-03-13T09:16:06Z' uid='1468043' user='jengelh' version='2' changeset='163560956' lat='51.5273292' lon='9.9014581' />
  <node id='5843414952' timestamp='2025-03-13T09:16:06Z' uid='1468043' user='jengelh' version='2' changeset='163560956' lat='51.52734' lon='9.90145' />
  <node id='5843414953' timestamp='2025-03-13T09:16:06Z' uid='1468043' user='jengelh' version='2' changeset='163560956' lat='51.5271824' lon='9.9010372' />
  <node id='5843414954' timestamp='2025-03-13T09:16:06Z' uid='1468043' user='jengelh' version='2' changeset='163560956' lat='51.5271924' lon='9.9010297' />
  <node id='5843414955' timestamp='2025-03-13T09:16:06Z' uid='1468043' user='jengelh' version='2' changeset='163560956' lat='51.5271834' lon='9.9007508' />
  <node id='5843414956' timestamp='2025-03-13T09:16:06Z' uid='1468043' user='jengelh' version='2' changeset='163560956' lat='51.527177' lon='9.9007556' />
  <node id='5843414957' timestamp='2025-03-13T09:16:06Z' uid='1468043' user='jengelh' version='2' changeset='163560956' lat='51.5273062' lon='9.9010167' />
  <node id='5843414958' timestamp='2025-03-13T09:16:06Z' uid='1468043' user='jengelh' version='2' changeset='163560956' lat='51.5272832' lon='9.9010338' />
  <node id='5843414959' timestamp='2025-03-13T09:16:06Z' uid='1468043' user='jengelh' version='2' changeset='163560956' lat='51.5274526' lon='9.9014375' />
  <node id='5843414960' timestamp='2025-03-13T09:16:06Z' uid='1468043' user='jengelh' version='2' changeset='163560956' lat='51.5274293' lon='9.901455' />
  <node id='5843414961' timestamp='2025-03-13T09:16:06Z' uid='1468043' user='jengelh' version='2' changeset='163560956' lat='51.5274687' lon='9.9015913' />
  <node id='5843414962' timestamp='2025-03-13T09:16:06Z' uid='1468043' user='jengelh' version='2' changeset='163560956' lat='51.5274761' lon='9.9015858' />
  <node id='6275554990' timestamp='2019-02-13T01:05:52Z' uid='1468043' user='jengelh' version='1' changeset='67148115' lat='51.5280943' lon='9.9030734' />
  <node id='6275555055' timestamp='2025-03-13T09:16:06Z' uid='1468043' user='jengelh' version='2' changeset='163560956' lat='51.5277588' lon='9.9020411' />
  <node id='6275555056' timestamp='2025-03-13T09:16:06Z' uid='1468043' user='jengelh' version='2' changeset='163560956' lat='51.5277659' lon='9.9020661' />
  <node id='6275555057' timestamp='2025-03-13T09:16:06Z' uid='1468043' user='jengelh' version='2' changeset='163560956' lat='51.527725' lon='9.9020964' />
  <node id='6275555058' timestamp='2025-03-13T09:16:06Z' uid='1468043' user='jengelh' version='2' changeset='163560956' lat='51.5277179' lon='9.9020714' />
  <node id='6275555059' timestamp='2025-03-13T09:16:06Z' uid='1468043' user='jengelh' version='2' changeset='163560956' lat='51.5277069' lon='9.9018605' />
  <node id='6275555060' timestamp='2025-03-13T09:16:06Z' uid='1468043' user='jengelh' version='2' changeset='163560956' lat='51.5277148' lon='9.9018878' />
  <node id='6275555061' timestamp='2025-03-13T09:16:06Z' uid='1468043' user='jengelh' version='2' changeset='163560956' lat='51.5276739' lon='9.9019181' />
  <node id='6275555062' timestamp='2025-03-13T09:16:06Z' uid='1468043' user='jengelh' version='2' changeset='163560956' lat='51.527666' lon='9.9018908' />
  <node id='6275555063' timestamp='2025-03-13T09:16:06Z' uid='1468043' user='jengelh' version='2' changeset='163560956' lat='51.5276484' lon='9.9016563' />
  <node id='6275555064' timestamp='2025-03-13T09:16:06Z' uid='1468043' user='jengelh' version='2' changeset='163560956' lat='51.5276606' lon='9.9016988' />
  <node id='6275555065' timestamp='2025-03-13T09:16:06Z' uid='1468043' user='jengelh' version='2' changeset='163560956' lat='51.5276197' lon='9.9017291' />
  <node id='6275555066' timestamp='2025-03-13T09:16:06Z' uid='1468043' user='jengelh' version='2' changeset='163560956' lat='51.5276075' lon='9.9016866' />
  <node id='6275555067' timestamp='2025-03-13T09:16:06Z' uid='1468043' user='jengelh' version='2' changeset='163560956' lat='51.5276021' lon='9.9014949' />
  <node id='6275555068' timestamp='2025-03-13T09:16:06Z' uid='1468043' user='jengelh' version='2' changeset='163560956' lat='51.5276109' lon='9.9015254' />
  <node id='6275555069' timestamp='2025-03-13T09:16:06Z' uid='1468043' user='jengelh' version='2' changeset='163560956' lat='51.52757' lon='9.9015556' />
  <node id='6275555070' timestamp='2025-03-13T09:16:06Z' uid='1468043' user='jengelh' version='2' changeset='163560956' lat='51.5275612' lon='9.9015252' />
  <node id='6275555071' timestamp='2023-10-28T11:34:40Z' uid='85475' user='miche101' version='2' changeset='143256636' lat='51.5273007' lon='9.9003983'>
    <tag k='emergency' v='fire_hydrant' />
    <tag k='fire_hydrant:diameter' v='200' />
    <tag k='fire_hydrant:position' v='lane' />
    <tag k='fire_hydrant:type' v='underground' />
    <tag k='ref' v='3365' />
    <tag k='survey:date' v='2019-02-13' />
  </node>
  <node id='6275555072' timestamp='2020-04-16T21:19:24Z' uid='1468043' user='jengelh' version='2' changeset='83668629' lat='51.5276142' lon='9.8999518'>
    <tag k='man_made' v='street_cabinet' />
    <tag k='model' v='KVz 83' />
    <tag k='survey:date' v='2019-02-13' />
  </node>
  <node id='6275555073' timestamp='2026-06-07T18:22:12Z' uid='22048181' user='Taceursi' version='5' changeset='183794134' lat='51.5275426' lon='9.9002675'>
    <tag k='amenity' v='bench' />
    <tag k='backrest' v='yes' />
    <tag k='check_date' v='2026-06-07' />
    <tag k='description' v='Mitfahrerbank' />
    <tag k='material' v='wood' />
    <tag k='seats' v='3' />
  </node>
  <node id='6275555074' timestamp='2019-02-13T01:05:54Z' uid='1468043' user='jengelh' version='1' changeset='67148115' lat='51.5275362' lon='9.9002056' />
  <node id='6275555075' timestamp='2019-02-13T01:05:54Z' uid='1468043' user='jengelh' version='1' changeset='67148115' lat='51.5275605' lon='9.9002894' />
  <node id='6275555076' timestamp='2019-02-13T01:05:54Z' uid='1468043' user='jengelh' version='1' changeset='67148115' lat='51.5278741' lon='9.9000548' />
  <node id='6275555077' timestamp='2025-08-24T09:51:00Z' uid='1468043' user='jengelh' version='2' changeset='170914867' lat='51.5278544' lon='9.9000696' />
  <node id='6275555078' timestamp='2025-08-24T09:51:00Z' uid='1468043' user='jengelh' version='2' changeset='170914867' lat='51.5278354' lon='9.900004' />
  <node id='6275555079' timestamp='2019-02-13T01:05:54Z' uid='1468043' user='jengelh' version='1' changeset='67148115' lat='51.5278551' lon='9.8999892' />
  <node id='6275555080' timestamp='2019-02-13T01:05:54Z' uid='1468043' user='jengelh' version='1' changeset='67148115' lat='51.5281083' lon='9.8997997' />
  <node id='6275555081' timestamp='2019-02-13T01:05:54Z' uid='1468043' user='jengelh' version='1' changeset='67148115' lat='51.5281273' lon='9.8998653' />
  <node id='6275555082' timestamp='2019-02-13T01:05:54Z' uid='1468043' user='jengelh' version='1' changeset='67148115' lat='51.5280948' lon='9.8998896' />
  <node id='6275555083' timestamp='2019-02-13T01:05:54Z' uid='1468043' user='jengelh' version='1' changeset='67148115' lat='51.527587' lon='9.9002696' />
  <node id='6275555084' timestamp='2019-02-13T01:05:54Z' uid='1468043' user='jengelh' version='1' changeset='67148115' lat='51.527568' lon='9.900204' />
  <node id='6275555185' timestamp='2019-02-13T01:05:54Z' uid='1468043' user='jengelh' version='1' changeset='67148115' lat='51.5280758' lon='9.899824' />
  <node id='6275555186' timestamp='2026-01-25T19:10:05Z' uid='1468043' user='jengelh' version='4' changeset='177694785' lat='51.5281542' lon='9.8997669'>
    <tag k='highway' v='street_lamp' />
    <tag k='lamp_mount' v='bent_mast' />
    <tag k='light:colour' v='orange' />
    <tag k='light:lit' v='dusk-dawn' />
    <tag k='light:method' v='high_pressure_sodium' />
    <tag k='light:tilt' v='-90' />
    <tag k='light_source' v='lantern' />
    <tag k='operator' v='EAM Netz' />
    <tag k='support' v='pole' />
  </node>
  <node id='6275555187' timestamp='2023-10-28T10:57:47Z' uid='85475' user='miche101' version='2' changeset='143254942' lat='51.5281573' lon='9.8997539'>
    <tag k='emergency' v='fire_hydrant' />
    <tag k='fire_hydrant:diameter' v='100' />
    <tag k='fire_hydrant:position' v='sidewalk' />
    <tag k='fire_hydrant:type' v='underground' />
    <tag k='operator' v='Stadtwerke Göttingen' />
    <tag k='ref' v='3366' />
    <tag k='survey:date' v='2019-02-13' />
  </node>
  <node id='6275555205' timestamp='2025-05-24T11:29:33Z' uid='44217' user='kjon' version='4' changeset='166692511' lat='51.5278296' lon='9.8994449'>
    <tag k='man_made' v='street_cabinet' />
    <tag k='operator' v='EAM Netz' />
    <tag k='operator:wikidata' v='Q124377769' />
    <tag k='ref' v='975' />
    <tag k='survey:date' v='2019-02-13' />
    <tag k='utility' v='power' />
  </node>
  <node id='6275555206' timestamp='2025-05-24T11:29:33Z' uid='44217' user='kjon' version='4' changeset='166692511' lat='51.5278275' lon='9.8994377'>
    <tag k='man_made' v='street_cabinet' />
    <tag k='operator' v='EAM Netz' />
    <tag k='operator:wikidata' v='Q124377769' />
    <tag k='ref' v='305' />
    <tag k='survey:date' v='2019-02-13' />
    <tag k='utility' v='power' />
  </node>
  <node id='6275555207' timestamp='2022-02-07T07:21:07Z' uid='12947456' user='hades0299' version='2' changeset='117105245' lat='51.5277074' lon='9.8996838'>
    <tag k='amenity' v='bicycle_parking' />
    <tag k='bicycle_parking' v='stands' />
    <tag k='capacity' v='4' />
    <tag k='capacity:note' v='2 stands; per_capacity=2' />
    <tag k='covered' v='no' />
    <tag k='survey:date' v='2019-02-13' />
  </node>
  <node id='6275555208' timestamp='2025-05-24T11:29:33Z' uid='44217' user='kjon' version='2' changeset='166692511' lat='51.5275992' lon='9.8991842'>
    <tag k='man_made' v='street_cabinet' />
    <tag k='survey:date' v='2019-02-13' />
    <tag k='utility' v='power' />
  </node>
  <node id='6275555209' timestamp='2023-10-28T10:57:47Z' uid='85475' user='miche101' version='2' changeset='143254942' lat='51.5276332' lon='9.8987343'>
    <tag k='emergency' v='fire_hydrant' />
    <tag k='fire_hydrant:diameter' v='100' />
    <tag k='fire_hydrant:position' v='green' />
    <tag k='fire_hydrant:type' v='underground' />
    <tag k='operator' v='Stadtwerke Göttingen' />
    <tag k='ref' v='3364' />
    <tag k='survey:date' v='2019-02-13' />
  </node>
  <node id='6275555210' timestamp='2019-02-13T01:05:55Z' uid='1468043' user='jengelh' version='1' changeset='67148115' lat='51.5268111' lon='9.8991192'>
    <tag k='man_made' v='street_cabinet' />
    <tag k='survey:date' v='2019-02-13' />
  </node>
  <node id='6275555211' timestamp='2019-02-13T01:05:55Z' uid='1468043' user='jengelh' version='1' changeset='67148115' lat='51.527018' lon='9.8992836' />
  <node id='6275555212' timestamp='2019-02-13T01:05:55Z' uid='1468043' user='jengelh' version='1' changeset='67148115' lat='51.5271063' lon='9.8995962' />
  <node id='6275555213' timestamp='2019-02-13T01:05:55Z' uid='1468043' user='jengelh' version='1' changeset='67148115' lat='51.527057' lon='9.8996322' />
  <node id='6275555214' timestamp='2019-02-13T01:05:55Z' uid='1468043' user='jengelh' version='1' changeset='67148115' lat='51.5269687' lon='9.8993196' />
  <node id='6275555215' timestamp='2025-05-24T11:29:33Z' uid='44217' user='kjon' version='5' changeset='166692511' lat='51.5271895' lon='9.9005133'>
    <tag k='man_made' v='street_cabinet' />
    <tag k='model' v='MFG 12' />
    <tag k='operator' v='Deutsche Telekom' />
    <tag k='operator:wikidata' v='Q9396' />
    <tag k='ref' v='9A6' />
    <tag k='survey:date' v='2022-08-10' />
    <tag k='utility' v='telecom' />
  </node>
  <node id='6275555216' timestamp='2024-05-25T21:17:01Z' uid='1468043' user='jengelh' version='3' changeset='151828728' lat='51.5270886' lon='9.9002511'>
    <tag k='information' v='map' />
    <tag k='survey:date' v='2024-03-22' />
    <tag k='tourism' v='information' />
  </node>
  <node id='6275555217' timestamp='2020-04-16T21:19:24Z' uid='1468043' user='jengelh' version='3' changeset='83668629' lat='51.5267597' lon='9.9005885'>
    <tag k='man_made' v='street_cabinet' />
    <tag k='model' v='KVz 82 A' />
    <tag k='operator' v='Deutsche Telekom AG' />
    <tag k='street_cabinet' v='telecom' />
    <tag k='survey:date' v='2019-02-13' />
  </node>
  <node id='6275555218' timestamp='2023-10-28T11:34:40Z' uid='85475' user='miche101' version='3' changeset='143256636' lat='51.5263803' lon='9.9004781'>
    <tag k='emergency' v='fire_hydrant' />
    <tag k='fire_hydrant:diameter' v='200' />
    <tag k='fire_hydrant:position' v='parking_lot' />
    <tag k='fire_hydrant:type' v='underground' />
    <tag k='ref' v='1033' />
    <tag k='survey:date' v='2020-03-18' />
  </node>
  <node id='6275555219' timestamp='2019-02-13T01:05:55Z' uid='1468043' user='jengelh' version='1' changeset='67148115' lat='51.5263025' lon='9.9004407'>
    <tag k='man_made' v='street_cabinet' />
    <tag k='street_cabinet' v='postal_service' />
    <tag k='survey:date' v='2019-02-13' />
  </node>
  <node id='6275555220' timestamp='2023-10-28T10:57:47Z' uid='85475' user='miche101' version='2' changeset='143254942' lat='51.5262677' lon='9.9000925'>
    <tag k='emergency' v='fire_hydrant' />
    <tag k='fire_hydrant:diameter' v='100' />
    <tag k='fire_hydrant:position' v='lane' />
    <tag k='fire_hydrant:type' v='underground' />
    <tag k='operator' v='Stadtwerke Göttingen' />
    <tag k='ref' v='2007' />
    <tag k='survey:date' v='2019-02-13' />
  </node>
  <node id='7279481646' timestamp='2020-03-09T11:43:55Z' uid='1468043' user='jengelh' version='1' changeset='81961459' lat='51.5277376' lon='9.8970831' />
  <node id='7279481647' timestamp='2020-03-09T11:43:55Z' uid='1468043' user='jengelh' version='1' changeset='81961459' lat='51.5277094' lon='9.897104' />
  <node id='7279481650' timestamp='2020-03-09T11:43:55Z' uid='1468043' user='jengelh' version='1' changeset='81961459' lat='51.5276227' lon='9.8971686' />
  <node id='7279481651' timestamp='2020-03-09T11:43:55Z' uid='1468043' user='jengelh' version='1' changeset='81961459' lat='51.5275945' lon='9.8971896' />
  <node id='7309052398' timestamp='2026-06-07T18:22:02Z' uid='22048181' user='Taceursi' version='4' changeset='183794425' lat='51.5275405' lon='9.9002625'>
    <tag k='bench' v='yes' />
    <tag k='bin' v='yes' />
    <tag k='check_date' v='2026-06-07' />
    <tag k='check_date:bin' v='2026-06-07' />
    <tag k='covered' v='no' />
    <tag k='destination' v='Sankt-Pretri-Kirche (Grone)' />
    <tag k='highway' v='hitchhiking' />
    <tag k='shelter' v='no' />
  </node>
  <node id='7356990269' timestamp='2020-04-01T20:35:15Z' uid='1468043' user='jengelh' version='1' changeset='82943737' lat='51.5261654' lon='9.8999765' />
  <node id='7356990270' timestamp='2020-04-01T20:35:15Z' uid='1468043' user='jengelh' version='1' changeset='82943737' lat='51.5261362' lon='9.899877' />
  <node id='7356990271' timestamp='2020-04-01T20:35:15Z' uid='1468043' user='jengelh' version='1' changeset='82943737' lat='51.5261471' lon='9.9000856' />
  <node id='7356990272' timestamp='2020-04-01T20:35:15Z' uid='1468043' user='jengelh' version='1' changeset='82943737' lat='51.5259994' lon='9.9001972' />
  <node id='7356990273' timestamp='2020-04-04T09:48:23Z' uid='1468043' user='jengelh' version='2' changeset='83065088' lat='51.5259766' lon='9.9001192' />
  <node id='7356990274' timestamp='2020-04-01T20:35:15Z' uid='1468043' user='jengelh' version='1' changeset='82943737' lat='51.5261243' lon='9.9000076' />
  <node id='7356990275' timestamp='2020-04-01T20:35:15Z' uid='1468043' user='jengelh' version='1' changeset='82943737' lat='51.5260945' lon='9.8999085' />
  <node id='7356990276' timestamp='2020-04-04T09:48:23Z' uid='1468043' user='jengelh' version='2' changeset='83065088' lat='51.5259475' lon='9.9000196' />
  <node id='7356990277' timestamp='2020-04-01T20:35:15Z' uid='1468043' user='jengelh' version='1' changeset='82943737' lat='51.5259252' lon='9.8999437' />
  <node id='7356990278' timestamp='2020-04-01T20:35:15Z' uid='1468043' user='jengelh' version='1' changeset='82943737' lat='51.5260723' lon='9.8998326' />
  <node id='7357324158' timestamp='2020-04-01T23:36:36Z' uid='1468043' user='jengelh' version='1' changeset='82947166' lat='51.5261611' lon='9.8999189' />
  <node id='7357324159' timestamp='2020-04-01T23:36:36Z' uid='1468043' user='jengelh' version='1' changeset='82947166' lat='51.5259704' lon='9.9000635'>
    <tag k='noexit' v='yes' />
  </node>
  <node id='7357324160' timestamp='2020-04-01T23:36:36Z' uid='1468043' user='jengelh' version='1' changeset='82947166' lat='51.5262566' lon='9.8998465' />
  <node id='7366152913' timestamp='2020-04-04T09:48:23Z' uid='1468043' user='jengelh' version='1' changeset='83065088' lat='51.5258747' lon='9.9004011' />
  <node id='7367569508' timestamp='2020-04-04T21:34:37Z' uid='1468043' user='jengelh' version='1' changeset='83083781' lat='51.5257427' lon='9.9015292' />
  <node id='7367569509' timestamp='2020-04-04T21:34:37Z' uid='1468043' user='jengelh' version='1' changeset='83083781' lat='51.5265712' lon='9.9010807' />
  <node id='7367569510' timestamp='2020-04-04T21:34:37Z' uid='1468043' user='jengelh' version='1' changeset='83083781' lat='51.5265141' lon='9.901049' />
  <node id='7367569511' timestamp='2020-04-04T21:34:37Z' uid='1468043' user='jengelh' version='1' changeset='83083781' lat='51.5265049' lon='9.9010903' />
  <node id='7367569512' timestamp='2020-04-04T21:34:37Z' uid='1468043' user='jengelh' version='1' changeset='83083781' lat='51.5264811' lon='9.9010766' />
  <node id='7367569513' timestamp='2020-04-04T21:34:37Z' uid='1468043' user='jengelh' version='1' changeset='83083781' lat='51.526462' lon='9.9011631' />
  <node id='7367569514' timestamp='2020-04-04T21:34:37Z' uid='1468043' user='jengelh' version='1' changeset='83083781' lat='51.5262191' lon='9.9013483' />
  <node id='7367569515' timestamp='2020-04-04T21:34:37Z' uid='1468043' user='jengelh' version='1' changeset='83083781' lat='51.5259184' lon='9.9015305'>
    <tag k='noexit' v='yes' />
  </node>
  <node id='8789742085' timestamp='2021-06-01T16:05:14Z' uid='1468043' user='jengelh' version='1' changeset='105687434' lat='51.5274141' lon='9.8997599'>
    <tag k='playground' v='springy' />
    <tag k='survey:date' v='2021-05-30' />
  </node>
  <node id='8789742086' timestamp='2021-06-01T16:05:14Z' uid='1468043' user='jengelh' version='1' changeset='105687434' lat='51.5270758' lon='9.899253' />
  <node id='8789742087' timestamp='2021-06-01T16:05:14Z' uid='1468043' user='jengelh' version='1' changeset='105687434' lat='51.5274817' lon='9.89893' />
  <node id='8789742088' timestamp='2021-06-01T16:05:14Z' uid='1468043' user='jengelh' version='1' changeset='105687434' lat='51.5272819' lon='9.8990538'>
    <tag k='amenity' v='bench' />
    <tag k='backrest' v='yes' />
    <tag k='material' v='wood' />
    <tag k='seats' v='3' />
    <tag k='survey:date' v='2021-05-30' />
  </node>
  <node id='8789742089' timestamp='2021-06-01T16:05:14Z' uid='1468043' user='jengelh' version='1' changeset='105687434' lat='51.5272481' lon='9.899092'>
    <tag k='leisure' v='pitch' />
    <tag k='sport' v='table_tennis' />
    <tag k='survey:date' v='2021-05-30' />
  </node>
  <node id='8789742090' timestamp='2021-06-01T16:05:14Z' uid='1468043' user='jengelh' version='1' changeset='105687434' lat='51.5271084' lon='9.899204'>
    <tag k='amenity' v='waste_basket' />
    <tag k='material' v='metal' />
    <tag k='survey:date' v='2021-05-30' />
  </node>
  <node id='8789742091' timestamp='2023-03-01T10:31:37Z' uid='1468043' user='jengelh' version='2' changeset='133165524' lat='51.5271137' lon='9.9001948'>
    <tag k='highway' v='street_lamp' />
    <tag k='lamp_model:de' v='Pilz/matt' />
    <tag k='lamp_mount' v='straight_mast' />
    <tag k='light:colour' v='white' />
    <tag k='light:lit' v='dusk-dawn' />
    <tag k='light:method' v='fluorescent' />
    <tag k='light:shape' v='cylindrical' />
    <tag k='light_source' v='lantern' />
    <tag k='support' v='pole' />
    <tag k='survey:date' v='2023-02-28' />
  </node>
  <node id='8939863487' timestamp='2026-01-25T19:10:05Z' uid='1468043' user='jengelh' version='3' changeset='177694785' lat='51.5278405' lon='9.9001247'>
    <tag k='highway' v='street_lamp' />
    <tag k='lamp_mount' v='straight_mast' />
    <tag k='light:colour' v='white' />
    <tag k='light:lit' v='dusk-dawn' />
    <tag k='light:method' v='LED' />
    <tag k='light:model' v='Fortimo LLM Gen2' />
    <tag k='light:tilt' v='-90' />
    <tag k='light_source' v='lantern' />
    <tag k='operator' v='EAM Netz' />
    <tag k='ref' v='GRO-0106' />
    <tag k='support' v='pole' />
  </node>
  <node id='8939863488' timestamp='2026-01-25T19:10:05Z' uid='1468043' user='jengelh' version='3' changeset='177694785' lat='51.5275151' lon='9.9003647'>
    <tag k='highway' v='street_lamp' />
    <tag k='lamp_mount' v='straight_mast' />
    <tag k='light:colour' v='white' />
    <tag k='light:lit' v='dusk-dawn' />
    <tag k='light:method' v='LED' />
    <tag k='light:model' v='Fortimo LLM Gen2' />
    <tag k='light:tilt' v='-90' />
    <tag k='light_source' v='lantern' />
    <tag k='operator' v='EAM Netz' />
    <tag k='ref' v='GRO-0105' />
    <tag k='support' v='pole' />
  </node>
  <node id='8939863489' timestamp='2026-01-25T19:10:05Z' uid='1468043' user='jengelh' version='3' changeset='177694785' lat='51.5281233' lon='9.8998303'>
    <tag k='highway' v='street_lamp' />
    <tag k='lamp_mount' v='straight_mast' />
    <tag k='light:colour' v='white' />
    <tag k='light:lit' v='dusk-dawn' />
    <tag k='light:method' v='LED' />
    <tag k='light:model' v='Fortimo LLM Gen2' />
    <tag k='light:tilt' v='-90' />
    <tag k='light_source' v='lantern' />
    <tag k='operator' v='EAM Netz' />
    <tag k='support' v='pole' />
  </node>
  <node id='9686651141' timestamp='2022-04-22T20:46:34Z' uid='1468043' user='jengelh' version='1' changeset='120069344' lat='51.5275376' lon='9.9000744'>
    <tag k='amenity' v='bench' />
    <tag k='backrest' v='no' />
    <tag k='material' v='wood' />
    <tag k='seats' v='2' />
    <tag k='survey:date' v='2022-04-22' />
  </node>
  <node id='9686651142' timestamp='2022-04-22T20:46:34Z' uid='1468043' user='jengelh' version='1' changeset='120069344' lat='51.5275506' lon='9.9000768' />
  <node id='9686651143' timestamp='2022-04-22T20:46:34Z' uid='1468043' user='jengelh' version='1' changeset='120069344' lat='51.5275322' lon='9.9000907' />
  <node id='9686651144' timestamp='2022-04-22T20:46:34Z' uid='1468043' user='jengelh' version='1' changeset='120069344' lat='51.5275279' lon='9.900076' />
  <node id='9686651145' timestamp='2022-04-22T20:46:34Z' uid='1468043' user='jengelh' version='1' changeset='120069344' lat='51.5275464' lon='9.9000621' />
  <node id='9686651146' timestamp='2025-05-24T11:29:33Z' uid='44217' user='kjon' version='3' changeset='166692511' lat='51.5278626' lon='9.8996405'>
    <tag k='amenity' v='charging_station' />
    <tag k='bicycle' v='no' />
    <tag k='capacity' v='2' />
    <tag k='contact:website' v='https://www.stadtwerke-goettingen.de/energieloesungen/e-mobilitaet/' />
    <tag k='covered' v='no' />
    <tag k='description:payment:de' v='AdHoc-Zugang per Stadtwerke Webseite (QR-Code scannen) wo per Kreditkarte bezahlt werden kann.' />
    <tag k='description:payment:en' v='Adhoc use is possible via the Stadtwerke Website (scan QR code) which allows for payment via credit card' />
    <tag k='electricity' v='grid' />
    <tag k='electricity:origin' v='hydro' />
    <tag k='fee' v='yes' />
    <tag k='motorcar' v='yes' />
    <tag k='name' v='Deisterstraße' />
    <tag k='network' v='Hubject' />
    <tag k='opening_hours' v='24/7' />
    <tag k='operator' v='Stadtwerke Göttingen' />
    <tag k='operator:wikidata' v='Q109385400' />
    <tag k='payment:hubject' v='yes' />
    <tag k='payment:rfid' v='yes' />
    <tag k='payment:smartphone' v='yes' />
    <tag k='ref' v='012' />
    <tag k='ref:EU:EVSE' v='DE*GOE*E00025*001;DE*GOE*E00025*002' />
    <tag k='scooter' v='no' />
    <tag k='socket:type2' v='2' />
    <tag k='socket:type2:output' v='22 kW' />
    <tag k='survey:date' v='2022-04-22' />
  </node>
  <node id='10268557385' timestamp='2025-07-07T20:42:57Z' uid='1468043' user='jengelh' version='3' changeset='168623077' lat='51.5265022' lon='9.9001488'>
    <tag k='addr:city' v='Göttingen' />
    <tag k='addr:country' v='DE' />
    <tag k='addr:housenumber' v='2' />
    <tag k='addr:postcode' v='37081' />
    <tag k='addr:street' v='Sollingstraße' />
    <tag k='addr:suburb' v='Grone' />
    <tag k='amenity' v='fast_food' />
    <tag k='contact:website' v='http://www.xn--zubis-hhnchengrill-rtb.de/' />
    <tag k='cuisine' v='grilled_chicken' />
    <tag k='delivery' v='no' />
    <tag k='name' v='Zübis Hähnchengrill' />
    <tag k='opening_hours' v='We 11:00-19:00; PH off' />
    <tag k='street_vendor' v='yes' />
    <tag k='takeaway' v='only' />
    <tag k='wheelchair' v='limited' />
  </node>
  <node id='10701503230' timestamp='2023-03-01T10:34:53Z' uid='1468043' user='jengelh' version='1' changeset='133165602' lat='51.5281828' lon='9.8993278' />
  <node id='10701503231' timestamp='2023-03-01T10:34:53Z' uid='1468043' user='jengelh' version='1' changeset='133165602' lat='51.5282031' lon='9.8993978' />
  <node id='10701503232' timestamp='2026-01-03T16:17:17Z' uid='18511019' user='Senihtu' version='3' changeset='176788533' lat='51.5273348' lon='9.9000033'>
    <tag k='addr:city' v='Göttingen' />
    <tag k='addr:country' v='DE' />
    <tag k='addr:housenumber' v='6' />
    <tag k='addr:place' v='Jonaplatz' />
    <tag k='addr:postcode' v='37081' />
    <tag k='addr:suburb' v='Grone' />
    <tag k='name' v='Komm zu Jona (Kirchgemeinde)' />
    <tag k='office' v='religion' />
  </node>
  <node id='10701503233' timestamp='2026-01-02T18:37:50Z' uid='18511019' user='Senihtu' version='2' changeset='176756332' lat='51.5273499' lon='9.8999567'>
    <tag k='addr:city' v='Göttingen' />
    <tag k='addr:country' v='DE' />
    <tag k='addr:housenumber' v='6' />
    <tag k='addr:place' v='Jonaplatz' />
    <tag k='addr:postcode' v='37081' />
    <tag k='addr:suburb' v='Grone' />
    <tag k='amenity' v='social_facility' />
    <tag k='contact:phone' v='+49 551 30 70 999' />
    <tag k='contact:website' v='https://www.alpha-zentrum.de/' />
    <tag k='name' v='Alpha-Zentrum e. V.' />
  </node>
  <node id='11302503252' timestamp='2023-10-31T14:31:24Z' uid='1468043' user='jengelh' version='1' changeset='143424791' lat='51.5265545' lon='9.8987247' />
  <node id='11302503253' timestamp='2023-10-31T14:31:24Z' uid='1468043' user='jengelh' version='1' changeset='143424791' lat='51.5265061' lon='9.8987983' />
  <node id='11302503254' timestamp='2023-10-31T14:31:24Z' uid='1468043' user='jengelh' version='1' changeset='143424791' lat='51.5265634' lon='9.8987558' />
  <node id='11302503255' timestamp='2023-10-31T14:31:24Z' uid='1468043' user='jengelh' version='1' changeset='143424791' lat='51.5265138' lon='9.8985828' />
  <node id='11302503256' timestamp='2023-10-31T14:31:24Z' uid='1468043' user='jengelh' version='1' changeset='143424791' lat='51.5264565' lon='9.8986253' />
  <node id='11302503257' timestamp='2023-10-31T14:31:24Z' uid='1468043' user='jengelh' version='1' changeset='143424791' lat='51.5265105' lon='9.8988138' />
  <node id='12398310537' timestamp='2024-12-05T17:38:10Z' uid='1468043' user='jengelh' version='1' changeset='159966135' lat='51.5264165' lon='9.8993461' />
  <node id='12398310538' timestamp='2024-12-05T17:38:10Z' uid='1468043' user='jengelh' version='1' changeset='159966135' lat='51.5262178' lon='9.8994943' />
  <node id='12398310539' timestamp='2024-12-05T17:38:10Z' uid='1468043' user='jengelh' version='1' changeset='159966135' lat='51.5262326' lon='9.8995456' />
  <node id='12658147654' timestamp='2025-03-13T09:16:06Z' uid='1468043' user='jengelh' version='1' changeset='163560956' lat='51.5273881' lon='9.9007481' />
  <node id='12658147655' timestamp='2025-03-13T09:16:06Z' uid='1468043' user='jengelh' version='1' changeset='163560956' lat='51.5273472' lon='9.9007784' />
  <node id='12658147656' timestamp='2025-03-13T09:16:06Z' uid='1468043' user='jengelh' version='1' changeset='163560956' lat='51.5274079' lon='9.9009905' />
  <node id='12658147657' timestamp='2025-03-13T09:16:06Z' uid='1468043' user='jengelh' version='1' changeset='163560956' lat='51.5273975' lon='9.9009542' />
  <node id='12658147658' timestamp='2025-03-13T09:16:06Z' uid='1468043' user='jengelh' version='1' changeset='163560956' lat='51.5274384' lon='9.9009239' />
  <node id='12658147659' timestamp='2025-03-13T09:16:06Z' uid='1468043' user='jengelh' version='1' changeset='163560956' lat='51.5274488' lon='9.9009602' />
  <node id='12658147660' timestamp='2025-03-13T09:16:06Z' uid='1468043' user='jengelh' version='1' changeset='163560956' lat='51.5274608' lon='9.9011749' />
  <node id='12658147661' timestamp='2025-03-13T09:16:06Z' uid='1468043' user='jengelh' version='1' changeset='163560956' lat='51.5274526' lon='9.9011463' />
  <node id='12658147662' timestamp='2025-03-13T09:16:06Z' uid='1468043' user='jengelh' version='1' changeset='163560956' lat='51.5274935' lon='9.901116' />
  <node id='12658147663' timestamp='2025-03-13T09:16:06Z' uid='1468043' user='jengelh' version='1' changeset='163560956' lat='51.5275017' lon='9.9011446' />
  <node id='12658147691' timestamp='2025-03-13T09:16:06Z' uid='1468043' user='jengelh' version='1' changeset='163560956' lat='51.5278513' lon='9.9025786' />
  <node id='12658147692' timestamp='2025-03-13T09:16:06Z' uid='1468043' user='jengelh' version='1' changeset='163560956' lat='51.5275338' lon='9.9014825' />
  <node id='12658147693' timestamp='2025-03-13T09:16:06Z' uid='1468043' user='jengelh' version='1' changeset='163560956' lat='51.5274773' lon='9.9012875' />
  <node id='12658147694' timestamp='2025-03-13T09:16:06Z' uid='1468043' user='jengelh' version='1' changeset='163560956' lat='51.5273876' lon='9.9009777' />
  <node id='12658147695' timestamp='2025-03-13T09:16:06Z' uid='1468043' user='jengelh' version='1' changeset='163560956' lat='51.528199' lon='9.9032166' />
  <node id='12658147696' timestamp='2025-03-13T09:16:06Z' uid='1468043' user='jengelh' version='1' changeset='163560956' lat='51.5281496' lon='9.9032159' />
  <node id='12658147697' timestamp='2025-03-13T09:16:06Z' uid='1468043' user='jengelh' version='1' changeset='163560956' lat='51.528067' lon='9.9031945' />
  <node id='12658147698' timestamp='2025-03-13T09:16:06Z' uid='1468043' user='jengelh' version='1' changeset='163560956' lat='51.5280374' lon='9.903177' />
  <node id='12658147699' timestamp='2025-03-13T09:16:06Z' uid='1468043' user='jengelh' version='1' changeset='163560956' lat='51.5280232' lon='9.9031475' />
  <node id='12658147700' timestamp='2025-03-13T09:16:06Z' uid='1468043' user='jengelh' version='1' changeset='163560956' lat='51.5280043' lon='9.903107' />
  <node id='12658159501' timestamp='2025-03-13T09:16:06Z' uid='1468043' user='jengelh' version='1' changeset='163560956' lat='51.5278988' lon='9.9027428' />
  <node id='12658159502' timestamp='2025-03-13T09:16:06Z' uid='1468043' user='jengelh' version='1' changeset='163560956' lat='51.5277838' lon='9.9023457' />
  <node id='12768226796' timestamp='2025-04-19T10:34:07Z' uid='1468043' user='jengelh' version='1' changeset='165147310' lat='51.527629' lon='9.8997103'>
    <tag k='addr:city' v='Göttingen' />
    <tag k='addr:country' v='DE' />
    <tag k='addr:housenumber' v='10' />
    <tag k='addr:postcode' v='37081' />
    <tag k='addr:street' v='Deisterstraße' />
    <tag k='addr:suburb' v='Grone' />
    <tag k='amenity' v='bicycle_rental' />
    <tag k='bicycle_rental' v='dropoff_point' />
    <tag k='contact:website' v='https://leila.bike/cb_location/nachbarschaftszentrum-grone/' />
    <tag k='name' v='LEILA' />
    <tag k='opening_hours' v='Mo-Fr 09:00-18:00; PH off' />
    <tag k='operator' v='Nachbarschaftszentrum Grone i.A. ADFC Göttingen' />
    <tag k='rental' v='cargo_bike' />
  </node>
  <node id='12998014189' timestamp='2025-07-13T21:57:39Z' uid='1468043' user='jengelh' version='1' changeset='168892186' lat='51.5269886' lon='9.9012693'>
    <tag k='amenity' v='grit_bin' />
  </node>
  <node id='13092448131' timestamp='2025-08-23T12:46:03Z' uid='1468043' user='jengelh' version='1' changeset='170879038' lat='51.5275551' lon='9.895859' />
  <node id='13092448132' timestamp='2025-08-23T12:46:03Z' uid='1468043' user='jengelh' version='1' changeset='170879038' lat='51.5275782' lon='9.895842' />
  <node id='13092448135' timestamp='2025-08-23T12:46:03Z' uid='1468043' user='jengelh' version='1' changeset='170879038' lat='51.5272064' lon='9.8961154' />
  <node id='13092448136' timestamp='2025-08-23T12:46:03Z' uid='1468043' user='jengelh' version='1' changeset='170879038' lat='51.5272296' lon='9.8960983' />
  <node id='13092448137' timestamp='2025-08-23T12:46:03Z' uid='1468043' user='jengelh' version='1' changeset='170879038' lat='51.5272529' lon='9.8960812' />
  <node id='13092448138' timestamp='2025-08-23T12:46:03Z' uid='1468043' user='jengelh' version='1' changeset='170879038' lat='51.5272761' lon='9.8960642' />
  <node id='13092448139' timestamp='2025-08-23T12:46:03Z' uid='1468043' user='jengelh' version='1' changeset='170879038' lat='51.5272994' lon='9.8960471' />
  <node id='13092448140' timestamp='2025-08-23T12:46:03Z' uid='1468043' user='jengelh' version='1' changeset='170879038' lat='51.5273226' lon='9.89603' />
  <node id='13092448141' timestamp='2025-08-23T12:46:03Z' uid='1468043' user='jengelh' version='1' changeset='170879038' lat='51.5273459' lon='9.8960129' />
  <node id='13092448142' timestamp='2025-08-23T12:46:03Z' uid='1468043' user='jengelh' version='1' changeset='170879038' lat='51.5273691' lon='9.8959958' />
  <node id='13092448143' timestamp='2025-08-23T12:46:03Z' uid='1468043' user='jengelh' version='1' changeset='170879038' lat='51.5273924' lon='9.8959787' />
  <node id='13092448144' timestamp='2025-08-23T12:46:03Z' uid='1468043' user='jengelh' version='1' changeset='170879038' lat='51.5274156' lon='9.8959616' />
  <node id='13092448145' timestamp='2025-08-23T12:46:03Z' uid='1468043' user='jengelh' version='1' changeset='170879038' lat='51.5274389' lon='9.8959445' />
  <node id='13092448146' timestamp='2025-08-23T12:46:03Z' uid='1468043' user='jengelh' version='1' changeset='170879038' lat='51.5274621' lon='9.8959274' />
  <node id='13092448147' timestamp='2025-08-23T12:46:03Z' uid='1468043' user='jengelh' version='1' changeset='170879038' lat='51.5274854' lon='9.8959103' />
  <node id='13092448148' timestamp='2025-08-23T12:46:03Z' uid='1468043' user='jengelh' version='1' changeset='170879038' lat='51.5275086' lon='9.8958932' />
  <node id='13092448428' timestamp='2025-08-23T12:46:03Z' uid='1468043' user='jengelh' version='1' changeset='170879038' lat='51.5255427' lon='9.8964351' />
  <node id='13092448726' timestamp='2025-08-23T12:46:03Z' uid='1468043' user='jengelh' version='1' changeset='170879038' lat='51.5251096' lon='9.8962952' />
  <node id='13092493556' timestamp='2025-08-23T13:18:45Z' uid='1468043' user='jengelh' version='1' changeset='170880560' lat='51.5276661' lon='9.9010991' />
  <node id='13092493557' timestamp='2025-08-23T13:18:45Z' uid='1468043' user='jengelh' version='1' changeset='170880560' lat='51.5276867' lon='9.9010836' />
  <node id='13092493558' timestamp='2025-08-23T13:18:45Z' uid='1468043' user='jengelh' version='1' changeset='170880560' lat='51.5277074' lon='9.9010682' />
  <node id='13092493559' timestamp='2025-08-23T13:18:45Z' uid='1468043' user='jengelh' version='1' changeset='170880560' lat='51.5277281' lon='9.9010527' />
  <node id='13092493560' timestamp='2025-08-23T13:18:45Z' uid='1468043' user='jengelh' version='1' changeset='170880560' lat='51.5277488' lon='9.9010373' />
  <node id='13092493561' timestamp='2025-08-23T13:18:45Z' uid='1468043' user='jengelh' version='1' changeset='170880560' lat='51.5277695' lon='9.9010219' />
  <node id='13092493562' timestamp='2025-08-23T13:18:45Z' uid='1468043' user='jengelh' version='1' changeset='170880560' lat='51.5277902' lon='9.9010064' />
  <node id='13092493563' timestamp='2025-08-23T13:18:45Z' uid='1468043' user='jengelh' version='1' changeset='170880560' lat='51.5276835' lon='9.9011595' />
  <node id='13092493564' timestamp='2025-08-23T13:18:45Z' uid='1468043' user='jengelh' version='1' changeset='170880560' lat='51.5277042' lon='9.9011441' />
  <node id='13092493565' timestamp='2025-08-23T13:18:45Z' uid='1468043' user='jengelh' version='1' changeset='170880560' lat='51.5277249' lon='9.9011286' />
  <node id='13092493566' timestamp='2025-08-23T13:18:45Z' uid='1468043' user='jengelh' version='1' changeset='170880560' lat='51.5277456' lon='9.9011132' />
  <node id='13092493567' timestamp='2025-08-23T13:18:45Z' uid='1468043' user='jengelh' version='1' changeset='170880560' lat='51.5277663' lon='9.9010978' />
  <node id='13092493568' timestamp='2025-08-23T13:18:45Z' uid='1468043' user='jengelh' version='1' changeset='170880560' lat='51.5277869' lon='9.9010823' />
  <node id='13092493569' timestamp='2025-08-23T13:18:45Z' uid='1468043' user='jengelh' version='1' changeset='170880560' lat='51.5278076' lon='9.9010669' />
  <node id='13092493570' timestamp='2025-08-23T13:18:45Z' uid='1468043' user='jengelh' version='1' changeset='170880560' lat='51.5278108' lon='9.900991' />
  <node id='13092493571' timestamp='2025-08-23T13:18:45Z' uid='1468043' user='jengelh' version='1' changeset='170880560' lat='51.5276454' lon='9.9011145' />
  <node id='13092493572' timestamp='2025-08-23T13:18:45Z' uid='1468043' user='jengelh' version='1' changeset='170880560' lat='51.5276628' lon='9.901175' />
  <node id='13092493573' timestamp='2025-08-23T13:18:45Z' uid='1468043' user='jengelh' version='1' changeset='170880560' lat='51.5278403' lon='9.9010929' />
  <node id='13092493574' timestamp='2025-08-23T13:18:45Z' uid='1468043' user='jengelh' version='1' changeset='170880560' lat='51.5278785' lon='9.9010643' />
  <node id='13092493575' timestamp='2025-08-23T13:18:45Z' uid='1468043' user='jengelh' version='1' changeset='170880560' lat='51.5278666' lon='9.9010229' />
  <node id='13092493576' timestamp='2025-08-23T13:18:45Z' uid='1468043' user='jengelh' version='1' changeset='170880560' lat='51.5278283' lon='9.9010515' />
  <node id='13092493577' timestamp='2025-08-23T13:18:45Z' uid='1468043' user='jengelh' version='1' changeset='170880560' lat='51.5278522' lon='9.9011343' />
  <node id='13092493578' timestamp='2025-08-23T13:18:45Z' uid='1468043' user='jengelh' version='1' changeset='170880560' lat='51.5277533' lon='9.9008521' />
  <node id='13092493579' timestamp='2025-08-23T13:18:45Z' uid='1468043' user='jengelh' version='1' changeset='170880560' lat='51.5277573' lon='9.9008593' />
  <node id='13092493580' timestamp='2025-08-23T13:18:45Z' uid='1468043' user='jengelh' version='1' changeset='170880560' lat='51.5277552' lon='9.9008106' />
  <node id='13092493581' timestamp='2025-08-23T13:18:45Z' uid='1468043' user='jengelh' version='1' changeset='170880560' lat='51.5277425' lon='9.9007415' />
  <node id='13092493582' timestamp='2025-08-23T13:18:45Z' uid='1468043' user='jengelh' version='1' changeset='170880560' lat='51.5277902' lon='9.9009418' />
  <node id='13092493583' timestamp='2025-08-23T13:18:45Z' uid='1468043' user='jengelh' version='1' changeset='170880560' lat='51.5277809' lon='9.9009097' />
  <node id='13092493584' timestamp='2025-08-23T13:18:45Z' uid='1468043' user='jengelh' version='1' changeset='170880560' lat='51.5277716' lon='9.9008775' />
  <node id='13092493585' timestamp='2025-08-23T13:18:45Z' uid='1468043' user='jengelh' version='1' changeset='170880560' lat='51.5278337' lon='9.9009093' />
  <node id='13092493586' timestamp='2025-08-23T13:18:45Z' uid='1468043' user='jengelh' version='1' changeset='170880560' lat='51.5278244' lon='9.9008772' />
  <node id='13092493587' timestamp='2025-08-23T13:18:45Z' uid='1468043' user='jengelh' version='1' changeset='170880560' lat='51.5278151' lon='9.900845' />
  <node id='13092493588' timestamp='2025-08-23T13:18:45Z' uid='1468043' user='jengelh' version='1' changeset='170880560' lat='51.5277623' lon='9.9008454' />
  <node id='13092493589' timestamp='2025-08-23T13:18:45Z' uid='1468043' user='jengelh' version='1' changeset='170880560' lat='51.5277995' lon='9.9009739' />
  <node id='13092493590' timestamp='2025-08-23T13:18:45Z' uid='1468043' user='jengelh' version='1' changeset='170880560' lat='51.527843' lon='9.9009414' />
  <node id='13092493591' timestamp='2025-08-23T13:18:45Z' uid='1468043' user='jengelh' version='1' changeset='170880560' lat='51.5278058' lon='9.9008129' />
  <node id='13092493592' timestamp='2025-08-23T13:18:45Z' uid='1468043' user='jengelh' version='1' changeset='170880560' lat='51.5277467' lon='9.9010218' />
  <node id='13092493593' timestamp='2025-08-23T13:18:45Z' uid='1468043' user='jengelh' version='1' changeset='170880560' lat='51.5277278' lon='9.9010364' />
  <node id='13092493594' timestamp='2025-08-23T13:18:45Z' uid='1468043' user='jengelh' version='1' changeset='170880560' lat='51.5277089' lon='9.901051' />
  <node id='13092493595' timestamp='2025-08-23T13:18:45Z' uid='1468043' user='jengelh' version='1' changeset='170880560' lat='51.52769' lon='9.9010655' />
  <node id='13092493596' timestamp='2025-08-23T13:18:45Z' uid='1468043' user='jengelh' version='1' changeset='170880560' lat='51.5276711' lon='9.9010801' />
  <node id='13092493597' timestamp='2025-08-23T13:18:45Z' uid='1468043' user='jengelh' version='1' changeset='170880560' lat='51.5276522' lon='9.9010946' />
  <node id='13092493598' timestamp='2025-08-23T13:18:45Z' uid='1468043' user='jengelh' version='1' changeset='170880560' lat='51.5276332' lon='9.9011092' />
  <node id='13092493599' timestamp='2025-08-23T13:18:45Z' uid='1468043' user='jengelh' version='1' changeset='170880560' lat='51.5276143' lon='9.9011238' />
  <node id='13092493600' timestamp='2025-08-23T13:18:45Z' uid='1468043' user='jengelh' version='1' changeset='170880560' lat='51.5277292' lon='9.900963' />
  <node id='13092496201' timestamp='2025-08-23T13:18:45Z' uid='1468043' user='jengelh' version='1' changeset='170880560' lat='51.5277103' lon='9.9009776' />
  <node id='13092496202' timestamp='2025-08-23T13:18:45Z' uid='1468043' user='jengelh' version='1' changeset='170880560' lat='51.5276914' lon='9.9009921' />
  <node id='13092496203' timestamp='2025-08-23T13:18:45Z' uid='1468043' user='jengelh' version='1' changeset='170880560' lat='51.5276724' lon='9.9010067' />
  <node id='13092496204' timestamp='2025-08-23T13:18:45Z' uid='1468043' user='jengelh' version='1' changeset='170880560' lat='51.5276535' lon='9.9010213' />
  <node id='13092496205' timestamp='2025-08-23T13:18:45Z' uid='1468043' user='jengelh' version='1' changeset='170880560' lat='51.5276346' lon='9.9010358' />
  <node id='13092496206' timestamp='2025-08-23T13:18:45Z' uid='1468043' user='jengelh' version='1' changeset='170880560' lat='51.5276157' lon='9.9010504' />
  <node id='13092496207' timestamp='2025-08-23T13:18:45Z' uid='1468043' user='jengelh' version='1' changeset='170880560' lat='51.5275968' lon='9.901065' />
  <node id='13092496208' timestamp='2025-08-23T13:18:45Z' uid='1468043' user='jengelh' version='1' changeset='170880560' lat='51.5275954' lon='9.9011383' />
  <node id='13092496209' timestamp='2025-08-23T13:18:45Z' uid='1468043' user='jengelh' version='1' changeset='170880560' lat='51.5277656' lon='9.9010073' />
  <node id='13092496210' timestamp='2025-08-23T13:18:45Z' uid='1468043' user='jengelh' version='1' changeset='170880560' lat='51.5277481' lon='9.9009484' />
  <node id='13092496211' timestamp='2025-08-23T13:18:45Z' uid='1468043' user='jengelh' version='1' changeset='170880560' lat='51.5275779' lon='9.9010795' />
  <node id='13092496212' timestamp='2025-08-23T13:18:45Z' uid='1468043' user='jengelh' version='1' changeset='170880560' lat='51.5277324' lon='9.9008623' />
  <node id='13092496213' timestamp='2025-08-23T13:18:45Z' uid='1468043' user='jengelh' version='1' changeset='170880560' lat='51.5277127' lon='9.900877' />
  <node id='13092496214' timestamp='2025-08-23T13:18:45Z' uid='1468043' user='jengelh' version='1' changeset='170880560' lat='51.5276931' lon='9.9008917' />
  <node id='13092496215' timestamp='2025-08-23T13:18:45Z' uid='1468043' user='jengelh' version='1' changeset='170880560' lat='51.5276734' lon='9.9009064' />
  <node id='13092496216' timestamp='2025-08-23T13:18:45Z' uid='1468043' user='jengelh' version='1' changeset='170880560' lat='51.5276537' lon='9.9009211' />
  <node id='13092496217' timestamp='2025-08-23T13:18:45Z' uid='1468043' user='jengelh' version='1' changeset='170880560' lat='51.5276341' lon='9.9009358' />
  <node id='13092496218' timestamp='2025-08-23T13:18:45Z' uid='1468043' user='jengelh' version='1' changeset='170880560' lat='51.5276144' lon='9.9009505' />
  <node id='13092496219' timestamp='2025-08-23T13:18:45Z' uid='1468043' user='jengelh' version='1' changeset='170880560' lat='51.5275948' lon='9.9009652' />
  <node id='13092496220' timestamp='2025-08-23T13:18:45Z' uid='1468043' user='jengelh' version='1' changeset='170880560' lat='51.5275751' lon='9.9009799' />
  <node id='13092496221' timestamp='2025-08-23T13:18:45Z' uid='1468043' user='jengelh' version='1' changeset='170880560' lat='51.5277133' lon='9.9007963' />
  <node id='13092496222' timestamp='2025-08-23T13:18:45Z' uid='1468043' user='jengelh' version='1' changeset='170880560' lat='51.5276936' lon='9.900811' />
  <node id='13092496223' timestamp='2025-08-23T13:18:45Z' uid='1468043' user='jengelh' version='1' changeset='170880560' lat='51.527674' lon='9.9008257' />
  <node id='13092496224' timestamp='2025-08-23T13:18:45Z' uid='1468043' user='jengelh' version='1' changeset='170880560' lat='51.5276543' lon='9.9008404' />
  <node id='13092496225' timestamp='2025-08-23T13:18:45Z' uid='1468043' user='jengelh' version='1' changeset='170880560' lat='51.5276346' lon='9.9008551' />
  <node id='13092496226' timestamp='2025-08-23T13:18:45Z' uid='1468043' user='jengelh' version='1' changeset='170880560' lat='51.527615' lon='9.9008698' />
  <node id='13092496227' timestamp='2025-08-23T13:18:45Z' uid='1468043' user='jengelh' version='1' changeset='170880560' lat='51.5275953' lon='9.9008845' />
  <node id='13092496228' timestamp='2025-08-23T13:18:45Z' uid='1468043' user='jengelh' version='1' changeset='170880560' lat='51.5275757' lon='9.9008992' />
  <node id='13092496229' timestamp='2025-08-23T13:18:45Z' uid='1468043' user='jengelh' version='1' changeset='170880560' lat='51.527556' lon='9.9009138' />
  <node id='13092496230' timestamp='2025-08-23T13:18:45Z' uid='1468043' user='jengelh' version='1' changeset='170880560' lat='51.5275554' lon='9.9009946' />
  <node id='13092496231' timestamp='2025-08-23T13:18:45Z' uid='1468043' user='jengelh' version='1' changeset='170880560' lat='51.527752' lon='9.9008476' />
  <node id='13092496232' timestamp='2025-08-23T13:18:45Z' uid='1468043' user='jengelh' version='1' changeset='170880560' lat='51.5277329' lon='9.9007816' />
  <node id='13092496233' timestamp='2025-08-23T13:18:45Z' uid='1468043' user='jengelh' version='1' changeset='170880560' lat='51.5275363' lon='9.9009285' />
  <node id='13092496234' timestamp='2025-08-23T13:18:45Z' uid='1468043' user='jengelh' version='1' changeset='170880560' lat='51.5264663' lon='9.900705' />
  <node id='13092496235' timestamp='2025-08-23T13:18:45Z' uid='1468043' user='jengelh' version='1' changeset='170880560' lat='51.5264751' lon='9.9006245' />
  <node id='13092496236' timestamp='2025-08-23T13:18:45Z' uid='1468043' user='jengelh' version='1' changeset='170880560' lat='51.5263844' lon='9.9005897' />
  <node id='13092496237' timestamp='2025-08-23T13:18:45Z' uid='1468043' user='jengelh' version='1' changeset='170880560' lat='51.5264435' lon='9.9005735' />
  <node id='13092496238' timestamp='2025-08-23T13:18:45Z' uid='1468043' user='jengelh' version='1' changeset='170880560' lat='51.5264036' lon='9.9006203' />
  <node id='13092496239' timestamp='2025-08-23T13:18:45Z' uid='1468043' user='jengelh' version='1' changeset='170880560' lat='51.52651' lon='9.9006653' />
  <node id='13092496240' timestamp='2025-08-23T13:18:45Z' uid='1468043' user='jengelh' version='1' changeset='170880560' lat='51.526493' lon='9.9007258' />
  <node id='13092496241' timestamp='2025-08-23T13:18:45Z' uid='1468043' user='jengelh' version='1' changeset='170880560' lat='51.5264396' lon='9.9006842' />
  <node id='13092496242' timestamp='2025-08-23T13:18:45Z' uid='1468043' user='jengelh' version='1' changeset='170880560' lat='51.5264216' lon='9.9006523' />
  <node id='13092496243' timestamp='2025-08-23T13:18:45Z' uid='1468043' user='jengelh' version='1' changeset='170880560' lat='51.5263467' lon='9.9002777' />
  <node id='13092496244' timestamp='2025-08-23T13:18:45Z' uid='1468043' user='jengelh' version='1' changeset='170880560' lat='51.5263562' lon='9.9003104' />
  <node id='13092496245' timestamp='2025-08-23T13:18:45Z' uid='1468043' user='jengelh' version='1' changeset='170880560' lat='51.5263657' lon='9.900343' />
  <node id='13092496246' timestamp='2025-08-23T13:18:45Z' uid='1468043' user='jengelh' version='1' changeset='170880560' lat='51.5263752' lon='9.9003757' />
  <node id='13092496247' timestamp='2025-08-23T13:18:45Z' uid='1468043' user='jengelh' version='1' changeset='170880560' lat='51.5263847' lon='9.9004083' />
  <node id='13092496248' timestamp='2025-08-23T13:18:45Z' uid='1468043' user='jengelh' version='1' changeset='170880560' lat='51.5263941' lon='9.9004409' />
  <node id='13092496249' timestamp='2025-08-23T13:18:45Z' uid='1468043' user='jengelh' version='1' changeset='170880560' lat='51.5264131' lon='9.9005062' />
  <node id='13092496250' timestamp='2025-08-23T13:18:45Z' uid='1468043' user='jengelh' version='1' changeset='170880560' lat='51.5263033' lon='9.9003103' />
  <node id='13092496251' timestamp='2025-08-23T13:18:45Z' uid='1468043' user='jengelh' version='1' changeset='170880560' lat='51.5263128' lon='9.900343' />
  <node id='13092496252' timestamp='2025-08-23T13:18:45Z' uid='1468043' user='jengelh' version='1' changeset='170880560' lat='51.5263222' lon='9.9003756' />
  <node id='13092496253' timestamp='2025-08-23T13:18:45Z' uid='1468043' user='jengelh' version='1' changeset='170880560' lat='51.5263317' lon='9.9004083' />
  <node id='13092496254' timestamp='2025-08-23T13:18:45Z' uid='1468043' user='jengelh' version='1' changeset='170880560' lat='51.5263412' lon='9.9004409' />
  <node id='13092496255' timestamp='2025-08-23T13:18:45Z' uid='1468043' user='jengelh' version='1' changeset='170880560' lat='51.5263507' lon='9.9004736' />
  <node id='13092496256' timestamp='2025-08-23T13:18:45Z' uid='1468043' user='jengelh' version='1' changeset='170880560' lat='51.5263602' lon='9.9005062' />
  <node id='13092496257' timestamp='2025-08-23T13:18:45Z' uid='1468043' user='jengelh' version='1' changeset='170880560' lat='51.5263697' lon='9.9005389' />
  <node id='13092496258' timestamp='2025-08-23T13:18:45Z' uid='1468043' user='jengelh' version='1' changeset='170880560' lat='51.5262769' lon='9.899976' />
  <node id='13092496259' timestamp='2025-08-23T13:18:45Z' uid='1468043' user='jengelh' version='1' changeset='170880560' lat='51.5262362' lon='9.8999043' />
  <node id='13092496260' timestamp='2025-08-23T13:18:45Z' uid='1468043' user='jengelh' version='1' changeset='170880560' lat='51.5262606' lon='9.899919' />
  <node id='13092496261' timestamp='2025-08-23T13:18:45Z' uid='1468043' user='jengelh' version='1' changeset='170880560' lat='51.5262627' lon='9.900075' />
  <node id='13092496262' timestamp='2025-08-23T13:18:45Z' uid='1468043' user='jengelh' version='1' changeset='170880560' lat='51.5262281' lon='9.9001005' />
  <node id='13092496263' timestamp='2025-08-23T13:18:45Z' uid='1468043' user='jengelh' version='1' changeset='170880560' lat='51.5261832' lon='9.8999434' />
  <node id='13092496264' timestamp='2025-08-23T13:18:45Z' uid='1468043' user='jengelh' version='1' changeset='170880560' lat='51.526469' lon='9.9001981' />
  <node id='13092496265' timestamp='2025-08-23T13:18:45Z' uid='1468043' user='jengelh' version='1' changeset='170880560' lat='51.5264884' lon='9.9001836' />
  <node id='13092496266' timestamp='2025-08-23T13:18:45Z' uid='1468043' user='jengelh' version='1' changeset='170880560' lat='51.5265078' lon='9.9001692' />
  <node id='13092496267' timestamp='2025-08-23T13:18:45Z' uid='1468043' user='jengelh' version='1' changeset='170880560' lat='51.5265272' lon='9.9001547' />
  <node id='13092496268' timestamp='2025-08-23T13:18:45Z' uid='1468043' user='jengelh' version='1' changeset='170880560' lat='51.526453' lon='9.9001424' />
  <node id='13092496269' timestamp='2025-08-23T13:18:45Z' uid='1468043' user='jengelh' version='1' changeset='170880560' lat='51.5264724' lon='9.9001279' />
  <node id='13092496270' timestamp='2025-08-23T13:18:45Z' uid='1468043' user='jengelh' version='1' changeset='170880560' lat='51.5264918' lon='9.9001135' />
  <node id='13092496271' timestamp='2025-08-23T13:18:45Z' uid='1468043' user='jengelh' version='1' changeset='170880560' lat='51.5265111' lon='9.9000991' />
  <node id='13092496272' timestamp='2025-08-23T13:18:45Z' uid='1468043' user='jengelh' version='1' changeset='170880560' lat='51.5264497' lon='9.9002125' />
  <node id='13092496273' timestamp='2025-08-23T13:18:45Z' uid='1468043' user='jengelh' version='1' changeset='170880560' lat='51.5266081' lon='9.9000268' />
  <node id='13092496274' timestamp='2025-08-23T13:18:45Z' uid='1468043' user='jengelh' version='1' changeset='170880560' lat='51.5265887' lon='9.9000413' />
  <node id='13092496275' timestamp='2025-08-23T13:18:45Z' uid='1468043' user='jengelh' version='1' changeset='170880560' lat='51.5265693' lon='9.9000557' />
  <node id='13092496276' timestamp='2025-08-23T13:18:45Z' uid='1468043' user='jengelh' version='1' changeset='170880560' lat='51.5265499' lon='9.9000702' />
  <node id='13092496277' timestamp='2025-08-23T13:18:45Z' uid='1468043' user='jengelh' version='1' changeset='170880560' lat='51.5265305' lon='9.9000846' />
  <node id='13092496278' timestamp='2025-08-23T13:18:45Z' uid='1468043' user='jengelh' version='1' changeset='170880560' lat='51.5265883' lon='9.8999584' />
  <node id='13092496279' timestamp='2025-08-23T13:18:45Z' uid='1468043' user='jengelh' version='1' changeset='170880560' lat='51.5265689' lon='9.8999729' />
  <node id='13092496280' timestamp='2025-08-23T13:18:45Z' uid='1468043' user='jengelh' version='1' changeset='170880560' lat='51.5265496' lon='9.8999874' />
  <node id='13092496281' timestamp='2025-08-23T13:18:45Z' uid='1468043' user='jengelh' version='1' changeset='170880560' lat='51.5265302' lon='9.9000018' />
  <node id='13092496282' timestamp='2025-08-23T13:18:45Z' uid='1468043' user='jengelh' version='1' changeset='170880560' lat='51.5265108' lon='9.9000163' />
  <node id='13092496283' timestamp='2025-08-23T13:18:45Z' uid='1468043' user='jengelh' version='1' changeset='170880560' lat='51.5264914' lon='9.9000307' />
  <node id='13092496284' timestamp='2025-08-23T13:18:45Z' uid='1468043' user='jengelh' version='1' changeset='170880560' lat='51.526472' lon='9.9000452' />
  <node id='13092496285' timestamp='2025-08-23T13:18:45Z' uid='1468043' user='jengelh' version='1' changeset='170880560' lat='51.5264527' lon='9.9000596' />
  <node id='13092496286' timestamp='2025-08-23T13:18:45Z' uid='1468043' user='jengelh' version='1' changeset='170880560' lat='51.5264333' lon='9.9000741' />
  <node id='13092496287' timestamp='2025-08-23T13:18:45Z' uid='1468043' user='jengelh' version='1' changeset='170880560' lat='51.5264336' lon='9.9001568' />
  <node id='13092496288' timestamp='2025-08-23T13:18:45Z' uid='1468043' user='jengelh' version='1' changeset='170880560' lat='51.5264139' lon='9.9000885' />
  <node id='13092496289' timestamp='2025-08-23T13:18:45Z' uid='1468043' user='jengelh' version='1' changeset='170880560' lat='51.5266077' lon='9.899944' />
  <node id='13092496290' timestamp='2025-08-23T13:18:45Z' uid='1468043' user='jengelh' version='1' changeset='170880560' lat='51.5264865' lon='9.8994847' />
  <node id='13092496291' timestamp='2025-08-23T13:18:45Z' uid='1468043' user='jengelh' version='1' changeset='170880560' lat='51.5266397' lon='9.9000222' />
  <node id='13092496292' timestamp='2025-08-23T13:18:45Z' uid='1468043' user='jengelh' version='1' changeset='170880560' lat='51.5265973' lon='9.9000529' />
  <node id='13092496293' timestamp='2025-08-23T13:18:45Z' uid='1468043' user='jengelh' version='1' changeset='170880560' lat='51.5265453' lon='9.8996911' />
  <node id='13092496294' timestamp='2025-08-23T13:18:45Z' uid='1468043' user='jengelh' version='1' changeset='170880560' lat='51.5263378' lon='9.9000026' />
  <node id='13092496295' timestamp='2025-08-23T13:18:45Z' uid='1468043' user='jengelh' version='1' changeset='170880560' lat='51.5263136' lon='9.8999193' />
  <node id='13092496296' timestamp='2025-08-23T13:18:45Z' uid='1468043' user='jengelh' version='1' changeset='170880560' lat='51.526306' lon='9.8999531' />
  <node id='13092496297' timestamp='2025-08-23T13:18:45Z' uid='1468043' user='jengelh' version='1' changeset='170880560' lat='51.5263168' lon='9.8999902' />
  <node id='13092496298' timestamp='2025-08-23T13:18:45Z' uid='1468043' user='jengelh' version='1' changeset='170880560' lat='51.5262516' lon='9.8996113' />
  <node id='13092496299' timestamp='2025-08-23T13:18:45Z' uid='1468043' user='jengelh' version='1' changeset='170880560' lat='51.5264274' lon='9.8994008' />
  <node id='13092496300' timestamp='2025-08-23T13:18:45Z' uid='1468043' user='jengelh' version='1' changeset='170880560' lat='51.526408' lon='9.8994152' />
  <node id='13092496301' timestamp='2025-08-23T13:18:45Z' uid='1468043' user='jengelh' version='1' changeset='170880560' lat='51.5263886' lon='9.8994296' />
  <node id='13092496302' timestamp='2025-08-23T13:18:45Z' uid='1468043' user='jengelh' version='1' changeset='170880560' lat='51.5263692' lon='9.899444' />
  <node id='13092496303' timestamp='2025-08-23T13:18:45Z' uid='1468043' user='jengelh' version='1' changeset='170880560' lat='51.5263498' lon='9.8994584' />
  <node id='13092496304' timestamp='2025-08-23T13:18:45Z' uid='1468043' user='jengelh' version='1' changeset='170880560' lat='51.5263304' lon='9.8994729' />
  <node id='13092496305' timestamp='2025-08-23T13:18:45Z' uid='1468043' user='jengelh' version='1' changeset='170880560' lat='51.5263111' lon='9.8994873' />
  <node id='13092496306' timestamp='2025-08-23T13:18:45Z' uid='1468043' user='jengelh' version='1' changeset='170880560' lat='51.5262917' lon='9.8995017' />
  <node id='13092496307' timestamp='2025-08-23T13:18:45Z' uid='1468043' user='jengelh' version='1' changeset='170880560' lat='51.5262723' lon='9.8995161' />
  <node id='13092496308' timestamp='2025-08-23T13:18:45Z' uid='1468043' user='jengelh' version='1' changeset='170880560' lat='51.5264462' lon='9.8994661' />
  <node id='13092496309' timestamp='2025-08-23T13:18:45Z' uid='1468043' user='jengelh' version='1' changeset='170880560' lat='51.5264269' lon='9.8994806' />
  <node id='13092496310' timestamp='2025-08-23T13:18:45Z' uid='1468043' user='jengelh' version='1' changeset='170880560' lat='51.5264075' lon='9.899495' />
  <node id='13092496311' timestamp='2025-08-23T13:18:45Z' uid='1468043' user='jengelh' version='1' changeset='170880560' lat='51.5263881' lon='9.8995095' />
  <node id='13092496312' timestamp='2025-08-23T13:18:45Z' uid='1468043' user='jengelh' version='1' changeset='170880560' lat='51.5263687' lon='9.8995239' />
  <node id='13092496313' timestamp='2025-08-23T13:18:45Z' uid='1468043' user='jengelh' version='1' changeset='170880560' lat='51.5263494' lon='9.8995384' />
  <node id='13092496314' timestamp='2025-08-23T13:18:45Z' uid='1468043' user='jengelh' version='1' changeset='170880560' lat='51.52633' lon='9.8995528' />
  <node id='13092496315' timestamp='2025-08-23T13:18:45Z' uid='1468043' user='jengelh' version='1' changeset='170880560' lat='51.5263106' lon='9.8995673' />
  <node id='13092496316' timestamp='2025-08-23T13:18:45Z' uid='1468043' user='jengelh' version='1' changeset='170880560' lat='51.5262912' lon='9.8995817' />
  <node id='13092496317' timestamp='2025-08-23T13:18:45Z' uid='1468043' user='jengelh' version='1' changeset='170880560' lat='51.5262718' lon='9.8995962' />
  <node id='13092496318' timestamp='2025-08-23T13:18:45Z' uid='1468043' user='jengelh' version='1' changeset='170880560' lat='51.5264656' lon='9.8994517' />
  <node id='13092496319' timestamp='2025-08-23T13:18:45Z' uid='1468043' user='jengelh' version='1' changeset='170880560' lat='51.5262529' lon='9.8995305' />
  <node id='13092496320' timestamp='2025-08-23T13:18:45Z' uid='1468043' user='jengelh' version='1' changeset='170880560' lat='51.5264119' lon='9.9000002' />
  <node id='13092496321' timestamp='2025-08-23T13:18:45Z' uid='1468043' user='jengelh' version='1' changeset='170880560' lat='51.5264313' lon='9.8999857' />
  <node id='13092496322' timestamp='2025-08-23T13:18:45Z' uid='1468043' user='jengelh' version='1' changeset='170880560' lat='51.5264507' lon='9.8999713' />
  <node id='13092496323' timestamp='2025-08-23T13:18:45Z' uid='1468043' user='jengelh' version='1' changeset='170880560' lat='51.5264701' lon='9.8999568' />
  <node id='13092496324' timestamp='2025-08-23T13:18:45Z' uid='1468043' user='jengelh' version='1' changeset='170880560' lat='51.5264895' lon='9.8999424' />
  <node id='13092496325' timestamp='2025-08-23T13:18:45Z' uid='1468043' user='jengelh' version='1' changeset='170880560' lat='51.5265089' lon='9.8999279' />
  <node id='13092496326' timestamp='2025-08-23T13:18:45Z' uid='1468043' user='jengelh' version='1' changeset='170880560' lat='51.5265282' lon='9.8999135' />
  <node id='13092496327' timestamp='2025-08-23T13:18:45Z' uid='1468043' user='jengelh' version='1' changeset='170880560' lat='51.5265476' lon='9.899899' />
  <node id='13092496328' timestamp='2025-08-23T13:18:45Z' uid='1468043' user='jengelh' version='1' changeset='170880560' lat='51.526567' lon='9.8998845' />
  <node id='13092496329' timestamp='2025-08-23T13:18:45Z' uid='1468043' user='jengelh' version='1' changeset='170880560' lat='51.5264127' lon='9.8999212' />
  <node id='13092496330' timestamp='2025-08-23T13:18:45Z' uid='1468043' user='jengelh' version='1' changeset='170880560' lat='51.5264321' lon='9.8999067' />
  <node id='13092496331' timestamp='2025-08-23T13:18:45Z' uid='1468043' user='jengelh' version='1' changeset='170880560' lat='51.5264708' lon='9.8998778' />
  <node id='13092496332' timestamp='2025-08-23T13:18:45Z' uid='1468043' user='jengelh' version='1' changeset='170880560' lat='51.5264902' lon='9.8998634' />
  <node id='13092496333' timestamp='2025-08-23T13:18:45Z' uid='1468043' user='jengelh' version='1' changeset='170880560' lat='51.5265096' lon='9.8998489' />
  <node id='13092496334' timestamp='2025-08-23T13:18:45Z' uid='1468043' user='jengelh' version='1' changeset='170880560' lat='51.526529' lon='9.8998344' />
  <node id='13092496335' timestamp='2025-08-23T13:18:45Z' uid='1468043' user='jengelh' version='1' changeset='170880560' lat='51.5265484' lon='9.89982' />
  <node id='13092496336' timestamp='2025-08-23T13:18:45Z' uid='1468043' user='jengelh' version='1' changeset='170880560' lat='51.5263747' lon='9.8998711' />
  <node id='13092496337' timestamp='2025-08-23T13:18:45Z' uid='1468043' user='jengelh' version='1' changeset='170880560' lat='51.5263941' lon='9.8998566' />
  <node id='13092496338' timestamp='2025-08-23T13:18:45Z' uid='1468043' user='jengelh' version='1' changeset='170880560' lat='51.5264135' lon='9.8998422' />
  <node id='13092496339' timestamp='2025-08-23T13:18:45Z' uid='1468043' user='jengelh' version='1' changeset='170880560' lat='51.5264328' lon='9.8998277' />
  <node id='13092496340' timestamp='2025-08-23T13:18:45Z' uid='1468043' user='jengelh' version='1' changeset='170880560' lat='51.5264522' lon='9.8998132' />
  <node id='13092496341' timestamp='2025-08-23T13:18:45Z' uid='1468043' user='jengelh' version='1' changeset='170880560' lat='51.5264716' lon='9.8997988' />
  <node id='13092496342' timestamp='2025-08-23T13:18:45Z' uid='1468043' user='jengelh' version='1' changeset='170880560' lat='51.526491' lon='9.8997843' />
  <node id='13092496343' timestamp='2025-08-23T13:18:45Z' uid='1468043' user='jengelh' version='1' changeset='170880560' lat='51.5265104' lon='9.8997699' />
  <node id='13092496344' timestamp='2025-08-23T13:18:45Z' uid='1468043' user='jengelh' version='1' changeset='170880560' lat='51.5265297' lon='9.8997554' />
  <node id='13092496345' timestamp='2025-08-23T13:18:45Z' uid='1468043' user='jengelh' version='1' changeset='170880560' lat='51.5263739' lon='9.8999501' />
  <node id='13092496346' timestamp='2025-08-23T13:18:45Z' uid='1468043' user='jengelh' version='1' changeset='170880560' lat='51.5265677' lon='9.8998055' />
  <node id='13092496347' timestamp='2025-08-23T13:18:45Z' uid='1468043' user='jengelh' version='1' changeset='170880560' lat='51.5263553' lon='9.8998855' />
  <node id='13092496348' timestamp='2025-08-23T13:18:45Z' uid='1468043' user='jengelh' version='1' changeset='170880560' lat='51.5263926' lon='9.9000146' />
  <node id='13092496349' timestamp='2025-08-23T13:18:45Z' uid='1468043' user='jengelh' version='1' changeset='170880560' lat='51.5265864' lon='9.8998701' />
  <node id='13092496350' timestamp='2025-08-23T13:18:45Z' uid='1468043' user='jengelh' version='1' changeset='170880560' lat='51.5265491' lon='9.899741' />
  <node id='13092496351' timestamp='2025-08-23T13:18:45Z' uid='1468043' user='jengelh' version='1' changeset='170880560' lat='51.52635' lon='9.8997853' />
  <node id='13092496352' timestamp='2025-08-23T13:18:45Z' uid='1468043' user='jengelh' version='1' changeset='170880560' lat='51.5263693' lon='9.8997708' />
  <node id='13092496353' timestamp='2025-08-23T13:18:45Z' uid='1468043' user='jengelh' version='1' changeset='170880560' lat='51.5263887' lon='9.8997564' />
  <node id='13092496354' timestamp='2025-08-23T13:18:45Z' uid='1468043' user='jengelh' version='1' changeset='170880560' lat='51.5264081' lon='9.8997419' />
  <node id='13092496355' timestamp='2025-08-23T13:18:45Z' uid='1468043' user='jengelh' version='1' changeset='170880560' lat='51.5264275' lon='9.8997275' />
  <node id='13092496356' timestamp='2025-08-23T13:18:45Z' uid='1468043' user='jengelh' version='1' changeset='170880560' lat='51.5264468' lon='9.899713' />
  <node id='13092496357' timestamp='2025-08-23T13:18:45Z' uid='1468043' user='jengelh' version='1' changeset='170880560' lat='51.5264662' lon='9.8996986' />
  <node id='13092496358' timestamp='2025-08-23T13:18:45Z' uid='1468043' user='jengelh' version='1' changeset='170880560' lat='51.5264856' lon='9.8996841' />
  <node id='13092496359' timestamp='2025-08-23T13:18:45Z' uid='1468043' user='jengelh' version='1' changeset='170880560' lat='51.526505' lon='9.8996697' />
  <node id='13092496360' timestamp='2025-08-23T13:18:45Z' uid='1468043' user='jengelh' version='1' changeset='170880560' lat='51.5263515' lon='9.899709' />
  <node id='13092496361' timestamp='2025-08-23T13:18:45Z' uid='1468043' user='jengelh' version='1' changeset='170880560' lat='51.5263709' lon='9.8996946' />
  <node id='13092496362' timestamp='2025-08-23T13:18:45Z' uid='1468043' user='jengelh' version='1' changeset='170880560' lat='51.5264096' lon='9.8996657' />
  <node id='13092496363' timestamp='2025-08-23T13:18:45Z' uid='1468043' user='jengelh' version='1' changeset='170880560' lat='51.526429' lon='9.8996512' />
  <node id='13092496364' timestamp='2025-08-23T13:18:45Z' uid='1468043' user='jengelh' version='1' changeset='170880560' lat='51.5264484' lon='9.8996368' />
  <node id='13092496365' timestamp='2025-08-23T13:18:45Z' uid='1468043' user='jengelh' version='1' changeset='170880560' lat='51.5264678' lon='9.8996223' />
  <node id='13092496366' timestamp='2025-08-23T13:18:45Z' uid='1468043' user='jengelh' version='1' changeset='170880560' lat='51.5264871' lon='9.8996079' />
  <node id='13092496367' timestamp='2025-08-23T13:18:45Z' uid='1468043' user='jengelh' version='1' changeset='170880560' lat='51.5263143' lon='9.8996617' />
  <node id='13092496368' timestamp='2025-08-23T13:18:45Z' uid='1468043' user='jengelh' version='1' changeset='170880560' lat='51.5263337' lon='9.8996473' />
  <node id='13092496369' timestamp='2025-08-23T13:18:45Z' uid='1468043' user='jengelh' version='1' changeset='170880560' lat='51.526353' lon='9.8996328' />
  <node id='13092496370' timestamp='2025-08-23T13:18:45Z' uid='1468043' user='jengelh' version='1' changeset='170880560' lat='51.5263724' lon='9.8996184' />
  <node id='13092496371' timestamp='2025-08-23T13:18:45Z' uid='1468043' user='jengelh' version='1' changeset='170880560' lat='51.5263918' lon='9.8996039' />
  <node id='13092496372' timestamp='2025-08-23T13:18:45Z' uid='1468043' user='jengelh' version='1' changeset='170880560' lat='51.5264112' lon='9.8995895' />
  <node id='13092496373' timestamp='2025-08-23T13:18:45Z' uid='1468043' user='jengelh' version='1' changeset='170880560' lat='51.5264306' lon='9.899575' />
  <node id='13092496374' timestamp='2025-08-23T13:18:45Z' uid='1468043' user='jengelh' version='1' changeset='170880560' lat='51.5264499' lon='9.8995606' />
  <node id='13092496375' timestamp='2025-08-23T13:18:45Z' uid='1468043' user='jengelh' version='1' changeset='170880560' lat='51.5264693' lon='9.8995461' />
  <node id='13092496376' timestamp='2025-08-23T13:18:45Z' uid='1468043' user='jengelh' version='1' changeset='170880560' lat='51.5263127' lon='9.899738' />
  <node id='13092496377' timestamp='2025-08-23T13:18:45Z' uid='1468043' user='jengelh' version='1' changeset='170880560' lat='51.5265065' lon='9.8995934' />
  <node id='13092496378' timestamp='2025-08-23T13:18:45Z' uid='1468043' user='jengelh' version='1' changeset='170880560' lat='51.5262949' lon='9.8996762' />
  <node id='13092496379' timestamp='2025-08-23T13:18:45Z' uid='1468043' user='jengelh' version='1' changeset='170880560' lat='51.5263306' lon='9.8997997' />
  <node id='13092496380' timestamp='2025-08-23T13:18:45Z' uid='1468043' user='jengelh' version='1' changeset='170880560' lat='51.5265244' lon='9.8996552' />
  <node id='13092496381' timestamp='2025-08-23T13:18:45Z' uid='1468043' user='jengelh' version='1' changeset='170880560' lat='51.5264887' lon='9.8995317' />
  <node id='13092496382' timestamp='2025-08-23T13:18:45Z' uid='1468043' user='jengelh' version='1' changeset='170880560' lat='51.5266223' lon='9.8986709' />
  <node id='13092496383' timestamp='2025-08-23T13:18:45Z' uid='1468043' user='jengelh' version='1' changeset='170880560' lat='51.5258443' lon='9.8984451' />
  <node id='13092496384' timestamp='2025-08-23T13:18:45Z' uid='1468043' user='jengelh' version='1' changeset='170880560' lat='51.5257532' lon='9.8985134' />
  <node id='13092496411' timestamp='2025-08-23T13:18:45Z' uid='1468043' user='jengelh' version='1' changeset='170880560' lat='51.5260245' lon='9.899183' />
  <node id='13092496412' timestamp='2025-08-23T13:18:45Z' uid='1468043' user='jengelh' version='1' changeset='170880560' lat='51.5260504' lon='9.8991986' />
  <node id='13092496413' timestamp='2025-08-23T13:18:45Z' uid='1468043' user='jengelh' version='1' changeset='170880560' lat='51.5260651' lon='9.8992491' />
  <node id='13092496414' timestamp='2025-08-23T13:18:45Z' uid='1468043' user='jengelh' version='1' changeset='170880560' lat='51.5261577' lon='9.8998609' />
  <node id='13092496415' timestamp='2025-08-23T13:18:45Z' uid='1468043' user='jengelh' version='1' changeset='170880560' lat='51.5262102' lon='9.8998214' />
  <node id='13092496416' timestamp='2025-08-23T13:18:45Z' uid='1468043' user='jengelh' version='1' changeset='170880560' lat='51.5259566' lon='9.8991705' />
  <node id='13092496417' timestamp='2025-08-23T13:18:45Z' uid='1468043' user='jengelh' version='1' changeset='170880560' lat='51.5262075' lon='9.899316' />
  <node id='13092496418' timestamp='2025-08-23T13:18:45Z' uid='1468043' user='jengelh' version='1' changeset='170880560' lat='51.526231' lon='9.8992984' />
  <node id='13092496419' timestamp='2025-08-23T13:18:45Z' uid='1468043' user='jengelh' version='1' changeset='170880560' lat='51.5262546' lon='9.8992808' />
  <node id='13092496420' timestamp='2025-08-23T13:18:45Z' uid='1468043' user='jengelh' version='1' changeset='170880560' lat='51.5262781' lon='9.8992633' />
  <node id='13092496421' timestamp='2025-08-23T13:18:45Z' uid='1468043' user='jengelh' version='1' changeset='170880560' lat='51.5263017' lon='9.8992457' />
  <node id='13092496422' timestamp='2025-08-23T13:18:45Z' uid='1468043' user='jengelh' version='1' changeset='170880560' lat='51.5263252' lon='9.8992281' />
  <node id='13092496423' timestamp='2025-08-23T13:18:45Z' uid='1468043' user='jengelh' version='1' changeset='170880560' lat='51.5263488' lon='9.8992106' />
  <node id='13092496424' timestamp='2025-08-23T13:18:45Z' uid='1468043' user='jengelh' version='1' changeset='170880560' lat='51.5261864' lon='9.899243' />
  <node id='13092496425' timestamp='2025-08-23T13:18:45Z' uid='1468043' user='jengelh' version='1' changeset='170880560' lat='51.52621' lon='9.8992254' />
  <node id='13092496426' timestamp='2025-08-23T13:18:45Z' uid='1468043' user='jengelh' version='1' changeset='170880560' lat='51.5262335' lon='9.8992079' />
  <node id='13092496427' timestamp='2025-08-23T13:18:45Z' uid='1468043' user='jengelh' version='1' changeset='170880560' lat='51.5262571' lon='9.8991903' />
  <node id='13092496428' timestamp='2025-08-23T13:18:45Z' uid='1468043' user='jengelh' version='1' changeset='170880560' lat='51.5262806' lon='9.8991728' />
  <node id='13092496429' timestamp='2025-08-23T13:18:45Z' uid='1468043' user='jengelh' version='1' changeset='170880560' lat='51.5263042' lon='9.8991552' />
  <node id='13092496430' timestamp='2025-08-23T13:18:45Z' uid='1468043' user='jengelh' version='1' changeset='170880560' lat='51.5263277' lon='9.8991376' />
  <node id='13092496431' timestamp='2025-08-23T13:18:45Z' uid='1468043' user='jengelh' version='1' changeset='170880560' lat='51.5262322' lon='9.8994015' />
  <node id='13092496432' timestamp='2025-08-23T13:18:45Z' uid='1468043' user='jengelh' version='1' changeset='170880560' lat='51.5262557' lon='9.899384' />
  <node id='13092496433' timestamp='2025-08-23T13:18:45Z' uid='1468043' user='jengelh' version='1' changeset='170880560' lat='51.5262793' lon='9.8993664' />
  <node id='13092496434' timestamp='2025-08-23T13:18:45Z' uid='1468043' user='jengelh' version='1' changeset='170880560' lat='51.5263028' lon='9.8993488' />
  <node id='13092496435' timestamp='2025-08-23T13:18:45Z' uid='1468043' user='jengelh' version='1' changeset='170880560' lat='51.5263264' lon='9.8993313' />
  <node id='13092496436' timestamp='2025-08-23T13:18:45Z' uid='1468043' user='jengelh' version='1' changeset='170880560' lat='51.5263499' lon='9.8993137' />
  <node id='13092496437' timestamp='2025-08-23T13:18:45Z' uid='1468043' user='jengelh' version='1' changeset='170880560' lat='51.5263735' lon='9.8992962' />
  <node id='13092496438' timestamp='2025-08-23T13:18:45Z' uid='1468043' user='jengelh' version='1' changeset='170880560' lat='51.5262517' lon='9.899469' />
  <node id='13092496439' timestamp='2025-08-23T13:18:45Z' uid='1468043' user='jengelh' version='1' changeset='170880560' lat='51.5262752' lon='9.8994515' />
  <node id='13092496440' timestamp='2025-08-23T13:18:45Z' uid='1468043' user='jengelh' version='1' changeset='170880560' lat='51.5262988' lon='9.8994339' />
  <node id='13092496441' timestamp='2025-08-23T13:18:45Z' uid='1468043' user='jengelh' version='1' changeset='170880560' lat='51.5263223' lon='9.8994164' />
  <node id='13092496442' timestamp='2025-08-23T13:18:45Z' uid='1468043' user='jengelh' version='1' changeset='170880560' lat='51.5263459' lon='9.8993988' />
  <node id='13092496443' timestamp='2025-08-23T13:18:45Z' uid='1468043' user='jengelh' version='1' changeset='170880560' lat='51.5263694' lon='9.8993812' />
  <node id='13092496444' timestamp='2025-08-23T13:18:45Z' uid='1468043' user='jengelh' version='1' changeset='170880560' lat='51.526393' lon='9.8993637' />
  <node id='13092496445' timestamp='2025-08-23T13:18:45Z' uid='1468043' user='jengelh' version='1' changeset='170880560' lat='51.526397' lon='9.8992786' />
  <node id='13092496446' timestamp='2025-08-23T13:18:45Z' uid='1468043' user='jengelh' version='1' changeset='170880560' lat='51.5262086' lon='9.8994191' />
  <node id='13092496447' timestamp='2025-08-23T13:18:45Z' uid='1468043' user='jengelh' version='1' changeset='170880560' lat='51.5262281' lon='9.8994866' />
  <node id='13092496448' timestamp='2025-08-23T13:18:45Z' uid='1468043' user='jengelh' version='1' changeset='170880560' lat='51.5261839' lon='9.8993335' />
  <node id='13092496449' timestamp='2025-08-23T13:18:45Z' uid='1468043' user='jengelh' version='1' changeset='170880560' lat='51.5261629' lon='9.8992606' />
  <node id='13092496450' timestamp='2025-08-23T13:18:45Z' uid='1468043' user='jengelh' version='1' changeset='170880560' lat='51.5263723' lon='9.899193' />
  <node id='13092496451' timestamp='2025-08-23T13:18:45Z' uid='1468043' user='jengelh' version='1' changeset='170880560' lat='51.5263513' lon='9.8991201' />
  <node id='13092496452' timestamp='2025-08-23T13:18:45Z' uid='1468043' user='jengelh' version='1' changeset='170880560' lat='51.526264' lon='9.8989224' />
  <node id='13092496453' timestamp='2025-08-23T13:18:45Z' uid='1468043' user='jengelh' version='1' changeset='170880560' lat='51.5262392' lon='9.8989409' />
  <node id='13092496454' timestamp='2025-08-23T13:18:45Z' uid='1468043' user='jengelh' version='1' changeset='170880560' lat='51.5262143' lon='9.8989594' />
  <node id='13092496455' timestamp='2025-08-23T13:18:45Z' uid='1468043' user='jengelh' version='1' changeset='170880560' lat='51.5261895' lon='9.898978' />
  <node id='13092496456' timestamp='2025-08-23T13:18:45Z' uid='1468043' user='jengelh' version='1' changeset='170880560' lat='51.5261647' lon='9.8989965' />
  <node id='13092496457' timestamp='2025-08-23T13:18:45Z' uid='1468043' user='jengelh' version='1' changeset='170880560' lat='51.5261398' lon='9.899015' />
  <node id='13092496459' timestamp='2025-08-23T13:18:45Z' uid='1468043' user='jengelh' version='1' changeset='170880560' lat='51.5262448' lon='9.8988557' />
  <node id='13092496460' timestamp='2025-08-23T13:18:45Z' uid='1468043' user='jengelh' version='1' changeset='170880560' lat='51.5262199' lon='9.8988742' />
  <node id='13092496461' timestamp='2025-08-23T13:18:45Z' uid='1468043' user='jengelh' version='1' changeset='170880560' lat='51.5261951' lon='9.8988927' />
  <node id='13092496462' timestamp='2025-08-23T13:18:45Z' uid='1468043' user='jengelh' version='1' changeset='170880560' lat='51.5261703' lon='9.8989113' />
  <node id='13092496463' timestamp='2025-08-23T13:18:45Z' uid='1468043' user='jengelh' version='1' changeset='170880560' lat='51.5261454' lon='9.8989298' />
  <node id='13092496464' timestamp='2025-08-23T13:18:45Z' uid='1468043' user='jengelh' version='1' changeset='170880560' lat='51.5261206' lon='9.8989483' />
  <node id='13092496465' timestamp='2025-08-23T13:18:45Z' uid='1468043' user='jengelh' version='1' changeset='170880560' lat='51.5260957' lon='9.8989668' />
  <node id='13092496466' timestamp='2025-08-23T13:18:45Z' uid='1468043' user='jengelh' version='1' changeset='170880560' lat='51.5260902' lon='9.8990521' />
  <node id='13092496467' timestamp='2025-08-23T13:18:45Z' uid='1468043' user='jengelh' version='1' changeset='170880560' lat='51.5262888' lon='9.8989039' />
  <node id='13092496468' timestamp='2025-08-23T13:18:45Z' uid='1468043' user='jengelh' version='1' changeset='170880560' lat='51.5261563' lon='9.8991766' />
  <node id='13092496469' timestamp='2025-08-23T13:18:45Z' uid='1468043' user='jengelh' version='1' changeset='170880560' lat='51.5261811' lon='9.899158' />
  <node id='13092496470' timestamp='2025-08-23T13:18:45Z' uid='1468043' user='jengelh' version='1' changeset='170880560' lat='51.526206' lon='9.8991395' />
  <node id='13092496471' timestamp='2025-08-23T13:18:45Z' uid='1468043' user='jengelh' version='1' changeset='170880560' lat='51.5262308' lon='9.899121' />
  <node id='13092496472' timestamp='2025-08-23T13:18:45Z' uid='1468043' user='jengelh' version='1' changeset='170880560' lat='51.5262556' lon='9.8991025' />
  <node id='13092496473' timestamp='2025-08-23T13:18:45Z' uid='1468043' user='jengelh' version='1' changeset='170880560' lat='51.5262805' lon='9.8990839' />
  <node id='13092496474' timestamp='2025-08-23T13:18:45Z' uid='1468043' user='jengelh' version='1' changeset='170880560' lat='51.5263053' lon='9.8990654' />
  <node id='13092496475' timestamp='2025-08-23T13:18:45Z' uid='1468043' user='jengelh' version='1' changeset='170880560' lat='51.5261382' lon='9.8991138' />
  <node id='13092496476' timestamp='2025-08-23T13:18:45Z' uid='1468043' user='jengelh' version='1' changeset='170880560' lat='51.526163' lon='9.8990953' />
  <node id='13092496477' timestamp='2025-08-23T13:18:45Z' uid='1468043' user='jengelh' version='1' changeset='170880560' lat='51.5261878' lon='9.8990767' />
  <node id='13092496478' timestamp='2025-08-23T13:18:45Z' uid='1468043' user='jengelh' version='1' changeset='170880560' lat='51.5262127' lon='9.8990582' />
  <node id='13092496479' timestamp='2025-08-23T13:18:45Z' uid='1468043' user='jengelh' version='1' changeset='170880560' lat='51.5262375' lon='9.8990397' />
  <node id='13092496480' timestamp='2025-08-23T13:18:45Z' uid='1468043' user='jengelh' version='1' changeset='170880560' lat='51.5262623' lon='9.8990212' />
  <node id='13092496481' timestamp='2025-08-23T13:18:45Z' uid='1468043' user='jengelh' version='1' changeset='170880560' lat='51.5262872' lon='9.8990027' />
  <node id='13092496482' timestamp='2025-08-23T13:18:45Z' uid='1468043' user='jengelh' version='1' changeset='170880560' lat='51.5261133' lon='9.8991323' />
  <node id='13092496483' timestamp='2025-08-23T13:18:45Z' uid='1468043' user='jengelh' version='1' changeset='170880560' lat='51.5261314' lon='9.8991951' />
  <node id='13092496484' timestamp='2025-08-23T13:18:45Z' uid='1468043' user='jengelh' version='1' changeset='170880560' lat='51.5263301' lon='9.8990469' />
  <node id='13092496485' timestamp='2025-08-23T13:18:45Z' uid='1468043' user='jengelh' version='1' changeset='170880560' lat='51.526312' lon='9.8989841' />
  <node id='13092496513' timestamp='2025-08-23T13:18:45Z' uid='1468043' user='jengelh' version='1' changeset='170880560' lat='51.5259673' lon='9.8991624' />
  <node id='13092496514' timestamp='2025-08-23T13:18:45Z' uid='1468043' user='jengelh' version='1' changeset='170880560' lat='51.5261437' lon='9.8997689' />
  <node id='13092496515' timestamp='2025-08-23T13:18:45Z' uid='1468043' user='jengelh' version='1' changeset='170880560' lat='51.5261334' lon='9.8997335' />
  <node id='13092496516' timestamp='2025-08-23T13:18:45Z' uid='1468043' user='jengelh' version='1' changeset='170880560' lat='51.5261231' lon='9.8996982' />
  <node id='13092496517' timestamp='2025-08-23T13:18:45Z' uid='1468043' user='jengelh' version='1' changeset='170880560' lat='51.5261129' lon='9.8996628' />
  <node id='13092496518' timestamp='2025-08-23T13:18:45Z' uid='1468043' user='jengelh' version='1' changeset='170880560' lat='51.5261026' lon='9.8996274' />
  <node id='13092496519' timestamp='2025-08-23T13:18:45Z' uid='1468043' user='jengelh' version='1' changeset='170880560' lat='51.5261857' lon='9.8997373' />
  <node id='13092496520' timestamp='2025-08-23T13:18:45Z' uid='1468043' user='jengelh' version='1' changeset='170880560' lat='51.5261754' lon='9.899702' />
  <node id='13092496521' timestamp='2025-08-23T13:18:45Z' uid='1468043' user='jengelh' version='1' changeset='170880560' lat='51.5261652' lon='9.8996666' />
  <node id='13092496522' timestamp='2025-08-23T13:18:45Z' uid='1468043' user='jengelh' version='1' changeset='170880560' lat='51.5261549' lon='9.8996312' />
  <node id='13092496523' timestamp='2025-08-23T13:18:45Z' uid='1468043' user='jengelh' version='1' changeset='170880560' lat='51.5261446' lon='9.8995959' />
  <node id='13092496524' timestamp='2025-08-23T13:18:45Z' uid='1468043' user='jengelh' version='1' changeset='170880560' lat='51.5261172' lon='9.8995017' />
  <node id='13092496525' timestamp='2025-08-23T13:18:45Z' uid='1468043' user='jengelh' version='1' changeset='170880560' lat='51.5261069' lon='9.8994665' />
  <node id='13092496526' timestamp='2025-08-23T13:18:45Z' uid='1468043' user='jengelh' version='1' changeset='170880560' lat='51.5260967' lon='9.8994313' />
  <node id='13092496527' timestamp='2025-08-23T13:18:45Z' uid='1468043' user='jengelh' version='1' changeset='170880560' lat='51.5260864' lon='9.8993961' />
  <node id='13092496528' timestamp='2025-08-23T13:18:45Z' uid='1468043' user='jengelh' version='1' changeset='170880560' lat='51.5260762' lon='9.8993609' />
  <node id='13092496529' timestamp='2025-08-23T13:18:45Z' uid='1468043' user='jengelh' version='1' changeset='170880560' lat='51.5260659' lon='9.8993257' />
  <node id='13092496530' timestamp='2025-08-23T13:18:45Z' uid='1468043' user='jengelh' version='1' changeset='170880560' lat='51.5260752' lon='9.8995332' />
  <node id='13092496531' timestamp='2025-08-23T13:18:45Z' uid='1468043' user='jengelh' version='1' changeset='170880560' lat='51.526065' lon='9.899498' />
  <node id='13092496532' timestamp='2025-08-23T13:18:45Z' uid='1468043' user='jengelh' version='1' changeset='170880560' lat='51.5260547' lon='9.8994628' />
  <node id='13092496533' timestamp='2025-08-23T13:18:45Z' uid='1468043' user='jengelh' version='1' changeset='170880560' lat='51.5260445' lon='9.8994276' />
  <node id='13092496534' timestamp='2025-08-23T13:18:45Z' uid='1468043' user='jengelh' version='1' changeset='170880560' lat='51.5260343' lon='9.8993924' />
  <node id='13092496535' timestamp='2025-08-23T13:18:45Z' uid='1468043' user='jengelh' version='1' changeset='170880560' lat='51.526024' lon='9.8993572' />
  <node id='13092496536' timestamp='2025-08-23T13:18:45Z' uid='1468043' user='jengelh' version='1' changeset='170880560' lat='51.526024' lon='9.9001786' />
  <node id='13092496537' timestamp='2025-08-23T13:18:45Z' uid='1468043' user='jengelh' version='1' changeset='170880560' lat='51.5260486' lon='9.90016' />
  <node id='13092496538' timestamp='2025-08-23T13:18:45Z' uid='1468043' user='jengelh' version='1' changeset='170880560' lat='51.5260733' lon='9.9001414' />
  <node id='13092496539' timestamp='2025-08-23T13:18:45Z' uid='1468043' user='jengelh' version='1' changeset='170880560' lat='51.5260979' lon='9.9001228' />
  <node id='13092496540' timestamp='2025-08-23T13:18:45Z' uid='1468043' user='jengelh' version='1' changeset='170880560' lat='51.5261225' lon='9.9001042' />
  <node id='13092496545' timestamp='2025-08-23T13:18:45Z' uid='1468043' user='jengelh' version='1' changeset='170880560' lat='51.5260997' lon='9.9000262' />
  <node id='13092496551' timestamp='2025-08-23T13:18:45Z' uid='1468043' user='jengelh' version='1' changeset='170880560' lat='51.5259497' lon='9.8999252' />
  <node id='13092496552' timestamp='2025-08-23T13:18:45Z' uid='1468043' user='jengelh' version='1' changeset='170880560' lat='51.5259742' lon='9.8999067' />
  <node id='13092496553' timestamp='2025-08-23T13:18:45Z' uid='1468043' user='jengelh' version='1' changeset='170880560' lat='51.5259988' lon='9.8998882' />
  <node id='13092496554' timestamp='2025-08-23T13:18:45Z' uid='1468043' user='jengelh' version='1' changeset='170880560' lat='51.5260233' lon='9.8998696' />
  <node id='13092496555' timestamp='2025-08-23T13:18:45Z' uid='1468043' user='jengelh' version='1' changeset='170880560' lat='51.5260478' lon='9.8998511' />
  <node id='13093131814' timestamp='2025-08-23T21:22:30Z' uid='1468043' user='jengelh' version='1' changeset='170900545' lat='51.5279501' lon='9.8967453' />
  <node id='13093131817' timestamp='2025-08-23T21:22:30Z' uid='1468043' user='jengelh' version='1' changeset='170900545' lat='51.5279704' lon='9.8967139' />
  <node id='13093131818' timestamp='2025-08-23T21:22:30Z' uid='1468043' user='jengelh' version='1' changeset='170900545' lat='51.527959' lon='9.8966734' />
  <node id='13093131819' timestamp='2025-08-23T21:22:30Z' uid='1468043' user='jengelh' version='1' changeset='170900545' lat='51.5279475' lon='9.8966329' />
  <node id='13093131820' timestamp='2025-08-23T21:22:30Z' uid='1468043' user='jengelh' version='1' changeset='170900545' lat='51.5279361' lon='9.8965924' />
  <node id='13093131821' timestamp='2025-08-23T21:22:30Z' uid='1468043' user='jengelh' version='1' changeset='170900545' lat='51.5279246' lon='9.8965519' />
  <node id='13093131822' timestamp='2025-08-23T21:22:30Z' uid='1468043' user='jengelh' version='1' changeset='170900545' lat='51.5279132' lon='9.8965114' />
  <node id='13093131823' timestamp='2025-08-23T21:22:30Z' uid='1468043' user='jengelh' version='1' changeset='170900545' lat='51.5279017' lon='9.8964709' />
  <node id='13093131944' timestamp='2025-08-23T21:22:30Z' uid='1468043' user='jengelh' version='1' changeset='170900545' lat='51.5277265' lon='9.8956879' />
  <node id='13093131946' timestamp='2025-08-23T21:22:30Z' uid='1468043' user='jengelh' version='1' changeset='170900545' lat='51.5278157' lon='9.8958814' />
  <node id='13093131947' timestamp='2025-08-23T21:22:30Z' uid='1468043' user='jengelh' version='1' changeset='170900545' lat='51.5278041' lon='9.8958422' />
  <node id='13093131948' timestamp='2025-08-23T21:22:30Z' uid='1468043' user='jengelh' version='1' changeset='170900545' lat='51.5277925' lon='9.895803' />
  <node id='13094026840' timestamp='2025-08-24T08:56:54Z' uid='1468043' user='jengelh' version='1' changeset='170912722' lat='51.5290558' lon='9.8991874' />
  <node id='13094131792' timestamp='2025-08-24T09:51:00Z' uid='1468043' user='jengelh' version='1' changeset='170914867' lat='51.5286759' lon='9.8991727' />
  <node id='13094131793' timestamp='2025-08-24T09:51:00Z' uid='1468043' user='jengelh' version='1' changeset='170914867' lat='51.5286556' lon='9.8991876' />
  <node id='13094131794' timestamp='2025-08-24T09:51:00Z' uid='1468043' user='jengelh' version='1' changeset='170914867' lat='51.5286353' lon='9.8992026' />
  <node id='13094131795' timestamp='2025-08-24T09:51:00Z' uid='1468043' user='jengelh' version='1' changeset='170914867' lat='51.528615' lon='9.8992175' />
  <node id='13094131796' timestamp='2025-08-24T09:51:00Z' uid='1468043' user='jengelh' version='1' changeset='170914867' lat='51.5285947' lon='9.8992325' />
  <node id='13094131797' timestamp='2025-08-24T09:51:00Z' uid='1468043' user='jengelh' version='1' changeset='170914867' lat='51.5286965' lon='9.8992451' />
  <node id='13094131798' timestamp='2025-08-24T09:51:00Z' uid='1468043' user='jengelh' version='1' changeset='170914867' lat='51.5286762' lon='9.8992601' />
  <node id='13094131799' timestamp='2025-08-24T09:51:00Z' uid='1468043' user='jengelh' version='1' changeset='170914867' lat='51.528656' lon='9.899275' />
  <node id='13094131800' timestamp='2025-08-24T09:51:00Z' uid='1468043' user='jengelh' version='1' changeset='170914867' lat='51.5286357' lon='9.89929' />
  <node id='13094131801' timestamp='2025-08-24T09:51:00Z' uid='1468043' user='jengelh' version='1' changeset='170914867' lat='51.5286154' lon='9.8993049' />
  <node id='13094131802' timestamp='2025-08-24T09:51:00Z' uid='1468043' user='jengelh' version='1' changeset='170914867' lat='51.5285331' lon='9.8992779' />
  <node id='13094131803' timestamp='2025-08-24T09:51:00Z' uid='1468043' user='jengelh' version='1' changeset='170914867' lat='51.528513' lon='9.8992928' />
  <node id='13094131804' timestamp='2025-08-24T09:51:00Z' uid='1468043' user='jengelh' version='1' changeset='170914867' lat='51.5284929' lon='9.8993076' />
  <node id='13094131805' timestamp='2025-08-24T09:51:00Z' uid='1468043' user='jengelh' version='1' changeset='170914867' lat='51.5284728' lon='9.8993224' />
  <node id='13094131806' timestamp='2025-08-24T09:51:00Z' uid='1468043' user='jengelh' version='1' changeset='170914867' lat='51.5284526' lon='9.8993372' />
  <node id='13094131807' timestamp='2025-08-24T09:51:00Z' uid='1468043' user='jengelh' version='1' changeset='170914867' lat='51.5285538' lon='9.8993504' />
  <node id='13094131808' timestamp='2025-08-24T09:51:00Z' uid='1468043' user='jengelh' version='1' changeset='170914867' lat='51.5285337' lon='9.8993652' />
  <node id='13094131809' timestamp='2025-08-24T09:51:00Z' uid='1468043' user='jengelh' version='1' changeset='170914867' lat='51.5285136' lon='9.89938' />
  <node id='13094131810' timestamp='2025-08-24T09:51:00Z' uid='1468043' user='jengelh' version='1' changeset='170914867' lat='51.5284934' lon='9.8993949' />
  <node id='13094131811' timestamp='2025-08-24T09:51:00Z' uid='1468043' user='jengelh' version='1' changeset='170914867' lat='51.5284733' lon='9.8994097' />
  <node id='13094131812' timestamp='2025-08-24T09:51:00Z' uid='1468043' user='jengelh' version='1' changeset='170914867' lat='51.5283907' lon='9.8993829' />
  <node id='13094131813' timestamp='2025-08-24T09:51:00Z' uid='1468043' user='jengelh' version='1' changeset='170914867' lat='51.5283704' lon='9.8993979' />
  <node id='13094131814' timestamp='2025-08-24T09:51:00Z' uid='1468043' user='jengelh' version='1' changeset='170914867' lat='51.5283501' lon='9.8994128' />
  <node id='13094131815' timestamp='2025-08-24T09:51:00Z' uid='1468043' user='jengelh' version='1' changeset='170914867' lat='51.5283298' lon='9.8994278' />
  <node id='13094131816' timestamp='2025-08-24T09:51:00Z' uid='1468043' user='jengelh' version='1' changeset='170914867' lat='51.5284114' lon='9.8994554' />
  <node id='13094131817' timestamp='2025-08-24T09:51:00Z' uid='1468043' user='jengelh' version='1' changeset='170914867' lat='51.5283911' lon='9.8994703' />
  <node id='13094131818' timestamp='2025-08-24T09:51:00Z' uid='1468043' user='jengelh' version='1' changeset='170914867' lat='51.5283708' lon='9.8994853' />
  <node id='13094131819' timestamp='2025-08-24T09:51:00Z' uid='1468043' user='jengelh' version='1' changeset='170914867' lat='51.5283505' lon='9.8995003' />
  <node id='13094131820' timestamp='2025-08-24T09:51:00Z' uid='1468043' user='jengelh' version='1' changeset='170914867' lat='51.5281301' lon='9.8996883' />
  <node id='13094131821' timestamp='2025-08-24T09:51:00Z' uid='1468043' user='jengelh' version='1' changeset='170914867' lat='51.5280981' lon='9.8997119' />
  <node id='13094131822' timestamp='2025-08-24T09:51:00Z' uid='1468043' user='jengelh' version='1' changeset='170914867' lat='51.528173' lon='9.8996566' />
  <node id='13094131823' timestamp='2025-08-24T09:51:00Z' uid='1468043' user='jengelh' version='1' changeset='170914867' lat='51.5281543' lon='9.8996705' />
  <node id='13094131824' timestamp='2025-08-24T09:51:00Z' uid='1468043' user='jengelh' version='1' changeset='170914867' lat='51.5282675' lon='9.8994737' />
  <node id='13094131825' timestamp='2025-08-24T09:51:00Z' uid='1468043' user='jengelh' version='1' changeset='170914867' lat='51.5282459' lon='9.8994897' />
  <node id='13094131826' timestamp='2025-08-24T09:51:00Z' uid='1468043' user='jengelh' version='1' changeset='170914867' lat='51.5282243' lon='9.8995056' />
  <node id='13094131827' timestamp='2025-08-24T09:51:00Z' uid='1468043' user='jengelh' version='1' changeset='170914867' lat='51.5282026' lon='9.8995215' />
  <node id='13094131828' timestamp='2025-08-24T09:51:00Z' uid='1468043' user='jengelh' version='1' changeset='170914867' lat='51.528181' lon='9.8995375' />
  <node id='13094131829' timestamp='2025-08-24T09:51:00Z' uid='1468043' user='jengelh' version='1' changeset='170914867' lat='51.5282882' lon='9.8995462' />
  <node id='13094131830' timestamp='2025-08-24T09:51:00Z' uid='1468043' user='jengelh' version='1' changeset='170914867' lat='51.5282665' lon='9.8995622' />
  <node id='13094131831' timestamp='2025-08-24T09:51:00Z' uid='1468043' user='jengelh' version='1' changeset='170914867' lat='51.5282449' lon='9.8995781' />
  <node id='13094131832' timestamp='2025-08-24T09:51:00Z' uid='1468043' user='jengelh' version='1' changeset='170914867' lat='51.5282233' lon='9.899594' />
  <node id='13094131833' timestamp='2025-08-24T09:51:00Z' uid='1468043' user='jengelh' version='1' changeset='170914867' lat='51.5282017' lon='9.89961' />
  <node id='13094131834' timestamp='2025-08-24T09:51:00Z' uid='1468043' user='jengelh' version='1' changeset='170914867' lat='51.5281594' lon='9.8995534' />
  <node id='13094131835' timestamp='2025-08-24T09:51:00Z' uid='1468043' user='jengelh' version='1' changeset='170914867' lat='51.5279897' lon='9.8997663' />
  <node id='13094131836' timestamp='2025-08-24T09:51:00Z' uid='1468043' user='jengelh' version='1' changeset='170914867' lat='51.528012' lon='9.8997498' />
  <node id='13094131837' timestamp='2025-08-24T09:51:00Z' uid='1468043' user='jengelh' version='1' changeset='170914867' lat='51.5280343' lon='9.8997334' />
  <node id='13094131838' timestamp='2025-08-24T09:51:00Z' uid='1468043' user='jengelh' version='1' changeset='170914867' lat='51.5280566' lon='9.8997169' />
  <node id='13094131839' timestamp='2025-08-24T09:51:00Z' uid='1468043' user='jengelh' version='1' changeset='170914867' lat='51.527969' lon='9.8996938' />
  <node id='13094131840' timestamp='2025-08-24T09:51:00Z' uid='1468043' user='jengelh' version='1' changeset='170914867' lat='51.5279913' lon='9.8996773' />
  <node id='13094131841' timestamp='2025-08-24T09:51:00Z' uid='1468043' user='jengelh' version='1' changeset='170914867' lat='51.5280136' lon='9.8996609' />
  <node id='13094131842' timestamp='2025-08-24T09:51:00Z' uid='1468043' user='jengelh' version='1' changeset='170914867' lat='51.5280359' lon='9.8996445' />
  <node id='13094131843' timestamp='2025-08-24T09:51:00Z' uid='1468043' user='jengelh' version='1' changeset='170914867' lat='51.5280789' lon='9.8997005' />
  <node id='13094131844' timestamp='2025-08-24T09:51:00Z' uid='1468043' user='jengelh' version='1' changeset='170914867' lat='51.5280582' lon='9.899628' />
  <node id='13094131845' timestamp='2025-08-24T09:51:00Z' uid='1468043' user='jengelh' version='1' changeset='170914867' lat='51.5281034' lon='9.8995947' />
  <node id='13094131846' timestamp='2025-08-24T09:51:00Z' uid='1468043' user='jengelh' version='1' changeset='170914867' lat='51.5281601' lon='9.8996035' />
  <node id='13094131847' timestamp='2025-08-24T09:51:00Z' uid='1468043' user='jengelh' version='1' changeset='170914867' lat='51.5281714' lon='9.8995952' />
  <node id='13094131848' timestamp='2025-08-24T09:51:00Z' uid='1468043' user='jengelh' version='1' changeset='170914867' lat='51.5281801' lon='9.8996259' />
  <node id='13094131849' timestamp='2025-08-24T09:51:00Z' uid='1468043' user='jengelh' version='1' changeset='170914867' lat='51.5281276' lon='9.8995769' />
  <node id='13094131850' timestamp='2025-08-24T09:51:00Z' uid='1468043' user='jengelh' version='1' changeset='170914867' lat='51.5281482' lon='9.8995617' />
  <node id='13094131851' timestamp='2025-08-24T09:51:00Z' uid='1468043' user='jengelh' version='1' changeset='170914867' lat='51.5283302' lon='9.8995152' />
  <node id='13094131852' timestamp='2025-08-24T09:51:00Z' uid='1468043' user='jengelh' version='1' changeset='170914867' lat='51.5283098' lon='9.8995303' />
  <node id='13094131853' timestamp='2025-08-24T09:51:00Z' uid='1468043' user='jengelh' version='1' changeset='170914867' lat='51.5282891' lon='9.8994578' />
  <node id='13094131854' timestamp='2025-08-24T09:51:00Z' uid='1468043' user='jengelh' version='1' changeset='170914867' lat='51.5283095' lon='9.8994427' />
  <node id='13094131855' timestamp='2025-08-24T09:51:00Z' uid='1468043' user='jengelh' version='1' changeset='170914867' lat='51.5284532' lon='9.8994245' />
  <node id='13094131856' timestamp='2025-08-24T09:51:00Z' uid='1468043' user='jengelh' version='1' changeset='170914867' lat='51.5284316' lon='9.8994404' />
  <node id='13094131857' timestamp='2025-08-24T09:51:00Z' uid='1468043' user='jengelh' version='1' changeset='170914867' lat='51.528411' lon='9.899368' />
  <node id='13094131858' timestamp='2025-08-24T09:51:00Z' uid='1468043' user='jengelh' version='1' changeset='170914867' lat='51.5284325' lon='9.8993521' />
  <node id='13094131859' timestamp='2025-08-24T09:51:00Z' uid='1468043' user='jengelh' version='1' changeset='170914867' lat='51.5285951' lon='9.8993199' />
  <node id='13094131860' timestamp='2025-08-24T09:51:00Z' uid='1468043' user='jengelh' version='1' changeset='170914867' lat='51.5285739' lon='9.8993355' />
  <node id='13094131861' timestamp='2025-08-24T09:51:00Z' uid='1468043' user='jengelh' version='1' changeset='170914867' lat='51.5285532' lon='9.8992631' />
  <node id='13094131862' timestamp='2025-08-24T09:51:00Z' uid='1468043' user='jengelh' version='1' changeset='170914867' lat='51.5285745' lon='9.8992474' />
  <node id='13094131863' timestamp='2025-08-24T09:51:00Z' uid='1468043' user='jengelh' version='1' changeset='170914867' lat='51.5276076' lon='9.9002542' />
  <node id='13094131864' timestamp='2025-08-24T09:51:00Z' uid='1468043' user='jengelh' version='1' changeset='170914867' lat='51.5276281' lon='9.9002388' />
  <node id='13094131865' timestamp='2025-08-24T09:51:00Z' uid='1468043' user='jengelh' version='1' changeset='170914867' lat='51.5276487' lon='9.9002234' />
  <node id='13094131866' timestamp='2025-08-24T09:51:00Z' uid='1468043' user='jengelh' version='1' changeset='170914867' lat='51.5276693' lon='9.900208' />
  <node id='13094131867' timestamp='2025-08-24T09:51:00Z' uid='1468043' user='jengelh' version='1' changeset='170914867' lat='51.5276898' lon='9.9001927' />
  <node id='13094131868' timestamp='2025-08-24T09:51:00Z' uid='1468043' user='jengelh' version='1' changeset='170914867' lat='51.5277104' lon='9.9001773' />
  <node id='13094131869' timestamp='2025-08-24T09:51:00Z' uid='1468043' user='jengelh' version='1' changeset='170914867' lat='51.527731' lon='9.9001619' />
  <node id='13094131870' timestamp='2025-08-24T09:51:00Z' uid='1468043' user='jengelh' version='1' changeset='170914867' lat='51.5277515' lon='9.9001465' />
  <node id='13094131871' timestamp='2025-08-24T09:51:00Z' uid='1468043' user='jengelh' version='1' changeset='170914867' lat='51.5277721' lon='9.9001311' />
  <node id='13094131872' timestamp='2025-08-24T09:51:00Z' uid='1468043' user='jengelh' version='1' changeset='170914867' lat='51.5277927' lon='9.9001157' />
  <node id='13094131873' timestamp='2025-08-24T09:51:00Z' uid='1468043' user='jengelh' version='1' changeset='170914867' lat='51.5278132' lon='9.9001003' />
  <node id='13094131874' timestamp='2025-08-24T09:51:00Z' uid='1468043' user='jengelh' version='1' changeset='170914867' lat='51.5278338' lon='9.9000849' />
  <node id='13094131875' timestamp='2025-08-24T09:51:00Z' uid='1468043' user='jengelh' version='1' changeset='170914867' lat='51.5275886' lon='9.9001886' />
  <node id='13094131876' timestamp='2025-08-24T09:51:00Z' uid='1468043' user='jengelh' version='1' changeset='170914867' lat='51.5276091' lon='9.9001732' />
  <node id='13094131877' timestamp='2025-08-24T09:51:00Z' uid='1468043' user='jengelh' version='1' changeset='170914867' lat='51.5276297' lon='9.9001578' />
  <node id='13094131878' timestamp='2025-08-24T09:51:00Z' uid='1468043' user='jengelh' version='1' changeset='170914867' lat='51.5276503' lon='9.9001424' />
  <node id='13094131879' timestamp='2025-08-24T09:51:00Z' uid='1468043' user='jengelh' version='1' changeset='170914867' lat='51.5276708' lon='9.9001271' />
  <node id='13094131880' timestamp='2025-08-24T09:51:00Z' uid='1468043' user='jengelh' version='1' changeset='170914867' lat='51.5276914' lon='9.9001117' />
  <node id='13094131881' timestamp='2025-08-24T09:51:00Z' uid='1468043' user='jengelh' version='1' changeset='170914867' lat='51.527712' lon='9.9000963' />
  <node id='13094131882' timestamp='2025-08-24T09:51:00Z' uid='1468043' user='jengelh' version='1' changeset='170914867' lat='51.5277325' lon='9.9000809' />
  <node id='13094131883' timestamp='2025-08-24T09:51:00Z' uid='1468043' user='jengelh' version='1' changeset='170914867' lat='51.5277531' lon='9.9000655' />
  <node id='13094131884' timestamp='2025-08-24T09:51:00Z' uid='1468043' user='jengelh' version='1' changeset='170914867' lat='51.5277737' lon='9.9000501' />
  <node id='13094131885' timestamp='2025-08-24T09:51:00Z' uid='1468043' user='jengelh' version='1' changeset='170914867' lat='51.5277942' lon='9.9000347' />
  <node id='13094131886' timestamp='2025-08-24T09:51:00Z' uid='1468043' user='jengelh' version='1' changeset='170914867' lat='51.5278148' lon='9.9000193' />
  <node id='13094131887' timestamp='2025-08-24T09:51:00Z' uid='1468043' user='jengelh' version='1' changeset='170914867' lat='51.5278962' lon='9.9000383' />
  <node id='13094131888' timestamp='2025-08-24T09:51:00Z' uid='1468043' user='jengelh' version='1' changeset='170914867' lat='51.5279182' lon='9.9000218' />
  <node id='13094131889' timestamp='2025-08-24T09:51:00Z' uid='1468043' user='jengelh' version='1' changeset='170914867' lat='51.5279403' lon='9.9000052' />
  <node id='13094131890' timestamp='2025-08-24T09:51:00Z' uid='1468043' user='jengelh' version='1' changeset='170914867' lat='51.5279624' lon='9.8999887' />
  <node id='13094131891' timestamp='2025-08-24T09:51:00Z' uid='1468043' user='jengelh' version='1' changeset='170914867' lat='51.5279845' lon='9.8999722' />
  <node id='13094131892' timestamp='2025-08-24T09:51:00Z' uid='1468043' user='jengelh' version='1' changeset='170914867' lat='51.5280065' lon='9.8999557' />
  <node id='13094131893' timestamp='2025-08-24T09:51:00Z' uid='1468043' user='jengelh' version='1' changeset='170914867' lat='51.5280286' lon='9.8999392' />
  <node id='13094131894' timestamp='2025-08-24T09:51:00Z' uid='1468043' user='jengelh' version='1' changeset='170914867' lat='51.5280507' lon='9.8999226' />
  <node id='13094131895' timestamp='2025-08-24T09:51:00Z' uid='1468043' user='jengelh' version='1' changeset='170914867' lat='51.5280727' lon='9.8999061' />
  <node id='13094131896' timestamp='2025-08-24T09:51:00Z' uid='1468043' user='jengelh' version='1' changeset='170914867' lat='51.5278772' lon='9.8999727' />
  <node id='13094131897' timestamp='2025-08-24T09:51:00Z' uid='1468043' user='jengelh' version='1' changeset='170914867' lat='51.5278992' lon='9.8999562' />
  <node id='13094131898' timestamp='2025-08-24T09:51:00Z' uid='1468043' user='jengelh' version='1' changeset='170914867' lat='51.5279213' lon='9.8999396' />
  <node id='13094131899' timestamp='2025-08-24T09:51:00Z' uid='1468043' user='jengelh' version='1' changeset='170914867' lat='51.5279434' lon='9.8999231' />
  <node id='13094131900' timestamp='2025-08-24T09:51:00Z' uid='1468043' user='jengelh' version='1' changeset='170914867' lat='51.5279655' lon='9.8999066' />
  <node id='13094131901' timestamp='2025-08-24T09:51:00Z' uid='1468043' user='jengelh' version='1' changeset='170914867' lat='51.5279875' lon='9.8998901' />
  <node id='13094131902' timestamp='2025-08-24T09:51:00Z' uid='1468043' user='jengelh' version='1' changeset='170914867' lat='51.5280096' lon='9.8998736' />
  <node id='13094131903' timestamp='2025-08-24T09:51:00Z' uid='1468043' user='jengelh' version='1' changeset='170914867' lat='51.5280317' lon='9.899857' />
  <node id='13094131904' timestamp='2025-08-24T09:51:00Z' uid='1468043' user='jengelh' version='1' changeset='170914867' lat='51.5280537' lon='9.8998405' />
  <node id='13094131905' timestamp='2025-08-24T09:51:00Z' uid='1468043' user='jengelh' version='1' changeset='170914867' lat='51.5278446' lon='9.8997358' />
  <node id='13094131906' timestamp='2025-08-24T09:51:00Z' uid='1468043' user='jengelh' version='1' changeset='170914867' lat='51.5278274' lon='9.8996767' />
  <node id='13094131907' timestamp='2025-08-24T09:51:00Z' uid='1468043' user='jengelh' version='1' changeset='170914867' lat='51.5278667' lon='9.8996469' />
  <node id='13094131908' timestamp='2025-08-24T09:51:00Z' uid='1468043' user='jengelh' version='1' changeset='170914867' lat='51.527808' lon='9.8996104' />
  <node id='13094131909' timestamp='2025-08-24T09:51:00Z' uid='1468043' user='jengelh' version='1' changeset='170914867' lat='51.5277982' lon='9.8995769' />
  <node id='13094131910' timestamp='2025-08-24T09:51:00Z' uid='1468043' user='jengelh' version='1' changeset='170914867' lat='51.5277884' lon='9.8995435' />
  <node id='13094131911' timestamp='2025-08-24T09:51:00Z' uid='1468043' user='jengelh' version='1' changeset='170914867' lat='51.5277786' lon='9.89951' />
  <node id='13094131912' timestamp='2025-08-24T09:51:00Z' uid='1468043' user='jengelh' version='1' changeset='170914867' lat='51.5277688' lon='9.8994766' />
  <node id='13094131913' timestamp='2025-08-24T09:51:00Z' uid='1468043' user='jengelh' version='1' changeset='170914867' lat='51.527759' lon='9.8994431' />
  <node id='13094131914' timestamp='2025-08-24T09:51:00Z' uid='1468043' user='jengelh' version='1' changeset='170914867' lat='51.5277492' lon='9.8994097' />
  <node id='13094131915' timestamp='2025-08-24T09:51:00Z' uid='1468043' user='jengelh' version='1' changeset='170914867' lat='51.5277394' lon='9.8993762' />
  <node id='13094131916' timestamp='2025-08-24T09:51:00Z' uid='1468043' user='jengelh' version='1' changeset='170914867' lat='51.5277296' lon='9.8993427' />
  <node id='13094131917' timestamp='2025-08-24T09:51:00Z' uid='1468043' user='jengelh' version='1' changeset='170914867' lat='51.5277198' lon='9.8993093' />
  <node id='13094131918' timestamp='2025-08-24T09:51:00Z' uid='1468043' user='jengelh' version='1' changeset='170914867' lat='51.52771' lon='9.8992758' />
  <node id='13094131919' timestamp='2025-08-24T09:51:00Z' uid='1468043' user='jengelh' version='1' changeset='170914867' lat='51.5277002' lon='9.8992424' />
  <node id='13094131920' timestamp='2025-08-24T09:51:00Z' uid='1468043' user='jengelh' version='1' changeset='170914867' lat='51.5276904' lon='9.8992089' />
  <node id='13094131921' timestamp='2025-08-24T09:51:00Z' uid='1468043' user='jengelh' version='1' changeset='170914867' lat='51.5276806' lon='9.8991754' />
  <node id='13094131922' timestamp='2025-08-24T09:51:00Z' uid='1468043' user='jengelh' version='1' changeset='170914867' lat='51.5276708' lon='9.899142' />
  <node id='13094131923' timestamp='2025-08-24T09:51:00Z' uid='1468043' user='jengelh' version='1' changeset='170914867' lat='51.527661' lon='9.8991085' />
  <node id='13094131924' timestamp='2025-08-24T09:51:00Z' uid='1468043' user='jengelh' version='1' changeset='170914867' lat='51.5276512' lon='9.8990751' />
  <node id='13094131925' timestamp='2025-08-24T09:51:00Z' uid='1468043' user='jengelh' version='1' changeset='170914867' lat='51.5276414' lon='9.8990416' />
  <node id='13094131926' timestamp='2025-08-24T09:51:00Z' uid='1468043' user='jengelh' version='1' changeset='170914867' lat='51.5276316' lon='9.8990082' />
  <node id='13094131927' timestamp='2025-08-24T09:51:00Z' uid='1468043' user='jengelh' version='1' changeset='170914867' lat='51.5276218' lon='9.8989747' />
  <node id='13094131928' timestamp='2025-08-24T09:51:00Z' uid='1468043' user='jengelh' version='1' changeset='170914867' lat='51.527612' lon='9.8989412' />
  <node id='13094131929' timestamp='2025-08-24T09:51:00Z' uid='1468043' user='jengelh' version='1' changeset='170914867' lat='51.5276022' lon='9.8989078' />
  <node id='13094131930' timestamp='2025-08-24T09:51:00Z' uid='1468043' user='jengelh' version='1' changeset='170914867' lat='51.5275925' lon='9.8988743' />
  <node id='13094131931' timestamp='2025-08-24T09:51:00Z' uid='1468043' user='jengelh' version='1' changeset='170914867' lat='51.5275827' lon='9.8988409' />
  <node id='13094131932' timestamp='2025-08-24T09:51:00Z' uid='1468043' user='jengelh' version='1' changeset='170914867' lat='51.5275729' lon='9.8988074' />
  <node id='13094131933' timestamp='2025-08-24T09:51:00Z' uid='1468043' user='jengelh' version='1' changeset='170914867' lat='51.5278473' lon='9.8995806' />
  <node id='13094131934' timestamp='2025-08-24T09:51:00Z' uid='1468043' user='jengelh' version='1' changeset='170914867' lat='51.5278375' lon='9.8995472' />
  <node id='13094131935' timestamp='2025-08-24T09:51:00Z' uid='1468043' user='jengelh' version='1' changeset='170914867' lat='51.5278277' lon='9.8995137' />
  <node id='13094131936' timestamp='2025-08-24T09:51:00Z' uid='1468043' user='jengelh' version='1' changeset='170914867' lat='51.5278179' lon='9.8994803' />
  <node id='13094131937' timestamp='2025-08-24T09:51:00Z' uid='1468043' user='jengelh' version='1' changeset='170914867' lat='51.5278081' lon='9.8994468' />
  <node id='13094131938' timestamp='2025-08-24T09:51:00Z' uid='1468043' user='jengelh' version='1' changeset='170914867' lat='51.5277983' lon='9.8994134' />
  <node id='13094131939' timestamp='2025-08-24T09:51:00Z' uid='1468043' user='jengelh' version='1' changeset='170914867' lat='51.5277885' lon='9.8993799' />
  <node id='13094131940' timestamp='2025-08-24T09:51:00Z' uid='1468043' user='jengelh' version='1' changeset='170914867' lat='51.5277788' lon='9.8993464' />
  <node id='13094131941' timestamp='2025-08-24T09:51:00Z' uid='1468043' user='jengelh' version='1' changeset='170914867' lat='51.527769' lon='9.899313' />
  <node id='13094131942' timestamp='2025-08-24T09:51:00Z' uid='1468043' user='jengelh' version='1' changeset='170914867' lat='51.5277592' lon='9.8992795' />
  <node id='13094131943' timestamp='2025-08-24T09:51:00Z' uid='1468043' user='jengelh' version='1' changeset='170914867' lat='51.5277494' lon='9.8992461' />
  <node id='13094131944' timestamp='2025-08-24T09:51:00Z' uid='1468043' user='jengelh' version='1' changeset='170914867' lat='51.5277396' lon='9.8992126' />
  <node id='13094131945' timestamp='2025-08-24T09:51:00Z' uid='1468043' user='jengelh' version='1' changeset='170914867' lat='51.5277298' lon='9.8991792' />
  <node id='13094131946' timestamp='2025-08-24T09:51:00Z' uid='1468043' user='jengelh' version='1' changeset='170914867' lat='51.52772' lon='9.8991457' />
  <node id='13094131947' timestamp='2025-08-24T09:51:00Z' uid='1468043' user='jengelh' version='1' changeset='170914867' lat='51.5277102' lon='9.8991122' />
  <node id='13094131948' timestamp='2025-08-24T09:51:00Z' uid='1468043' user='jengelh' version='1' changeset='170914867' lat='51.5277004' lon='9.8990788' />
  <node id='13094131949' timestamp='2025-08-24T09:51:00Z' uid='1468043' user='jengelh' version='1' changeset='170914867' lat='51.5276906' lon='9.8990453' />
  <node id='13094131950' timestamp='2025-08-24T09:51:00Z' uid='1468043' user='jengelh' version='1' changeset='170914867' lat='51.5276808' lon='9.8990119' />
  <node id='13094131951' timestamp='2025-08-24T09:51:00Z' uid='1468043' user='jengelh' version='1' changeset='170914867' lat='51.527671' lon='9.8989784' />
  <node id='13094131952' timestamp='2025-08-24T09:51:00Z' uid='1468043' user='jengelh' version='1' changeset='170914867' lat='51.5276612' lon='9.8989449' />
  <node id='13094131953' timestamp='2025-08-24T09:51:00Z' uid='1468043' user='jengelh' version='1' changeset='170914867' lat='51.5276514' lon='9.8989115' />
  <node id='13094131954' timestamp='2025-08-24T09:51:00Z' uid='1468043' user='jengelh' version='1' changeset='170914867' lat='51.5276416' lon='9.898878' />
  <node id='13094131955' timestamp='2025-08-24T09:51:00Z' uid='1468043' user='jengelh' version='1' changeset='170914867' lat='51.5276318' lon='9.8988446' />
  <node id='13094131956' timestamp='2025-08-24T09:51:00Z' uid='1468043' user='jengelh' version='1' changeset='170914867' lat='51.527622' lon='9.8988111' />
  <node id='13094131957' timestamp='2025-08-24T09:51:00Z' uid='1468043' user='jengelh' version='1' changeset='170914867' lat='51.5276122' lon='9.8987777' />
  <node id='13094131958' timestamp='2025-08-24T09:51:00Z' uid='1468043' user='jengelh' version='1' changeset='170914867' lat='51.5275631' lon='9.8987739' />
  <node id='13094131959' timestamp='2025-08-24T09:51:00Z' uid='1468043' user='jengelh' version='1' changeset='170914867' lat='51.5278178' lon='9.8996439' />
  <node id='13094131960' timestamp='2025-08-24T09:51:00Z' uid='1468043' user='jengelh' version='1' changeset='170914867' lat='51.5278571' lon='9.8996141' />
  <node id='13094131961' timestamp='2025-08-24T09:51:00Z' uid='1468043' user='jengelh' version='1' changeset='170914867' lat='51.5276401' lon='9.8993894' />
  <node id='13094131962' timestamp='2025-08-24T09:51:00Z' uid='1468043' user='jengelh' version='1' changeset='170914867' lat='51.5276495' lon='9.899422' />
  <node id='13094131963' timestamp='2025-08-24T09:51:00Z' uid='1468043' user='jengelh' version='1' changeset='170914867' lat='51.5276588' lon='9.8994546' />
  <node id='13094131964' timestamp='2025-08-24T09:51:00Z' uid='1468043' user='jengelh' version='1' changeset='170914867' lat='51.5276682' lon='9.8994872' />
  <node id='13094131965' timestamp='2025-08-24T09:51:00Z' uid='1468043' user='jengelh' version='1' changeset='170914867' lat='51.5276776' lon='9.8995198' />
  <node id='13094131966' timestamp='2025-08-24T09:51:00Z' uid='1468043' user='jengelh' version='1' changeset='170914867' lat='51.5276869' lon='9.8995525' />
  <node id='13094131967' timestamp='2025-08-24T09:51:00Z' uid='1468043' user='jengelh' version='1' changeset='170914867' lat='51.5276781' lon='9.8993612' />
  <node id='13094131968' timestamp='2025-08-24T09:51:00Z' uid='1468043' user='jengelh' version='1' changeset='170914867' lat='51.5276875' lon='9.8993938' />
  <node id='13094131969' timestamp='2025-08-24T09:51:00Z' uid='1468043' user='jengelh' version='1' changeset='170914867' lat='51.5276968' lon='9.8994264' />
  <node id='13094131970' timestamp='2025-08-24T09:51:00Z' uid='1468043' user='jengelh' version='1' changeset='170914867' lat='51.5277062' lon='9.899459' />
  <node id='13094131971' timestamp='2025-08-24T09:51:00Z' uid='1468043' user='jengelh' version='1' changeset='170914867' lat='51.5277156' lon='9.8994917' />
  <node id='13094131972' timestamp='2025-08-24T09:51:00Z' uid='1468043' user='jengelh' version='1' changeset='170914867' lat='51.5277249' lon='9.8995243' />
  <node id='13094131973' timestamp='2025-08-24T09:51:00Z' uid='1468043' user='jengelh' version='1' changeset='170914867' lat='51.5276963' lon='9.8995851' />
  <node id='13094131974' timestamp='2025-08-24T09:51:00Z' uid='1468043' user='jengelh' version='1' changeset='170914867' lat='51.5277343' lon='9.8995569' />
  <node id='13094131975' timestamp='2025-08-24T09:51:00Z' uid='1468043' user='jengelh' version='1' changeset='170914867' lat='51.5277476' lon='9.8996033' />
  <node id='13094131976' timestamp='2025-08-24T09:51:00Z' uid='1468043' user='jengelh' version='1' changeset='170914867' lat='51.5277096' lon='9.8996315' />
  <node id='13094131977' timestamp='2025-08-24T09:51:00Z' uid='1468043' user='jengelh' version='1' changeset='170914867' lat='51.5277294' lon='9.8997013' />
  <node id='13094131978' timestamp='2025-08-24T09:51:00Z' uid='1468043' user='jengelh' version='1' changeset='170914867' lat='51.5277676' lon='9.899673' />
  <node id='13094131979' timestamp='2025-08-24T09:51:00Z' uid='1468043' user='jengelh' version='1' changeset='170914867' lat='51.5277563' lon='9.8996335' />
  <node id='13094131980' timestamp='2025-08-24T09:51:00Z' uid='1468043' user='jengelh' version='1' changeset='170914867' lat='51.527718' lon='9.8996619' />
  <node id='13230264697' timestamp='2025-10-13T11:53:29Z' uid='23389727' user='jpoehl' version='1' changeset='173223691' lat='51.526539' lon='9.8996072' />
  <node id='13363579448' timestamp='2025-12-09T12:59:18Z' uid='16354439' user='unni-geo' version='1' changeset='175712514' lat='51.5273124' lon='9.8997531' />
  <node id='13363579449' timestamp='2025-12-09T12:59:18Z' uid='16354439' user='unni-geo' version='1' changeset='175712514' lat='51.5273668' lon='9.8999418' />
  <node id='13363579450' timestamp='2025-12-09T12:59:18Z' uid='16354439' user='unni-geo' version='1' changeset='175712514' lat='51.5273471' lon='9.8999725' />
  <node id='13363579451' timestamp='2025-12-09T12:59:18Z' uid='16354439' user='unni-geo' version='1' changeset='175712514' lat='51.5273477' lon='9.8999752' />
  <node id='13363579452' timestamp='2025-12-09T12:59:18Z' uid='16354439' user='unni-geo' version='1' changeset='175712514' lat='51.5270978' lon='9.8997822' />
  <node id='13363579453' timestamp='2025-12-09T12:59:18Z' uid='16354439' user='unni-geo' version='1' changeset='175712514' lat='51.5271009' lon='9.8997929' />
  <node id='13363579454' timestamp='2025-12-09T12:59:18Z' uid='16354439' user='unni-geo' version='1' changeset='175712514' lat='51.5270885' lon='9.8999423' />
  <node id='13363579455' timestamp='2025-12-09T12:59:18Z' uid='16354439' user='unni-geo' version='1' changeset='175712514' lat='51.5270934' lon='9.8999596' />
  <node id='13363579456' timestamp='2025-12-09T12:59:18Z' uid='16354439' user='unni-geo' version='1' changeset='175712514' lat='51.5270914' lon='9.8999397' />
  <node id='13363579457' timestamp='2025-12-09T12:59:18Z' uid='16354439' user='unni-geo' version='1' changeset='175712514' lat='51.5270966' lon='9.8999572' />
  <node id='13363579458' timestamp='2025-12-09T12:59:18Z' uid='16354439' user='unni-geo' version='1' changeset='175712514' lat='51.5271002' lon='9.8999835' />
  <node id='13363579459' timestamp='2025-12-09T12:59:18Z' uid='16354439' user='unni-geo' version='1' changeset='175712514' lat='51.5271058' lon='9.9000033' />
  <node id='13363579460' timestamp='2025-12-09T12:59:18Z' uid='16354439' user='unni-geo' version='1' changeset='175712514' lat='51.527103' lon='9.8999811' />
  <node id='13363579461' timestamp='2025-12-09T12:59:18Z' uid='16354439' user='unni-geo' version='1' changeset='175712514' lat='51.5271087' lon='9.9000009' />
  <node id='13363579462' timestamp='2025-12-09T12:59:18Z' uid='16354439' user='unni-geo' version='1' changeset='175712514' lat='51.5271127' lon='9.9000274' />
  <node id='13363579463' timestamp='2025-12-09T12:59:18Z' uid='16354439' user='unni-geo' version='1' changeset='175712514' lat='51.5271174' lon='9.9000439' />
  <node id='13363579464' timestamp='2025-12-09T12:59:18Z' uid='16354439' user='unni-geo' version='1' changeset='175712514' lat='51.5271153' lon='9.9000252' />
  <node id='13363579465' timestamp='2025-12-09T12:59:18Z' uid='16354439' user='unni-geo' version='1' changeset='175712514' lat='51.5271201' lon='9.9000417' />
  <node id='13363579466' timestamp='2025-12-09T12:59:18Z' uid='16354439' user='unni-geo' version='1' changeset='175712514' lat='51.5271307' lon='9.9000907' />
  <node id='13363579467' timestamp='2025-12-09T12:59:18Z' uid='16354439' user='unni-geo' version='1' changeset='175712514' lat='51.5271494' lon='9.9001564' />
  <node id='13363579468' timestamp='2025-12-09T12:59:18Z' uid='16354439' user='unni-geo' version='1' changeset='175712514' lat='51.5271547' lon='9.9001522' />
  <node id='13363579469' timestamp='2025-12-09T12:59:18Z' uid='16354439' user='unni-geo' version='1' changeset='175712514' lat='51.5271359' lon='9.9000866' />
  <node id='13363579470' timestamp='2025-12-09T12:59:18Z' uid='16354439' user='unni-geo' version='1' changeset='175712514' lat='51.5272254' lon='9.8997831' />
  <node id='13363579471' timestamp='2025-12-09T12:59:18Z' uid='16354439' user='unni-geo' version='1' changeset='175712514' lat='51.5272244' lon='9.8997804' />
  <node id='13363579472' timestamp='2025-12-09T12:59:18Z' uid='16354439' user='unni-geo' version='1' changeset='175712514' lat='51.5271637' lon='9.899824' />
  <node id='13363579473' timestamp='2025-12-09T12:59:18Z' uid='16354439' user='unni-geo' version='1' changeset='175712514' lat='51.5271267' lon='9.8998717' />
  <node id='13363579474' timestamp='2025-12-09T12:59:18Z' uid='16354439' user='unni-geo' version='1' changeset='175712514' lat='51.5271409' lon='9.8998805' />
  <node id='13363579475' timestamp='2025-12-09T12:59:18Z' uid='16354439' user='unni-geo' version='1' changeset='175712514' lat='51.527146' lon='9.8998997' />
  <node id='13363579476' timestamp='2025-12-09T12:59:18Z' uid='16354439' user='unni-geo' version='1' changeset='175712514' lat='51.5271587' lon='9.899847' />
  <node id='13756674012' timestamp='2026-04-23T20:57:35Z' uid='1468043' user='jengelh' version='1' changeset='181737675' lat='51.5274386' lon='9.9006269'>
    <tag k='amenity' v='parcel_locker' />
    <tag k='brand' v='myflexbox' />
    <tag k='contact:website' v='https://customer.myflexbox.de/locations/506' />
    <tag k='opening_hours' v='24/7' />
    <tag k='operator' v='myflexbox' />
    <tag k='parcel_mail_in' v='yes' />
    <tag k='ref' v='506' />
  </node>
  <node id='14027117090' timestamp='2026-07-19T16:20:15Z' uid='24309024' user='Ariel NWCMaps' version='1' changeset='186015903' lat='51.5266916' lon='9.9006478'>
    <tag k='crossing' v='unmarked' />
    <tag k='crossing:markings' v='no' />
    <tag k='highway' v='crossing' />
  </node>
  <way id='-50559' action='modify'>
    <nd ref='-32966' />
    <nd ref='-32967' />
    <nd ref='-32968' />
    <nd ref='-32969' />
    <nd ref='-32970' />
    <nd ref='-32971' />
    <nd ref='-32972' />
    <nd ref='-32973' />
    <nd ref='-32974' />
    <nd ref='-32975' />
    <nd ref='-32976' />
    <nd ref='-32977' />
    <nd ref='-32978' />
    <nd ref='-32979' />
    <nd ref='-32980' />
    <nd ref='-32981' />
    <nd ref='-32982' />
    <nd ref='-32983' />
    <nd ref='-32966' />
    <tag k='amenity' v='parking_space' />
    <tag k='upload' v='false' />
  </way>
  <way id='-50560' action='modify'>
    <nd ref='-32985' />
    <nd ref='-32986' />
    <nd ref='-32987' />
    <nd ref='-32988' />
    <nd ref='-32989' />
    <nd ref='-32990' />
    <nd ref='-32991' />
    <nd ref='-32992' />
    <nd ref='-33036' />
    <nd ref='-32993' />
    <nd ref='-33035' />
    <nd ref='-32994' />
    <nd ref='-32995' />
    <nd ref='-32985' />
    <tag k='natural' v='water' />
    <tag k='upload' v='false' />
    <tag k='water' v='pond' />
  </way>
  <way id='-50561' action='modify'>
    <nd ref='13363579449' />
    <nd ref='-32996' />
    <nd ref='-33006' />
    <nd ref='-32997' />
    <nd ref='-32998' />
    <nd ref='-32999' />
    <nd ref='-33000' />
    <nd ref='-33001' />
    <nd ref='-33002' />
    <nd ref='-33003' />
    <nd ref='-33004' />
    <nd ref='-33005' />
    <nd ref='1366587831' />
    <nd ref='13363579448' />
    <nd ref='13363579449' />
    <tag k='building:levels' v='1' />
    <tag k='building:part' v='true' />
    <tag k='upload' v='false' />
  </way>
  <way id='-50562' action='modify'>
    <nd ref='-33007' />
    <nd ref='-33008' />
    <nd ref='-33009' />
    <nd ref='-33010' />
    <nd ref='-33011' />
    <nd ref='-32974' />
    <nd ref='-32973' />
    <nd ref='-32972' />
    <nd ref='-33007' />
    <tag k='building:levels' v='1' />
    <tag k='building:part' v='true' />
    <tag k='upload' v='false' />
  </way>
  <way id='-50563' action='modify'>
    <nd ref='-33012' />
    <nd ref='-33030' />
    <nd ref='-33034' />
    <nd ref='-33033' />
    <nd ref='-33032' />
    <nd ref='-33031' />
    <nd ref='-33013' />
    <nd ref='-33014' />
    <nd ref='-33015' />
    <nd ref='-33016' />
    <nd ref='-33017' />
    <nd ref='-33018' />
    <nd ref='-33019' />
    <nd ref='-33020' />
    <nd ref='-33021' />
    <nd ref='-33022' />
    <nd ref='-33023' />
    <nd ref='-33010' />
    <nd ref='-33009' />
    <nd ref='-33008' />
    <nd ref='-33012' />
    <tag k='building' v='true' />
    <tag k='building:levels' v='1' />
    <tag k='upload' v='false' />
  </way>
  <way id='-50564' action='modify'>
    <nd ref='-33014' />
    <nd ref='-33024' />
    <nd ref='-33025' />
    <nd ref='-33017' />
    <tag k='barrier' v='wall' />
    <tag k='upload' v='false' />
  </way>
  <way id='-50565' action='modify'>
    <nd ref='-33027' />
    <nd ref='-33028' />
    <nd ref='-33029' />
    <nd ref='-33013' />
    <tag k='barrier' v='wall' />
    <tag k='upload' v='false' />
  </way>
  <way id='14808767' timestamp='2022-09-05T15:33:18Z' uid='12947456' user='hades0299' version='28' changeset='125819824'>
    <nd ref='3970438728' />
    <nd ref='1644022564' />
    <nd ref='1644022575' />
    <nd ref='2503344553' />
    <nd ref='2451962041' />
    <tag k='highway' v='residential' />
    <tag k='lit' v='yes' />
    <tag k='maxspeed' v='30' />
    <tag k='name' v='Deisterstraße' />
    <tag k='old_name:0--1965-02-11' v='Zollstock' />
    <tag k='sidewalk:left' v='separate' />
    <tag k='sidewalk:right' v='yes' />
    <tag k='snowplowing:category' v='A' />
    <tag k='source:maxspeed' v='DE:zone30' />
    <tag k='surface' v='asphalt' />
  </way>
  <way id='15124181' timestamp='2020-09-29T06:51:08Z' uid='1468043' user='jengelh' version='15' changeset='91684515'>
    <nd ref='146249114' />
    <nd ref='3968668924' />
    <nd ref='7366152913' />
    <nd ref='149443429' />
    <tag k='highway' v='residential' />
    <tag k='lit' v='yes' />
    <tag k='maxspeed' v='30' />
    <tag k='name' v='Weperring' />
    <tag k='oneway' v='yes' />
    <tag k='sidewalk' v='no' />
    <tag k='snowplowing:category' v='C' />
    <tag k='source:maxspeed' v='DE:zone30' />
    <tag k='surface' v='asphalt' />
  </way>
  <way id='32349408' timestamp='2025-08-23T13:18:45Z' uid='1468043' user='jengelh' version='9' changeset='170880560'>
    <nd ref='12398310539' />
    <nd ref='13092496298' />
    <nd ref='2503372108' />
    <nd ref='2503372112' />
    <nd ref='13092496378' />
    <nd ref='13092496376' />
    <nd ref='13092496379' />
    <nd ref='13092496347' />
    <nd ref='13092496345' />
    <nd ref='13092496348' />
    <nd ref='13092496288' />
    <nd ref='13092496287' />
    <nd ref='13092496272' />
    <nd ref='2503372154' />
    <nd ref='2503372156' />
    <nd ref='2503372163' />
    <nd ref='2503372166' />
    <nd ref='2503372170' />
    <nd ref='2503372174' />
    <nd ref='428739753' />
    <nd ref='2503372177' />
    <nd ref='2503372175' />
    <nd ref='2503372171' />
    <nd ref='2503372167' />
    <nd ref='13092496276' />
    <nd ref='13092496275' />
    <nd ref='13092496274' />
    <nd ref='13092496273' />
    <nd ref='364143459' />
    <nd ref='13092496289' />
    <nd ref='13092496349' />
    <nd ref='13092496346' />
    <nd ref='13092496350' />
    <nd ref='13092496380' />
    <nd ref='13092496377' />
    <nd ref='13092496381' />
    <nd ref='13092496318' />
    <nd ref='2503372152' />
    <nd ref='2503372147' />
    <nd ref='13092496319' />
    <nd ref='12398310539' />
    <tag k='access' v='customers' />
    <tag k='amenity' v='parking' />
    <tag k='capacity' v='64' />
    <tag k='fee' v='no' />
    <tag k='maxstay' v='2 hours' />
    <tag k='orientation' v='perpendicular' />
    <tag k='parking' v='surface' />
    <tag k='parking:authentication:disc' v='yes' />
  </way>
  <way id='32349409' timestamp='2017-05-06T20:32:53Z' uid='1468043' user='jengelh' version='2' changeset='48461328'>
    <nd ref='364143462' />
    <nd ref='364143463' />
    <tag k='highway' v='service' />
    <tag k='service' v='parking_aisle' />
  </way>
  <way id='32349410' timestamp='2017-05-06T20:32:53Z' uid='1468043' user='jengelh' version='2' changeset='48461328'>
    <nd ref='364143466' />
    <nd ref='364143467' />
    <tag k='highway' v='service' />
    <tag k='service' v='parking_aisle' />
  </way>
  <way id='32349411' timestamp='2025-08-23T13:18:45Z' uid='1468043' user='jengelh' version='4' changeset='170880560'>
    <nd ref='364143468' />
    <nd ref='364143469' />
    <tag k='highway' v='service' />
    <tag k='lit' v='yes' />
    <tag k='service' v='parking_aisle' />
    <tag k='source' v='hi-res aerial imagery' />
  </way>
  <way id='32349412' timestamp='2020-09-29T06:51:08Z' uid='1468043' user='jengelh' version='3' changeset='91684515'>
    <nd ref='364143470' />
    <nd ref='4110194529' />
    <tag k='highway' v='service' />
    <tag k='lit' v='yes' />
    <tag k='service' v='parking_aisle' />
    <tag k='source' v='hi-res aerial imagery' />
  </way>
  <way id='32349413' timestamp='2020-09-29T06:51:08Z' uid='1468043' user='jengelh' version='3' changeset='91684515'>
    <nd ref='364143472' />
    <nd ref='364143474' />
    <tag k='highway' v='service' />
    <tag k='lit' v='yes' />
    <tag k='service' v='parking_aisle' />
    <tag k='source' v='hi-res aerial imagery' />
  </way>
  <way id='32910345' timestamp='2025-08-27T19:19:08Z' uid='3199858' user='Mateusz Konieczny - bot account' version='6' changeset='171101054'>
    <nd ref='2503372269' />
    <nd ref='2503372270' />
    <nd ref='13094131905' />
    <nd ref='370630929' />
    <nd ref='13094131907' />
    <nd ref='13094131960' />
    <nd ref='13094131933' />
    <nd ref='13094131934' />
    <nd ref='13094131935' />
    <nd ref='13094131936' />
    <nd ref='13094131937' />
    <nd ref='13094131938' />
    <nd ref='13094131939' />
    <nd ref='13094131940' />
    <nd ref='13094131941' />
    <nd ref='13094131942' />
    <nd ref='13094131943' />
    <nd ref='13094131944' />
    <nd ref='13094131945' />
    <nd ref='13094131946' />
    <nd ref='13094131947' />
    <nd ref='13094131948' />
    <nd ref='13094131949' />
    <nd ref='13094131950' />
    <nd ref='13094131951' />
    <nd ref='13094131952' />
    <nd ref='13094131953' />
    <nd ref='13094131954' />
    <nd ref='13094131955' />
    <nd ref='13094131956' />
    <nd ref='13094131957' />
    <nd ref='370630924' />
    <nd ref='13094131958' />
    <nd ref='370630926' />
    <nd ref='2503372262' />
    <nd ref='2503372265' />
    <nd ref='13094131967' />
    <nd ref='13094131968' />
    <nd ref='13094131969' />
    <nd ref='13094131970' />
    <nd ref='13094131971' />
    <nd ref='13094131972' />
    <nd ref='13094131974' />
    <nd ref='13094131975' />
    <nd ref='13094131979' />
    <nd ref='13094131978' />
    <nd ref='2503372269' />
    <tag k='amenity' v='parking' />
    <tag k='capacity' v='28' />
    <tag k='orientation' v='perpendicular' />
    <tag k='parking' v='surface' />
    <tag k='surface' v='asphalt' />
  </way>
  <way id='32910346' timestamp='2020-09-29T06:51:08Z' uid='1468043' user='jengelh' version='4' changeset='91684515'>
    <nd ref='370630931' />
    <nd ref='2503344522' />
    <nd ref='3970438726' />
    <nd ref='370630932' />
    <tag k='highway' v='service' />
    <tag k='lit' v='yes' />
    <tag k='service' v='parking_aisle' />
  </way>
  <way id='32910347' action='modify' timestamp='2025-04-27T11:39:28Z' uid='2725798' user='lesekaffee' version='8' changeset='165501297'>
    <nd ref='370630935' />
    <nd ref='370630939' />
    <nd ref='2503344489' />
    <nd ref='-32985' />
    <nd ref='2503344490' />
    <nd ref='370630942' />
    <nd ref='2503344491' />
    <nd ref='370630944' />
    <nd ref='2503344492' />
    <nd ref='370630947' />
    <nd ref='8789742087' />
    <nd ref='370630949' />
    <nd ref='4030503697' />
    <nd ref='4030496581' />
    <nd ref='149432782' />
    <tag k='highway' v='footway' />
    <tag k='lit' v='yes' />
    <tag k='surface' v='fine_gravel' />
  </way>
  <way id='32910349' timestamp='2022-02-07T07:20:44Z' uid='12947456' user='hades0299' version='5' changeset='117105269'>
    <nd ref='370630939' />
    <nd ref='370630952' />
    <tag k='highway' v='footway' />
    <tag k='lit' v='yes' />
    <tag k='surface' v='paving_stones' />
  </way>
  <way id='34322584' timestamp='2020-09-29T06:51:08Z' uid='1468043' user='jengelh' version='12' changeset='91684515'>
    <nd ref='149432782' />
    <nd ref='370630895' />
    <nd ref='1342917271' />
    <nd ref='1020389600' />
    <nd ref='4352653239' />
    <nd ref='1342917266' />
    <nd ref='149432761' />
    <nd ref='2503344452' />
    <nd ref='393725056' />
    <nd ref='4265894848' />
    <nd ref='393725058' />
    <nd ref='393725059' />
    <nd ref='4265894844' />
    <nd ref='393725060' />
    <nd ref='393725061' />
    <tag k='bicycle' v='designated' />
    <tag k='foot' v='designated' />
    <tag k='highway' v='cycleway' />
    <tag k='lit' v='yes' />
    <tag k='segregated' v='no' />
    <tag k='surface' v='paved' />
    <tag k='traffic_sign' v='DE:240' />
  </way>
  <way id='36772580' timestamp='2022-10-18T18:35:35Z' uid='1468043' user='jengelh' version='14' changeset='127742462'>
    <nd ref='427547199' />
    <nd ref='2503344470' />
    <nd ref='2503344468' />
    <nd ref='2503344467' />
    <nd ref='427547200' />
    <nd ref='427547201' />
    <nd ref='4352653190' />
    <nd ref='427547202' />
    <nd ref='2503344451' />
    <nd ref='2503344450' />
    <nd ref='427547203' />
    <nd ref='2503344457' />
    <nd ref='2503344459' />
    <nd ref='427547204' />
    <nd ref='427547205' />
    <nd ref='427547210' />
    <nd ref='2503344469' />
    <nd ref='427547211' />
    <nd ref='2503344464' />
    <nd ref='2503344463' />
    <nd ref='427547212' />
    <nd ref='4352653199' />
    <nd ref='4352653191' />
    <nd ref='2503344455' />
    <nd ref='427547213' />
    <nd ref='2503344456' />
    <nd ref='4352653192' />
    <nd ref='4352653212' />
    <nd ref='427547214' />
    <nd ref='427547215' />
    <nd ref='427547216' />
    <nd ref='2503344474' />
    <nd ref='427547199' />
    <tag k='addr:city' v='Göttingen' />
    <tag k='addr:country' v='DE' />
    <tag k='addr:housenumber' v='4' />
    <tag k='addr:postcode' v='37081' />
    <tag k='addr:street' v='Sollingstraße' />
    <tag k='addr:suburb' v='Grone' />
    <tag k='building' v='apartments' />
    <tag k='operator' v='LEG Immobilien' />
    <tag k='roof:shape' v='flat' />
    <tag k='source' v='hi-res aerial imagery' />
    <tag k='start_date' v='1977' />
  </way>
  <way id='36873674' timestamp='2022-10-09T20:36:11Z' uid='1468043' user='jengelh' version='19' changeset='127267084'>
    <nd ref='428739750' />
    <nd ref='2503372206' />
    <nd ref='428739755' />
    <nd ref='428739756' />
    <nd ref='2503372185' />
    <nd ref='2503372188' />
    <nd ref='2503372183' />
    <nd ref='4704534939' />
    <nd ref='2503372179' />
    <nd ref='2503372178' />
    <nd ref='4839102823' />
    <nd ref='428739754' />
    <nd ref='2503372172' />
    <nd ref='2503372173' />
    <nd ref='4704533396' />
    <nd ref='2503372180' />
    <nd ref='2503372177' />
    <nd ref='428739753' />
    <nd ref='428739752' />
    <nd ref='428739751' />
    <nd ref='2503372208' />
    <nd ref='428739750' />
    <tag k='addr:city' v='Göttingen' />
    <tag k='addr:country' v='DE' />
    <tag k='addr:housenumber' v='2' />
    <tag k='addr:postcode' v='37081' />
    <tag k='addr:street' v='Sollingstraße' />
    <tag k='addr:suburb' v='Grone' />
    <tag k='architect' v='Eberhard Ludewig' />
    <tag k='building' v='retail' />
    <tag k='operator' v='Brandt Immobilien' />
    <tag k='roof:shape' v='flat' />
    <tag k='start_date' v='1975' />
    <tag k='wheelchair' v='yes' />
  </way>
  <way id='36873675' timestamp='2026-01-03T16:17:17Z' uid='18511019' user='Senihtu' version='21' changeset='176788533'>
    <nd ref='428739756' />
    <nd ref='4253342652' />
    <nd ref='428739759' />
    <nd ref='428739771' />
    <nd ref='428739772' />
    <nd ref='428739758' />
    <nd ref='641554919' />
    <nd ref='428739757' />
    <nd ref='2503372182' />
    <nd ref='2503372185' />
    <nd ref='428739756' />
    <tag k='addr:city' v='Göttingen' />
    <tag k='addr:housenumber' v='1' />
    <tag k='addr:place' v='Jonaplatz' />
    <tag k='addr:postcode' v='37081' />
    <tag k='addr:suburb' v='Grone' />
    <tag k='architect' v='Eberhard Ludewig' />
    <tag k='building' v='yes' />
    <tag k='operator' v='RT Facility Management GmbH' />
    <tag k='roof:shape' v='flat' />
    <tag k='start_date' v='1975' />
  </way>
  <way id='36873676' timestamp='2026-01-03T16:17:17Z' uid='18511019' user='Senihtu' version='19' changeset='176788533'>
    <nd ref='428739768' />
    <nd ref='428739767' />
    <nd ref='428739760' />
    <nd ref='428739761' />
    <nd ref='13230264697' />
    <nd ref='428739762' />
    <nd ref='428739773' />
    <nd ref='428739770' />
    <nd ref='428739763' />
    <nd ref='428739768' />
    <tag k='addr:city' v='Göttingen' />
    <tag k='addr:country' v='DE' />
    <tag k='addr:housenumber' v='2' />
    <tag k='addr:place' v='Jonaplatz' />
    <tag k='addr:postcode' v='37081' />
    <tag k='addr:suburb' v='Grone' />
    <tag k='architect' v='Eberhard Ludewig' />
    <tag k='building' v='apartments' />
    <tag k='operator' v='RT Facility Management GmbH' />
    <tag k='roof:shape' v='flat' />
    <tag k='start_date' v='1975' />
  </way>
  <way id='36873677' timestamp='2026-01-03T16:17:17Z' uid='18511019' user='Senihtu' version='15' changeset='176788533'>
    <nd ref='2915628059' />
    <nd ref='1644022513' />
    <nd ref='2503372187' />
    <nd ref='2503372189' />
    <nd ref='1644022515' />
    <nd ref='428739769' />
    <nd ref='2503372194' />
    <nd ref='2503372193' />
    <nd ref='618643088' />
    <nd ref='428739764' />
    <nd ref='428739765' />
    <nd ref='428739766' />
    <nd ref='2915628059' />
    <tag k='addr:city' v='Göttingen' />
    <tag k='addr:country' v='DE' />
    <tag k='addr:housenumber' v='4' />
    <tag k='addr:place' v='Jonaplatz' />
    <tag k='addr:postcode' v='37081' />
    <tag k='addr:suburb' v='Grone' />
    <tag k='architect' v='Eberhard Ludewig' />
    <tag k='building' v='apartments' />
    <tag k='operator' v='RT Facility Management GmbH' />
    <tag k='roof:shape' v='flat' />
    <tag k='source' v='hi-res aerial imagery' />
    <tag k='start_date' v='1975' />
  </way>
  <way id='36873678' timestamp='2022-09-08T07:35:40Z' uid='12947456' user='hades0299' version='11' changeset='125930148'>
    <nd ref='428739770' />
    <nd ref='428739773' />
    <nd ref='4110194532' />
    <nd ref='428739772' />
    <nd ref='428739771' />
    <nd ref='4110194539' />
    <nd ref='428739770' />
    <tag k='addr:city' v='Göttingen' />
    <tag k='addr:country' v='DE' />
    <tag k='addr:housenumber' v='2a' />
    <tag k='addr:postcode' v='37081' />
    <tag k='addr:street' v='Sollingstraße' />
    <tag k='addr:suburb' v='Grone' />
    <tag k='architect' v='Eberhard Ludewig' />
    <tag k='building' v='bridge' />
    <tag k='roof:shape' v='flat' />
    <tag k='source' v='landsat, knowledge, extrapolation' />
    <tag k='start_date' v='1975' />
  </way>
  <way id='36873679' timestamp='2024-10-28T16:50:46Z' uid='1468043' user='jengelh' version='11' changeset='158464656'>
    <nd ref='428739774' />
    <nd ref='3968668929' />
    <nd ref='3968668928' />
    <nd ref='428739775' />
    <nd ref='428739776' />
    <nd ref='428739777' />
    <nd ref='428739778' />
    <nd ref='428739779' />
    <nd ref='428739780' />
    <nd ref='3968668933' />
    <nd ref='3968668930' />
    <nd ref='3968668942' />
    <nd ref='3968668941' />
    <nd ref='3968668944' />
    <nd ref='428739781' />
    <nd ref='428739774' />
    <tag k='addr:city' v='Göttingen' />
    <tag k='addr:country' v='DE' />
    <tag k='addr:housenumber' v='3' />
    <tag k='addr:postcode' v='37081' />
    <tag k='addr:street' v='Sollingstraße' />
    <tag k='addr:suburb' v='Grone' />
    <tag k='building' v='apartments' />
    <tag k='building:levels' v='11' />
    <tag k='operator' v='h2f/GöHV; MIAG GmbH; DFK Nord' />
    <tag k='roof:shape' v='flat' />
    <tag k='source' v='hi-res aerial imagery' />
    <tag k='start_date' v='1972' />
  </way>
  <way id='36873680' timestamp='2025-03-13T09:16:06Z' uid='1468043' user='jengelh' version='6' changeset='163560956'>
    <nd ref='618643089' />
    <nd ref='5843414962' />
    <nd ref='5843414961' />
    <nd ref='5843414960' />
    <nd ref='5843414916' />
    <nd ref='5843414959' />
    <nd ref='428739786' />
    <nd ref='5843414913' />
    <nd ref='428739785' />
    <nd ref='5843414958' />
    <nd ref='5843414917' />
    <nd ref='5843414957' />
    <nd ref='428739784' />
    <nd ref='5843414908' />
    <nd ref='428739783' />
    <nd ref='5843414956' />
    <nd ref='5843414955' />
    <nd ref='428739782' />
    <nd ref='428739795' />
    <nd ref='428739794' />
    <nd ref='428739793' />
    <nd ref='5843414929' />
    <nd ref='5843414954' />
    <nd ref='5843414953' />
    <nd ref='428739792' />
    <nd ref='428739791' />
    <nd ref='5843414930' />
    <nd ref='5843414952' />
    <nd ref='5843414951' />
    <nd ref='428739790' />
    <nd ref='618643089' />
    <tag k='building' v='apartments' />
    <tag k='operator' v='LEG Immobilien' />
    <tag k='roof:shape' v='flat' />
    <tag k='source' v='landsat, knowledge, extrapolation' />
  </way>
  <way id='119547155' timestamp='2020-09-29T06:51:08Z' uid='1468043' user='jengelh' version='7' changeset='91684515'>
    <nd ref='169426787' />
    <nd ref='1342917279' />
    <nd ref='4030503695' />
    <nd ref='4030503704' />
    <nd ref='4110225909' />
    <nd ref='4030503714' />
    <nd ref='4110225912' />
    <nd ref='4030503722' />
    <nd ref='4110225918' />
    <nd ref='2503344506' />
    <nd ref='4110225928' />
    <nd ref='2503344525' />
    <nd ref='2503344522' />
    <tag k='highway' v='footway' />
    <tag k='lit' v='yes' />
    <tag k='snowplowing:category' v='-' />
    <tag k='source' v='survey 2013-10-20' />
    <tag k='surface' v='paved' />
  </way>
  <way id='119547156' timestamp='2025-08-23T13:18:45Z' uid='1468043' user='jengelh' version='4' changeset='170880560'>
    <nd ref='1342917271' />
    <nd ref='13092496382' />
    <nd ref='1342917269' />
    <nd ref='2503344482' />
    <nd ref='2503344471' />
    <nd ref='2503344453' />
    <tag k='highway' v='footway' />
    <tag k='surface' v='paved' />
  </way>
  <way id='119547157' timestamp='2018-04-19T11:36:50Z' uid='1468043' user='jengelh' version='4' changeset='58230359'>
    <nd ref='1342917299' />
    <nd ref='4110225972' />
    <nd ref='1342917302' />
    <nd ref='4110225980' />
    <nd ref='1342917311' />
    <nd ref='4110225984' />
    <nd ref='1342917313' />
    <nd ref='4110225985' />
    <nd ref='1342917314' />
    <nd ref='4110225981' />
    <nd ref='1342917303' />
    <nd ref='4110225974' />
    <nd ref='1342917300' />
    <nd ref='4110225971' />
    <nd ref='1342917298' />
    <nd ref='4110225969' />
    <nd ref='1342917297' />
    <nd ref='4110225970' />
    <nd ref='1342917299' />
    <tag k='abandoned:landuse' v='basin' />
    <tag k='abandoned:natural' v='water' />
    <tag k='abandoned:water' v='pond' />
    <tag k='name' v='Wasserentnahmestelle' />
    <tag k='survey:date' v='2016-06-19' />
  </way>
  <way id='119547158' timestamp='2016-07-01T22:34:11Z' uid='1468043' user='jengelh' version='4' changeset='40429514'>
    <nd ref='1023077486' />
    <nd ref='4253342685' />
    <nd ref='4253342687' />
    <nd ref='4110225965' />
    <nd ref='4253342684' />
    <nd ref='4253342686' />
    <nd ref='4253342679' />
    <nd ref='4277392225' />
    <nd ref='4110225956' />
    <tag k='barrier' v='fence' />
    <tag k='fence_type' v='metal' />
  </way>
  <way id='119547159' timestamp='2016-07-01T22:34:11Z' uid='1468043' user='jengelh' version='2' changeset='40429514'>
    <nd ref='1023077404' />
    <nd ref='1342917301' />
    <nd ref='1023077478' />
    <nd ref='4110225967' />
    <tag k='barrier' v='fence' />
  </way>
  <way id='122242017' action='modify' timestamp='2026-01-03T16:17:17Z' uid='18511019' user='Senihtu' version='11' changeset='176788533'>
    <nd ref='1366587831' />
    <nd ref='-33005' />
    <nd ref='13363579470' />
    <nd ref='13363579471' />
    <nd ref='13363579472' />
    <nd ref='13363579476' />
    <nd ref='3938290982' />
    <nd ref='13363579475' />
    <nd ref='13363579474' />
    <nd ref='13363579473' />
    <nd ref='3938290981' />
    <nd ref='3938290980' />
    <nd ref='13363579454' />
    <nd ref='13363579456' />
    <nd ref='13363579457' />
    <nd ref='13363579455' />
    <nd ref='13363579458' />
    <nd ref='13363579460' />
    <nd ref='13363579461' />
    <nd ref='13363579459' />
    <nd ref='13363579462' />
    <nd ref='13363579464' />
    <nd ref='13363579465' />
    <nd ref='13363579463' />
    <nd ref='13363579466' />
    <nd ref='13363579469' />
    <nd ref='13363579468' />
    <nd ref='13363579467' />
    <nd ref='3938290984' />
    <nd ref='3938290986' />
    <nd ref='3938290989' />
    <nd ref='3938290988' />
    <nd ref='3938290993' />
    <nd ref='3938290994' />
    <nd ref='3938290999' />
    <nd ref='3938291000' />
    <nd ref='3938290998' />
    <nd ref='3938290996' />
    <nd ref='3938290995' />
    <nd ref='3938290992' />
    <nd ref='13363579451' />
    <nd ref='13363579450' />
    <nd ref='3938290997' />
    <nd ref='13363579449' />
    <nd ref='13363579448' />
    <nd ref='1366587831' />
    <tag k='addr:city' v='Göttingen' />
    <tag k='addr:country' v='DE' />
    <tag k='addr:housenumber' v='6' />
    <tag k='addr:place' v='Jonaplatz' />
    <tag k='addr:postcode' v='37081' />
    <tag k='addr:suburb' v='Grone' />
    <tag k='architect' v='Brütt und Matthies' />
    <tag k='building' v='commercial' />
    <tag k='roof:shape' v='pyramidal' />
  </way>
  <way id='150849765' timestamp='2016-01-27T13:31:42Z' uid='16256' user='patzi' version='4' changeset='36837041'>
    <nd ref='1637147733' />
    <nd ref='3971084863' />
    <nd ref='1829574013' />
    <nd ref='1637147684' />
    <nd ref='1637147678' />
    <nd ref='1829574004' />
    <nd ref='1637147723' />
    <nd ref='1637147733' />
    <tag k='building:levels' v='1' />
    <tag k='building:min_level' v='1' />
    <tag k='building:part' v='yes' />
    <tag k='roof:levels' v='1' />
    <tag k='roof:material' v='roof_tiles' />
    <tag k='roof:shape' v='gabled' />
  </way>
  <way id='150849776' timestamp='2016-01-27T13:31:43Z' uid='16256' user='patzi' version='4' changeset='36837041'>
    <nd ref='1637147632' />
    <nd ref='1637147643' />
    <nd ref='1829573999' />
    <nd ref='3971083848' />
    <nd ref='3971083843' />
    <nd ref='1637147582' />
    <nd ref='3971083819' />
    <nd ref='1637147563' />
    <nd ref='1829573998' />
    <nd ref='1637147632' />
    <tag k='building:levels' v='1' />
    <tag k='building:min_level' v='1' />
    <tag k='building:part' v='yes' />
    <tag k='roof:levels' v='1' />
    <tag k='roof:material' v='roof_tiles' />
    <tag k='roof:shape' v='gabled' />
  </way>
  <way id='150849851' timestamp='2024-04-13T05:30:20Z' uid='173981' user='biketeur' version='12' changeset='149936106'>
    <nd ref='1637148255' />
    <nd ref='2460695206' />
    <nd ref='3915392482' />
    <nd ref='3915392479' />
    <nd ref='3915392478' />
    <nd ref='2460695212' />
    <nd ref='1637148244' />
    <nd ref='2460695213' />
    <nd ref='2460695215' />
    <nd ref='2460695217' />
    <nd ref='2460695216' />
    <nd ref='1637148189' />
    <nd ref='2460695220' />
    <nd ref='2460695219' />
    <nd ref='1637148212' />
    <nd ref='1637148251' />
    <nd ref='3915395668' />
    <nd ref='1637148255' />
    <tag k='addr:city' v='Göttingen' />
    <tag k='addr:country' v='DE' />
    <tag k='addr:housenumber' v='19' />
    <tag k='addr:postcode' v='37081' />
    <tag k='addr:street' v='Deisterstraße' />
    <tag k='addr:suburb' v='Grone' />
    <tag k='building' v='apartments' />
    <tag k='building:levels' v='4' />
    <tag k='operator' v='LEG Immobilien' />
    <tag k='roof:levels' v='0' />
    <tag k='roof:shape' v='flat' />
  </way>
  <way id='150849859' timestamp='2018-04-09T10:36:27Z' uid='1624486' user='thetornado76' version='3' changeset='57936782'>
    <nd ref='2509897210' />
    <nd ref='1637148258' />
    <nd ref='1637148198' />
    <nd ref='2509897203' />
    <nd ref='2509897210' />
    <tag k='amenity' v='parking' />
    <tag k='parking' v='surface' />
  </way>
  <way id='150849862' timestamp='2025-03-13T09:16:06Z' uid='1468043' user='jengelh' version='8' changeset='163560956'>
    <nd ref='1637148074' />
    <nd ref='4110090269' />
    <nd ref='6275555056' />
    <nd ref='6275555055' />
    <nd ref='6275555060' />
    <nd ref='6275555059' />
    <nd ref='6275555064' />
    <nd ref='6275555063' />
    <nd ref='6275555068' />
    <nd ref='6275555067' />
    <nd ref='12658147663' />
    <nd ref='12658147662' />
    <nd ref='12658147659' />
    <nd ref='12658147658' />
    <nd ref='1637147965' />
    <nd ref='1637147944' />
    <nd ref='12658147657' />
    <nd ref='12658147656' />
    <nd ref='12658147661' />
    <nd ref='12658147660' />
    <nd ref='6275555070' />
    <nd ref='6275555069' />
    <nd ref='6275555066' />
    <nd ref='6275555065' />
    <nd ref='6275555062' />
    <nd ref='6275555061' />
    <nd ref='6275555058' />
    <nd ref='6275555057' />
    <nd ref='1637148074' />
    <tag k='amenity' v='parking' />
    <tag k='orientation' v='perpendicular' />
    <tag k='parking' v='street_side' />
    <tag k='surface' v='asphalt' />
  </way>
  <way id='151576256' timestamp='2020-04-04T21:34:37Z' uid='1468043' user='jengelh' version='10' changeset='83083781'>
    <nd ref='1644022517' />
    <nd ref='1644022511' />
    <nd ref='1644022514' />
    <nd ref='1644022520' />
    <nd ref='1829574014' />
    <nd ref='1829574019' />
    <nd ref='1644022517' />
    <tag k='addr:city' v='Göttingen' />
    <tag k='addr:country' v='DE' />
    <tag k='addr:housenumber' v='1' />
    <tag k='addr:postcode' v='37081' />
    <tag k='addr:street' v='Sollingstraße' />
    <tag k='addr:suburb' v='Grone' />
    <tag k='building' v='school' />
    <tag k='roof:material' v='roof_tiles' />
    <tag k='roof:shape' v='gabled' />
    <tag k='survey:date' v='2015-06-15' />
  </way>
  <way id='151576262' timestamp='2025-04-19T10:34:07Z' uid='1468043' user='jengelh' version='10' changeset='165147310'>
    <nd ref='1644022534' />
    <nd ref='1644022531' />
    <nd ref='2503372254' />
    <nd ref='2503372250' />
    <nd ref='2503372260' />
    <nd ref='2503372261' />
    <nd ref='1644022538' />
    <nd ref='1644022540' />
    <nd ref='3970438725' />
    <nd ref='1644022534' />
    <tag k='addr:city' v='Göttingen' />
    <tag k='addr:country' v='DE' />
    <tag k='addr:housenumber' v='10' />
    <tag k='addr:postcode' v='37081' />
    <tag k='addr:street' v='Deisterstraße' />
    <tag k='addr:suburb' v='Grone' />
    <tag k='amenity' v='community_centre' />
    <tag k='building' v='yes' />
    <tag k='community_centre:for' v='multigeneration' />
    <tag k='contact:fax' v='+49 551 38481213' />
    <tag k='contact:phone' v='+49 551 3848120' />
    <tag k='contact:website' v='https://www.nachbarschaftszentrum-grone.de/' />
    <tag k='name' v='Mehrgenerationenhaus - Nachbarschaftszentrum für alle Groner' />
    <tag k='operator' v='Nachbarschaftszentrum Grone e. V.' />
    <tag k='roof:shape' v='gabled' />
    <tag k='start_date' v='1997' />
    <tag k='wheelchair' v='yes' />
  </way>
  <way id='151576271' timestamp='2025-08-23T13:18:45Z' uid='1468043' user='jengelh' version='4' changeset='170880560'>
    <nd ref='1644022549' />
    <nd ref='2457004470' />
    <tag k='highway' v='service' />
    <tag k='service' v='parking_aisle' />
    <tag k='sidewalk' v='separate' />
    <tag k='surface' v='concrete' />
  </way>
  <way id='151576278' timestamp='2025-08-23T13:18:45Z' uid='1468043' user='jengelh' version='4' changeset='170880560'>
    <nd ref='2457004469' />
    <nd ref='1644022545' />
    <tag k='highway' v='service' />
    <tag k='service' v='parking_aisle' />
    <tag k='sidewalk' v='separate' />
    <tag k='surface' v='concrete' />
  </way>
  <way id='151576280' timestamp='2020-09-29T06:51:08Z' uid='1468043' user='jengelh' version='6' changeset='91684515'>
    <nd ref='664446401' />
    <nd ref='4839101109' />
    <nd ref='3968670258' />
    <nd ref='1644022504' />
    <nd ref='4352653224' />
    <tag k='highway' v='service' />
    <tag k='lit' v='yes' />
    <tag k='sidewalk' v='no' />
    <tag k='surface' v='paving_stones' />
  </way>
  <way id='151576282' timestamp='2020-09-29T06:51:08Z' uid='1468043' user='jengelh' version='6' changeset='91684515'>
    <nd ref='370630949' />
    <nd ref='4110194577' />
    <nd ref='2503344499' />
    <nd ref='2503344506' />
    <tag k='highway' v='footway' />
    <tag k='lit' v='yes' />
    <tag k='snowplowing:category' v='-' />
    <tag k='surface' v='paved' />
  </way>
  <way id='151576295' timestamp='2025-08-23T13:18:45Z' uid='1468043' user='jengelh' version='3' changeset='170880560'>
    <nd ref='13092496232' />
    <nd ref='13092496221' />
    <nd ref='13092496222' />
    <nd ref='13092496223' />
    <nd ref='13092496224' />
    <nd ref='13092496225' />
    <nd ref='13092496226' />
    <nd ref='13092496227' />
    <nd ref='13092496228' />
    <nd ref='13092496229' />
    <nd ref='13092496233' />
    <nd ref='1644022533' />
    <nd ref='1644022539' />
    <nd ref='13092493577' />
    <nd ref='4110090273' />
    <nd ref='1644022553' />
    <nd ref='13092493574' />
    <nd ref='13092493575' />
    <nd ref='13092493590' />
    <nd ref='13092493585' />
    <nd ref='13092493586' />
    <nd ref='13092493587' />
    <nd ref='13092493591' />
    <nd ref='13092493588' />
    <nd ref='13092493578' />
    <nd ref='13092496231' />
    <nd ref='13092496232' />
    <tag k='access' v='private' />
    <tag k='amenity' v='parking' />
    <tag k='capacity' v='32' />
    <tag k='orientation' v='perpendicular' />
    <tag k='parking' v='surface' />
    <tag k='surface' v='concrete' />
  </way>
  <way id='151576296' timestamp='2025-08-27T19:19:09Z' uid='3199858' user='Mateusz Konieczny - bot account' version='9' changeset='171101054'>
    <nd ref='13094131820' />
    <nd ref='13094131823' />
    <nd ref='13094131822' />
    <nd ref='13094131848' />
    <nd ref='13094131833' />
    <nd ref='13094131832' />
    <nd ref='13094131831' />
    <nd ref='13094131830' />
    <nd ref='13094131829' />
    <nd ref='13094131852' />
    <nd ref='13094131851' />
    <nd ref='13094131819' />
    <nd ref='13094131818' />
    <nd ref='13094131817' />
    <nd ref='13094131816' />
    <nd ref='13094131856' />
    <nd ref='13094131855' />
    <nd ref='13094131811' />
    <nd ref='13094131810' />
    <nd ref='13094131809' />
    <nd ref='13094131808' />
    <nd ref='13094131807' />
    <nd ref='13094131860' />
    <nd ref='13094131859' />
    <nd ref='13094131801' />
    <nd ref='13094131800' />
    <nd ref='13094131799' />
    <nd ref='13094131798' />
    <nd ref='13094131797' />
    <nd ref='1644022586' />
    <nd ref='4582580651' />
    <nd ref='1644022585' />
    <nd ref='13094131792' />
    <nd ref='13094131793' />
    <nd ref='13094131794' />
    <nd ref='13094131795' />
    <nd ref='13094131796' />
    <nd ref='13094131862' />
    <nd ref='13094131861' />
    <nd ref='13094131802' />
    <nd ref='13094131803' />
    <nd ref='13094131804' />
    <nd ref='13094131805' />
    <nd ref='13094131806' />
    <nd ref='13094131858' />
    <nd ref='13094131857' />
    <nd ref='13094131812' />
    <nd ref='13094131813' />
    <nd ref='13094131814' />
    <nd ref='13094131815' />
    <nd ref='13094131854' />
    <nd ref='13094131853' />
    <nd ref='13094131824' />
    <nd ref='13094131825' />
    <nd ref='13094131826' />
    <nd ref='13094131827' />
    <nd ref='13094131828' />
    <nd ref='13094131834' />
    <nd ref='13094131850' />
    <nd ref='13094131849' />
    <nd ref='13094131845' />
    <nd ref='13094131844' />
    <nd ref='13094131842' />
    <nd ref='13094131841' />
    <nd ref='13094131840' />
    <nd ref='13094131839' />
    <nd ref='1644022555' />
    <nd ref='1644022556' />
    <nd ref='13094131835' />
    <nd ref='13094131836' />
    <nd ref='13094131837' />
    <nd ref='13094131838' />
    <nd ref='13094131843' />
    <nd ref='13094131821' />
    <nd ref='13094131820' />
    <tag k='amenity' v='parking' />
    <tag k='capacity' v='28' />
    <tag k='fee' v='no' />
    <tag k='orientation' v='perpendicular' />
    <tag k='parking' v='street_side' />
    <tag k='surface' v='asphalt' />
  </way>
  <way id='151576299' timestamp='2020-04-04T21:34:37Z' uid='1468043' user='jengelh' version='3' changeset='83083781'>
    <nd ref='1644022493' />
    <nd ref='1644022478' />
    <nd ref='1644022477' />
    <nd ref='1644022486' />
    <nd ref='3968668922' />
    <nd ref='7367569514' />
    <nd ref='1644022493' />
    <tag k='amenity' v='parking' />
  </way>
  <way id='171999617' timestamp='2016-01-27T13:31:43Z' uid='16256' user='patzi' version='2' changeset='36837041'>
    <nd ref='1637147769' />
    <nd ref='1829574022' />
    <nd ref='1829574013' />
    <nd ref='3971084863' />
    <nd ref='3971084861' />
    <nd ref='1637147678' />
    <nd ref='1637147632' />
    <nd ref='3971083821' />
    <nd ref='3971083826' />
    <nd ref='3971083843' />
    <nd ref='3971083848' />
    <nd ref='1829573999' />
    <nd ref='3971083853' />
    <nd ref='1829574001' />
    <nd ref='1829574003' />
    <nd ref='1829574009' />
    <nd ref='3971083842' />
    <nd ref='3971083851' />
    <nd ref='1637147686' />
    <nd ref='3971084860' />
    <nd ref='3971084862' />
    <nd ref='1637147740' />
    <nd ref='1637147742' />
    <nd ref='1829574028' />
    <nd ref='1829574034' />
    <nd ref='3971084867' />
    <nd ref='3971084866' />
    <nd ref='1829574018' />
    <nd ref='3971083856' />
    <nd ref='3971083838' />
    <nd ref='3971083825' />
    <nd ref='3971083828' />
    <nd ref='3971083835' />
    <nd ref='3971083839' />
    <nd ref='3971083849' />
    <nd ref='3971084858' />
    <nd ref='3971084864' />
    <nd ref='3971084869' />
    <nd ref='3971084872' />
    <nd ref='3971084874' />
    <nd ref='1829574038' />
    <nd ref='1829574036' />
    <nd ref='3971084868' />
    <nd ref='1829574032' />
    <nd ref='1829574030' />
    <nd ref='1829574026' />
    <nd ref='1637147769' />
    <tag k='building:levels' v='1' />
    <tag k='building:part' v='yes' />
    <tag k='roof:shape' v='flat' />
  </way>
  <way id='236995082' timestamp='2025-08-23T13:18:45Z' uid='1468043' user='jengelh' version='15' changeset='170880560'>
    <nd ref='6275554990' />
    <nd ref='4110090795' />
    <nd ref='4110090793' />
    <nd ref='2457004473' />
    <nd ref='2457004472' />
    <nd ref='3915391124' />
    <nd ref='2457004471' />
    <nd ref='5843414914' />
    <nd ref='3915391099' />
    <nd ref='2457004470' />
    <nd ref='5843414911' />
    <nd ref='2457004469' />
    <nd ref='3915391095' />
    <nd ref='5843414909' />
    <nd ref='5843414904' />
    <nd ref='3915391093' />
    <nd ref='146249121' />
    <tag k='highway' v='residential' />
    <tag k='lit' v='yes' />
    <tag k='maxspeed' v='30' />
    <tag k='name' v='Elmweg' />
    <tag k='sidewalk' v='both' />
    <tag k='snowplowing:category' v='C' />
    <tag k='source:maxspeed' v='DE:zone30' />
    <tag k='surface' v='asphalt' />
  </way>
  <way id='237414594' timestamp='2022-01-04T21:00:34Z' uid='1468043' user='jengelh' version='9' changeset='115771698'>
    <nd ref='2453165856' />
    <nd ref='2453165871' />
    <nd ref='2453165870' />
    <nd ref='3915391145' />
    <nd ref='3915391140' />
    <nd ref='3915391139' />
    <nd ref='2453165869' />
    <nd ref='2453165868' />
    <nd ref='3915391112' />
    <nd ref='3915391106' />
    <nd ref='3915391104' />
    <nd ref='2453165866' />
    <nd ref='3915391097' />
    <nd ref='2453165867' />
    <nd ref='3915391102' />
    <nd ref='3915391101' />
    <nd ref='3915391105' />
    <nd ref='2453165865' />
    <nd ref='2453165864' />
    <nd ref='2453165863' />
    <nd ref='4352984361' />
    <nd ref='2453165862' />
    <nd ref='2453165861' />
    <nd ref='2453165860' />
    <nd ref='2453165859' />
    <nd ref='4352984383' />
    <nd ref='2453165858' />
    <nd ref='3915392460' />
    <nd ref='3915392461' />
    <nd ref='2453165857' />
    <nd ref='4110090804' />
    <nd ref='2453165856' />
    <tag k='building' v='apartments' />
    <tag k='operator' v='LEG Immobilien' />
    <tag k='roof:shape' v='flat' />
    <tag k='source' v='hi-res aerial imagery' />
  </way>
  <way id='238239604' timestamp='2025-08-23T13:18:45Z' uid='1468043' user='jengelh' version='16' changeset='170880560'>
    <nd ref='4265894799' />
    <nd ref='3309531113' />
    <nd ref='4266028726' />
    <nd ref='1342917257' />
    <nd ref='4110165906' />
    <nd ref='149443631' />
    <nd ref='13092496383' />
    <nd ref='3309531114' />
    <nd ref='364143462' />
    <nd ref='4110165912' />
    <nd ref='2503344453' />
    <nd ref='364143466' />
    <nd ref='364143468' />
    <nd ref='7357324160' />
    <nd ref='364143470' />
    <nd ref='4110165913' />
    <nd ref='146249114' />
    <nd ref='364143472' />
    <nd ref='4110194527' />
    <nd ref='146249116' />
    <nd ref='2503344480' />
    <nd ref='664446401' />
    <tag k='highway' v='residential' />
    <tag k='lit' v='yes' />
    <tag k='maxspeed' v='30' />
    <tag k='name' v='Sollingstraße' />
    <tag k='sidewalk:left' v='yes' />
    <tag k='sidewalk:right' v='separate' />
    <tag k='snowplowing:category' v='A' />
    <tag k='source:maxspeed' v='DE:zone30' />
    <tag k='surface' v='asphalt' />
  </way>
  <way id='242888811' timestamp='2023-10-31T14:31:24Z' uid='1468043' user='jengelh' version='9' changeset='143424791'>
    <nd ref='2503344485' />
    <nd ref='2503344481' />
    <nd ref='2503344479' />
    <nd ref='2503344473' />
    <nd ref='2503344475' />
    <nd ref='2503344469' />
    <nd ref='427547210' />
    <nd ref='2503344472' />
    <nd ref='2503344476' />
    <nd ref='2503344478' />
    <nd ref='11302503257' />
    <nd ref='2503344484' />
    <nd ref='2503344483' />
    <nd ref='2503344486' />
    <nd ref='2503344485' />
    <tag k='addr:city' v='Göttingen' />
    <tag k='addr:country' v='DE' />
    <tag k='addr:housenumber' v='2c' />
    <tag k='addr:postcode' v='37081' />
    <tag k='addr:street' v='Sollingstraße' />
    <tag k='addr:suburb' v='Grone' />
    <tag k='building' v='apartments' />
    <tag k='operator' v='LEG Immobilien' />
    <tag k='roof:shape' v='flat' />
    <tag k='source' v='hi-res aerial imagery' />
    <tag k='start_date' v='1977' />
  </way>
  <way id='242888815' timestamp='2025-08-24T08:56:54Z' uid='1468043' user='jengelh' version='7' changeset='170912722'>
    <nd ref='2503344527' />
    <nd ref='3970438727' />
    <nd ref='4352985391' />
    <nd ref='4352985417' />
    <nd ref='2503344551' />
    <nd ref='2503344555' />
    <nd ref='2503344556' />
    <nd ref='2503344559' />
    <nd ref='2503344561' />
    <nd ref='2503344562' />
    <nd ref='13094026840' />
    <nd ref='2503344560' />
    <nd ref='2503344558' />
    <nd ref='2503344557' />
    <nd ref='2503344554' />
    <nd ref='2503344553' />
    <nd ref='2503344551' />
    <tag k='highway' v='footway' />
    <tag k='lit' v='yes' />
    <tag k='source' v='survey 2013-10-20' />
    <tag k='surface' v='asphalt' />
  </way>
  <way id='242888816' timestamp='2020-09-29T06:51:08Z' uid='1468043' user='jengelh' version='4' changeset='91684515'>
    <nd ref='2503344499' />
    <nd ref='370630932' />
    <tag k='highway' v='footway' />
    <tag k='lit' v='yes' />
    <tag k='snowplowing:category' v='-' />
    <tag k='surface' v='paved' />
  </way>
  <way id='242888819' timestamp='2022-02-07T07:21:19Z' uid='12947456' user='hades0299' version='6' changeset='117105269'>
    <nd ref='2503344525' />
    <nd ref='2503344527' />
    <nd ref='1342917291' />
    <tag k='highway' v='footway' />
    <tag k='lit' v='yes' />
    <tag k='source' v='survey 2013-10-20' />
    <tag k='surface' v='asphalt' />
  </way>
  <way id='242892518' timestamp='2026-01-02T18:37:50Z' uid='18511019' user='Senihtu' version='8' changeset='176756332'>
    <nd ref='2503372258' />
    <nd ref='2503372251' />
    <nd ref='2503372248' />
    <nd ref='2503372244' />
    <nd ref='2503372245' />
    <nd ref='2503372255' />
    <nd ref='2503372259' />
    <nd ref='2503372257' />
    <nd ref='2503372262' />
    <nd ref='370630926' />
    <nd ref='2503372256' />
    <nd ref='2503372196' />
    <nd ref='6275555214' />
    <nd ref='6275555213' />
    <nd ref='2503372213' />
    <nd ref='2503372237' />
    <nd ref='2503372242' />
    <nd ref='2503372258' />
    <tag k='leisure' v='park' />
    <tag k='name' v='Jonaplatz' />
    <tag k='place' v='square' />
    <tag k='source' v='hi-res aerial imagery;survey 2013-10-20' />
  </way>
  <way id='242892521' timestamp='2017-03-09T16:17:18Z' uid='1468043' user='jengelh' version='6' changeset='46714007'>
    <nd ref='2503372185' />
    <nd ref='2503372182' />
    <nd ref='2503372183' />
    <nd ref='2503372188' />
    <nd ref='2503372185' />
    <tag k='architect' v='Eberhard Ludewig' />
    <tag k='building' v='yes' />
    <tag k='roof:shape' v='flat' />
    <tag k='start_date' v='1975' />
  </way>
  <way id='242892524' timestamp='2025-08-23T13:18:45Z' uid='1468043' user='jengelh' version='7' changeset='170880560'>
    <nd ref='427547185' />
    <nd ref='2503372061' />
    <nd ref='2503372066' />
    <nd ref='2503372011' />
    <nd ref='2503371999' />
    <nd ref='2503371964' />
    <nd ref='2503371976' />
    <nd ref='427547186' />
    <nd ref='2503371926' />
    <nd ref='364143461' />
    <nd ref='13092496465' />
    <nd ref='13092496464' />
    <nd ref='13092496463' />
    <nd ref='13092496462' />
    <nd ref='13092496461' />
    <nd ref='13092496460' />
    <nd ref='13092496459' />
    <nd ref='364143458' />
    <nd ref='13092496467' />
    <nd ref='13092496485' />
    <nd ref='13092496484' />
    <nd ref='13092496451' />
    <nd ref='13092496450' />
    <nd ref='13092496445' />
    <nd ref='12398310537' />
    <nd ref='2503372147' />
    <nd ref='2503372152' />
    <nd ref='428739761' />
    <nd ref='428739760' />
    <nd ref='428739767' />
    <nd ref='2915628059' />
    <nd ref='428739766' />
    <nd ref='428739765' />
    <nd ref='2503344486' />
    <nd ref='2503344485' />
    <nd ref='2503372168' />
    <nd ref='2503372165' />
    <nd ref='2503372080' />
    <nd ref='2503371938' />
    <nd ref='2503371860' />
    <nd ref='4265888875' />
    <nd ref='13092448428' />
    <nd ref='2503371864' />
    <nd ref='2503371880' />
    <nd ref='2503371876' />
    <nd ref='2503371907' />
    <nd ref='427547193' />
    <nd ref='427547194' />
    <nd ref='427547195' />
    <nd ref='4265894815' />
    <nd ref='2503371928' />
    <nd ref='427547196' />
    <nd ref='2503371932' />
    <nd ref='2503371936' />
    <nd ref='427547197' />
    <nd ref='427547198' />
    <nd ref='2503371995' />
    <nd ref='2503371982' />
    <nd ref='2503371992' />
    <nd ref='2503372002' />
    <nd ref='2503372014' />
    <nd ref='2503372017' />
    <nd ref='2503372041' />
    <nd ref='2503372044' />
    <nd ref='2503372055' />
    <nd ref='2503372029' />
    <nd ref='2503372049' />
    <nd ref='2503372063' />
    <nd ref='4043586021' />
    <nd ref='2503372077' />
    <nd ref='2503372069' />
    <nd ref='2503372072' />
    <nd ref='2503372091' />
    <nd ref='427547185' />
    <tag k='landuse' v='grass' />
    <tag k='source' v='hi-res aerial imagery' />
  </way>
  <way id='242892526' timestamp='2016-04-09T20:48:38Z' uid='1468043' user='jengelh' version='4' changeset='38438082'>
    <nd ref='2503372080' />
    <nd ref='2503372165' />
    <nd ref='2503372168' />
    <nd ref='2503344485' />
    <nd ref='2503344486' />
    <nd ref='428739765' />
    <nd ref='428739764' />
    <nd ref='2503372193' />
    <nd ref='2503372194' />
    <nd ref='2503372196' />
    <nd ref='4030496548' />
    <nd ref='4030496556' />
    <nd ref='4110194554' />
    <nd ref='4030496553' />
    <nd ref='4030496552' />
    <nd ref='2503372190' />
    <nd ref='2503372181' />
    <nd ref='2503372176' />
    <nd ref='827282032' />
    <nd ref='4030486630' />
    <nd ref='4030486626' />
    <nd ref='4030486624' />
    <nd ref='2503372145' />
    <nd ref='2503372148' />
    <nd ref='2503372141' />
    <nd ref='2503372139' />
    <nd ref='827282062' />
    <nd ref='2503372117' />
    <nd ref='2503372099' />
    <nd ref='2503372080' />
    <tag k='leisure' v='park' />
    <tag k='source' v='survey 2013-10-20' />
  </way>
  <way id='242893571' timestamp='2025-08-23T21:22:30Z' uid='1468043' user='jengelh' version='9' changeset='170900545'>
    <nd ref='4030496552' />
    <nd ref='2503372190' />
    <nd ref='2503372181' />
    <nd ref='2503372176' />
    <nd ref='827282032' />
    <nd ref='4030486630' />
    <nd ref='4030486626' />
    <nd ref='4030486624' />
    <nd ref='2503372145' />
    <nd ref='2503372148' />
    <nd ref='2503372141' />
    <nd ref='2503372139' />
    <nd ref='827282062' />
    <nd ref='2503372117' />
    <nd ref='2503372169' />
    <nd ref='4030595625' />
    <nd ref='2503372150' />
    <nd ref='4030595620' />
    <nd ref='2503383030' />
    <nd ref='4030595621' />
    <nd ref='4030595623' />
    <nd ref='4030595632' />
    <nd ref='2503383036' />
    <nd ref='4030595634' />
    <nd ref='2503383033' />
    <nd ref='2503383034' />
    <nd ref='2503383035' />
    <nd ref='4030595656' />
    <nd ref='2503383066' />
    <nd ref='4030595662' />
    <nd ref='2503383091' />
    <nd ref='2503383095' />
    <nd ref='2503383093' />
    <nd ref='2503383090' />
    <nd ref='2503383084' />
    <nd ref='2503383081' />
    <nd ref='4030595653' />
    <nd ref='4030595652' />
    <nd ref='2503383047' />
    <nd ref='2503383048' />
    <nd ref='2503383049' />
    <nd ref='13092448135' />
    <nd ref='13092448136' />
    <nd ref='13092448137' />
    <nd ref='13092448138' />
    <nd ref='13092448139' />
    <nd ref='2503344510' />
    <nd ref='13092448140' />
    <nd ref='13092448141' />
    <nd ref='13092448142' />
    <nd ref='13092448143' />
    <nd ref='13092448144' />
    <nd ref='13092448145' />
    <nd ref='13092448146' />
    <nd ref='13092448147' />
    <nd ref='13092448148' />
    <nd ref='1020389579' />
    <nd ref='13092448131' />
    <nd ref='13092448132' />
    <nd ref='2503383169' />
    <nd ref='2503383167' />
    <nd ref='2503383171' />
    <nd ref='2503383177' />
    <nd ref='13093131944' />
    <nd ref='2503383180' />
    <nd ref='2503383185' />
    <nd ref='13093131948' />
    <nd ref='13093131947' />
    <nd ref='13093131946' />
    <nd ref='2503383193' />
    <nd ref='827282092' />
    <nd ref='827282082' />
    <nd ref='827282055' />
    <nd ref='2503383189' />
    <nd ref='2503383195' />
    <nd ref='2503383202' />
    <nd ref='13093131823' />
    <nd ref='13093131822' />
    <nd ref='13093131821' />
    <nd ref='13093131820' />
    <nd ref='13093131819' />
    <nd ref='13093131818' />
    <nd ref='13093131817' />
    <nd ref='2503383211' />
    <nd ref='13093131814' />
    <nd ref='2503383206' />
    <nd ref='2503383209' />
    <nd ref='2503383210' />
    <nd ref='7279481646' />
    <nd ref='7279481647' />
    <nd ref='7279481650' />
    <nd ref='7279481651' />
    <nd ref='2503383114' />
    <nd ref='2503383071' />
    <nd ref='2503383058' />
    <nd ref='2503383045' />
    <nd ref='4030496542' />
    <nd ref='4030496543' />
    <nd ref='4030496552' />
    <tag k='landuse' v='grass' />
    <tag k='source' v='hi-res aerial imagery' />
  </way>
  <way id='288010903' timestamp='2026-01-03T16:17:17Z' uid='18511019' user='Senihtu' version='12' changeset='176788533'>
    <nd ref='1644022513' />
    <nd ref='2915628059' />
    <nd ref='428739767' />
    <nd ref='428739768' />
    <nd ref='4253342669' />
    <nd ref='1644022513' />
    <tag k='addr:city' v='Göttingen' />
    <tag k='addr:country' v='DE' />
    <tag k='addr:housenumber' v='3' />
    <tag k='addr:place' v='Jonaplatz' />
    <tag k='addr:postcode' v='37081' />
    <tag k='addr:suburb' v='Grone' />
    <tag k='architect' v='Eberhard Ludewig' />
    <tag k='building' v='apartments' />
    <tag k='roof:shape' v='flat' />
    <tag k='source' v='landsat, knowledge, extrapolation' />
    <tag k='start_date' v='1975' />
  </way>
  <way id='288010905' timestamp='2021-12-20T16:18:08Z' uid='1468043' user='jengelh' version='10' changeset='115173160'>
    <nd ref='428739768' />
    <nd ref='428739763' />
    <nd ref='428739770' />
    <nd ref='4110194539' />
    <nd ref='428739771' />
    <nd ref='428739759' />
    <nd ref='4253342652' />
    <nd ref='428739756' />
    <nd ref='428739755' />
    <nd ref='2503372206' />
    <nd ref='428739750' />
    <nd ref='2503372208' />
    <nd ref='428739751' />
    <nd ref='2503372191' />
    <nd ref='2503372192' />
    <nd ref='2503372195' />
    <nd ref='2503372267' />
    <nd ref='2503372266' />
    <nd ref='2503372263' />
    <nd ref='2503372258' />
    <nd ref='2503372242' />
    <nd ref='2503372237' />
    <nd ref='2503372213' />
    <nd ref='6275555213' />
    <nd ref='6275555214' />
    <nd ref='2503372196' />
    <nd ref='2503372194' />
    <nd ref='428739769' />
    <nd ref='1644022515' />
    <nd ref='2503372189' />
    <nd ref='2503372187' />
    <nd ref='1644022513' />
    <nd ref='4253342669' />
    <nd ref='428739768' />
  </way>
  <way id='288010906' timestamp='2025-08-24T09:51:00Z' uid='1468043' user='jengelh' version='4' changeset='170914867'>
    <nd ref='2503372267' />
    <nd ref='2503372271' />
    <nd ref='2503372270' />
    <nd ref='2503372269' />
    <nd ref='2503372268' />
    <nd ref='13094131977' />
    <nd ref='13094131980' />
    <nd ref='13094131976' />
    <nd ref='13094131973' />
    <nd ref='13094131966' />
    <nd ref='13094131965' />
    <nd ref='13094131964' />
    <nd ref='13094131963' />
    <nd ref='13094131962' />
    <nd ref='13094131961' />
    <nd ref='2503372264' />
    <nd ref='2503372265' />
    <nd ref='2503372262' />
    <nd ref='2503372257' />
    <nd ref='2503372259' />
    <nd ref='2503372255' />
    <nd ref='2503372245' />
    <nd ref='2503372244' />
    <nd ref='2503372248' />
    <nd ref='2503372251' />
    <nd ref='2503372258' />
    <nd ref='2503372263' />
    <nd ref='2503372266' />
    <nd ref='2503372267' />
    <tag k='landuse' v='grass' />
    <tag k='source' v='hi-res aerial imagery' />
  </way>
  <way id='324228262' timestamp='2015-01-25T13:09:02Z' uid='1468043' user='jengelh' version='1' changeset='28395091'>
    <nd ref='3309531139' />
    <nd ref='3309531136' />
    <nd ref='3309531137' />
    <nd ref='3309531140' />
    <nd ref='3309531139' />
    <tag k='building' v='roof' />
  </way>
  <way id='353613404' timestamp='2024-06-06T15:48:06Z' uid='438127' user='Kays' version='8' changeset='152338748'>
    <nd ref='3594280615' />
    <nd ref='3597344298' />
    <nd ref='3597344296' />
    <nd ref='3594280613' />
    <nd ref='7367569509' />
    <nd ref='3594280614' />
    <nd ref='3594280610' />
    <nd ref='3594280611' />
    <nd ref='3922425493' />
    <nd ref='3922425499' />
    <nd ref='3594280616' />
    <nd ref='3594280615' />
    <tag k='addr:city' v='Göttingen' />
    <tag k='addr:country' v='DE' />
    <tag k='addr:housenumber' v='1' />
    <tag k='addr:postcode' v='37081' />
    <tag k='addr:street' v='Sollingstraße' />
    <tag k='addr:suburb' v='Grone' />
    <tag k='amenity' v='school' />
    <tag k='contact:fax' v='+49 551 4005465' />
    <tag k='contact:phone' v='+49 551 4005641' />
    <tag k='contact:website' v='https://www.eks-goe.de/' />
    <tag k='name' v='Erich-Kästner-Schule' />
    <tag k='surveillance' v='yes' />
    <tag k='wheelchair' v='no' />
  </way>
  <way id='353626610' timestamp='2017-01-29T09:39:34Z' uid='1468043' user='jengelh' version='4' changeset='45615017'>
    <nd ref='3594384703' />
    <nd ref='3594384701' />
    <nd ref='3594384702' />
    <nd ref='3594384704' />
    <nd ref='3594384703' />
    <tag k='building' v='garage' />
    <tag k='building:levels' v='1' />
    <tag k='roof:shape' v='flat' />
  </way>
  <way id='353944198' timestamp='2019-10-27T10:57:50Z' uid='1468043' user='jengelh' version='4' changeset='76262935'>
    <nd ref='3597344298' />
    <nd ref='3597344296' />
    <nd ref='3597344297' />
    <nd ref='3597344299' />
    <nd ref='3597344298' />
    <tag k='building' v='service' />
    <tag k='building:levels' v='1' />
    <tag k='name' v='Station Sollingstraße' />
    <tag k='power' v='substation' />
    <tag k='substation' v='minor_distribution' />
    <tag k='survey:date' v='2015-06-15' />
  </way>
  <way id='388328012' timestamp='2024-04-13T05:30:20Z' uid='173981' user='biketeur' version='10' changeset='149936106'>
    <nd ref='3915391129' />
    <nd ref='4110090275' />
    <nd ref='3915391122' />
    <nd ref='3915391120' />
    <nd ref='3915391115' />
    <nd ref='3915391111' />
    <nd ref='3915391113' />
    <nd ref='3915391114' />
    <nd ref='3915391117' />
    <nd ref='3915391129' />
    <tag k='addr:city' v='Göttingen' />
    <tag k='addr:country' v='DE' />
    <tag k='addr:housenumber' v='20' />
    <tag k='addr:postcode' v='37081' />
    <tag k='addr:street' v='Elmweg' />
    <tag k='addr:suburb' v='Grone' />
    <tag k='building' v='apartments' />
    <tag k='building:levels' v='4' />
    <tag k='operator' v='Volksheimstätte eG' />
    <tag k='roof:levels' v='0' />
    <tag k='roof:shape' v='flat' />
    <tag k='source' v='hi-res aerial imagery' />
  </way>
  <way id='388328014' timestamp='2015-12-28T22:18:42Z' uid='1468043' user='jengelh' version='1' changeset='36230708'>
    <nd ref='2453165865' />
    <nd ref='3915391105' />
    <nd ref='3915391109' />
    <nd ref='3915391110' />
    <nd ref='2453165864' />
    <nd ref='2453165865' />
    <tag k='building' v='yes' />
    <tag k='source' v='hi-res aerial imagery' />
  </way>
  <way id='388328017' timestamp='2022-09-05T15:34:53Z' uid='12947456' user='hades0299' version='7' changeset='125820006'>
    <nd ref='3915391145' />
    <nd ref='3915391132' />
    <tag k='highway' v='footway' />
    <tag k='lit' v='yes' />
    <tag k='source' v='hi-res aerial imagery' />
    <tag k='surface' v='paving_stones' />
  </way>
  <way id='388328022' timestamp='2022-09-05T15:34:57Z' uid='12947456' user='hades0299' version='4' changeset='125820006'>
    <nd ref='3915391103' />
    <nd ref='3915391112' />
    <tag k='highway' v='footway' />
    <tag k='lit' v='yes' />
    <tag k='source' v='hi-res aerial imagery' />
    <tag k='surface' v='paving_stones' />
  </way>
  <way id='388328038' timestamp='2022-09-05T15:34:30Z' uid='12947456' user='hades0299' version='4' changeset='125820006'>
    <nd ref='3915391132' />
    <nd ref='3915391103' />
    <nd ref='3915391093' />
    <tag k='highway' v='footway' />
    <tag k='lit' v='yes' />
    <tag k='source' v='hi-res aerial imagery' />
    <tag k='surface' v='asphalt' />
  </way>
  <way id='388328044' timestamp='2017-01-30T15:29:56Z' uid='1468043' user='jengelh' version='3' changeset='45655031'>
    <nd ref='3915392475' />
    <nd ref='3915392466' />
    <nd ref='4352984386' />
    <nd ref='3915391142' />
    <nd ref='3915391141' />
    <tag k='highway' v='footway' />
    <tag k='source' v='hi-res aerial imagery' />
    <tag k='surface' v='paved' />
  </way>
  <way id='388328046' timestamp='2025-08-23T13:18:45Z' uid='1468043' user='jengelh' version='4' changeset='170880560'>
    <nd ref='3915391095' />
    <nd ref='3915391107' />
    <nd ref='3915391108' />
    <nd ref='13092493581' />
    <nd ref='4352984365' />
    <nd ref='3915391118' />
    <nd ref='3915391116' />
    <nd ref='3915391141' />
    <tag k='highway' v='footway' />
    <tag k='source' v='hi-res aerial imagery' />
    <tag k='surface' v='paved' />
  </way>
  <way id='388328051' timestamp='2016-04-09T19:43:44Z' uid='1468043' user='jengelh' version='2' changeset='38436565'>
    <nd ref='3915391099' />
    <nd ref='3915391119' />
    <nd ref='4110090274' />
    <nd ref='3915391125' />
    <nd ref='3915391126' />
    <nd ref='4110090790' />
    <nd ref='3915391153' />
    <nd ref='4110090791' />
    <tag k='highway' v='footway' />
    <tag k='source' v='hi-res aerial imagery' />
    <tag k='surface' v='paving_stones' />
  </way>
  <way id='388328061' timestamp='2025-08-23T13:18:45Z' uid='1468043' user='jengelh' version='3' changeset='170880560'>
    <nd ref='13092493591' />
    <nd ref='13092493587' />
    <nd ref='13092493586' />
    <nd ref='13092493585' />
    <nd ref='13092493590' />
    <nd ref='13092493575' />
    <nd ref='13092493574' />
    <nd ref='1644022553' />
    <nd ref='4110090273' />
    <nd ref='13092493577' />
    <nd ref='1644022539' />
    <nd ref='3915391128' />
    <nd ref='3915392473' />
    <nd ref='3915392484' />
    <nd ref='3915392487' />
    <nd ref='3915392514' />
    <nd ref='3915392500' />
    <nd ref='3915392497' />
    <nd ref='3915392493' />
    <nd ref='3915392496' />
    <nd ref='3915392494' />
    <nd ref='3915392490' />
    <nd ref='4110090819' />
    <nd ref='4110090812' />
    <nd ref='4110090810' />
    <nd ref='3915392463' />
    <nd ref='3915391094' />
    <nd ref='3915391096' />
    <nd ref='3915391097' />
    <nd ref='2453165867' />
    <nd ref='3915391098' />
    <nd ref='3915391109' />
    <nd ref='3915391110' />
    <nd ref='2453165864' />
    <nd ref='1644022546' />
    <nd ref='13092496232' />
    <nd ref='13092496231' />
    <nd ref='13092493578' />
    <nd ref='13092493588' />
    <nd ref='13092493591' />
    <tag k='landuse' v='grass' />
    <tag k='source' v='hi-res aerial imagery' />
  </way>
  <way id='390670618' timestamp='2025-12-09T12:59:18Z' uid='16354439' user='unni-geo' version='3' changeset='175712514'>
    <nd ref='3938290982' />
    <nd ref='13363579475' />
    <nd ref='13363579474' />
    <nd ref='13363579473' />
    <nd ref='3938290981' />
    <nd ref='3938290980' />
    <nd ref='13363579454' />
    <nd ref='13363579456' />
    <nd ref='13363579457' />
    <nd ref='13363579455' />
    <nd ref='13363579458' />
    <nd ref='13363579460' />
    <nd ref='13363579461' />
    <nd ref='13363579459' />
    <nd ref='13363579462' />
    <nd ref='13363579464' />
    <nd ref='13363579465' />
    <nd ref='13363579463' />
    <nd ref='13363579466' />
    <nd ref='13363579469' />
    <nd ref='13363579468' />
    <nd ref='13363579467' />
    <nd ref='3938290984' />
    <nd ref='3938290986' />
    <nd ref='3938290989' />
    <nd ref='3938290988' />
    <nd ref='3938290993' />
    <nd ref='3938290994' />
    <nd ref='3938290999' />
    <nd ref='3938291000' />
    <nd ref='3938290998' />
    <nd ref='3938290996' />
    <nd ref='3938290995' />
    <nd ref='3938290992' />
    <nd ref='3938290990' />
    <nd ref='3938290987' />
    <nd ref='3938290982' />
    <tag k='building:part' v='church' />
  </way>
  <way id='390670619' action='modify' timestamp='2025-12-09T12:59:18Z' uid='16354439' user='unni-geo' version='2' changeset='175712514'>
    <nd ref='1366587831' />
    <nd ref='13363579448' />
    <nd ref='13363579449' />
    <nd ref='3938290997' />
    <nd ref='13363579450' />
    <nd ref='13363579451' />
    <nd ref='3938290992' />
    <nd ref='3938290990' />
    <nd ref='3938290987' />
    <nd ref='3938290982' />
    <nd ref='13363579476' />
    <nd ref='13363579472' />
    <nd ref='13363579471' />
    <nd ref='13363579470' />
    <nd ref='-33005' />
    <nd ref='1366587831' />
    <tag k='building:levels' v='2' />
    <tag k='building:part' v='church' />
  </way>
  <way id='390670620' action='modify' timestamp='2026-01-03T16:17:17Z' uid='18511019' user='Senihtu' version='5' changeset='176788533'>
    <nd ref='3938290983' />
    <nd ref='3938291001' />
    <nd ref='3938290991' />
    <nd ref='13363579452' />
    <nd ref='13363579453' />
    <nd ref='3938290979' />
    <nd ref='3938290983' />
    <tag k='addr:city' v='Göttingen' />
    <tag k='addr:country' v='DE' />
    <tag k='addr:housenumber' v='6' />
    <tag k='addr:place' v='Jonaplatz' />
    <tag k='addr:postcode' v='37081' />
    <tag k='addr:suburb' v='Grone' />
    <tag k='amenity' v='place_of_worship' />
    <tag k='denomination' v='lutheran' />
    <tag k='name' v='Ev.-luth. Jonakirche, kirchl. Gemeindehaus, Pfarrbüro' />
    <tag k='religion' v='christian' />
    <tag k='upload' v='false' />
  </way>
  <way id='391373258' timestamp='2022-09-08T07:36:16Z' uid='12947456' user='hades0299' version='8' changeset='125930136'>
    <nd ref='149432782' />
    <nd ref='4110194556' />
    <nd ref='370630935' />
    <nd ref='4839059885' />
    <nd ref='2449769328' />
    <tag k='bicycle' v='yes' />
    <tag k='highway' v='footway' />
    <tag k='lit' v='yes' />
    <tag k='segregated' v='no' />
    <tag k='surface' v='paving_stones' />
    <tag k='traffic_sign' v='DE:240' />
  </way>
  <way id='393657974' timestamp='2016-01-26T15:40:19Z' uid='1468043' user='jengelh' version='1' changeset='36819506'>
    <nd ref='3968668934' />
    <nd ref='3968668923' />
    <nd ref='3968668930' />
    <nd ref='3968668942' />
    <nd ref='3968668941' />
    <nd ref='3968668934' />
    <tag k='building:part' v='apartments' />
    <tag k='source' v='hi-res aerial imagery' />
  </way>
  <way id='393657975' timestamp='2025-08-23T13:18:45Z' uid='1468043' user='jengelh' version='4' changeset='170880560'>
    <nd ref='13092496238' />
    <nd ref='13092496242' />
    <nd ref='13092496241' />
    <nd ref='13092496240' />
    <nd ref='13092496239' />
    <nd ref='3968670259' />
    <nd ref='13092496235' />
    <nd ref='3968668954' />
    <nd ref='13092496237' />
    <nd ref='3968668950' />
    <nd ref='13092496249' />
    <nd ref='3968668946' />
    <nd ref='13092496248' />
    <nd ref='13092496247' />
    <nd ref='13092496246' />
    <nd ref='13092496245' />
    <nd ref='13092496244' />
    <nd ref='13092496243' />
    <nd ref='3968668943' />
    <nd ref='3968668938' />
    <nd ref='13092496250' />
    <nd ref='13092496251' />
    <nd ref='13092496252' />
    <nd ref='13092496253' />
    <nd ref='13092496254' />
    <nd ref='13092496255' />
    <nd ref='13092496256' />
    <nd ref='13092496257' />
    <nd ref='13092496236' />
    <nd ref='3968668947' />
    <nd ref='13092496238' />
    <tag k='amenity' v='parking' />
    <tag k='capacity' v='14' />
    <tag k='orientation' v='perpendicular' />
    <tag k='parking' v='street_side' />
    <tag k='surface' v='paved' />
  </way>
  <way id='393657976' timestamp='2025-08-23T13:18:45Z' uid='1468043' user='jengelh' version='2' changeset='170880560'>
    <nd ref='13092496239' />
    <nd ref='13092496240' />
    <nd ref='13092496241' />
    <nd ref='13092496242' />
    <nd ref='13092496238' />
    <nd ref='3968668947' />
    <nd ref='3968668955' />
    <nd ref='3968670257' />
    <nd ref='3968670260' />
    <nd ref='3968670261' />
    <nd ref='13092496239' />
    <tag k='natural' v='heath' />
    <tag k='source' v='hi-res aerial imagery' />
  </way>
  <way id='393657977' timestamp='2016-01-26T15:40:19Z' uid='1468043' user='jengelh' version='1' changeset='36819506'>
    <nd ref='3968668943' />
    <nd ref='3968668940' />
    <nd ref='3968668939' />
    <nd ref='3968668937' />
    <nd ref='3968668931' />
    <nd ref='3968668926' />
    <nd ref='3968668935' />
    <nd ref='3968668938' />
    <nd ref='3968668943' />
    <tag k='natural' v='heath' />
    <tag k='source' v='hi-res aerial imagery' />
  </way>
  <way id='393657978' timestamp='2020-04-04T21:34:37Z' uid='1468043' user='jengelh' version='2' changeset='83083781'>
    <nd ref='1644022486' />
    <nd ref='3968668922' />
    <nd ref='3968668949' />
    <nd ref='3968668952' />
    <nd ref='3968668951' />
    <nd ref='3968668932' />
    <nd ref='3968668927' />
    <nd ref='3968668933' />
    <nd ref='428739780' />
    <nd ref='1644022486' />
    <tag k='natural' v='scrub' />
    <tag k='source' v='hi-res aerial imagery' />
  </way>
  <way id='393657979' timestamp='2016-01-26T15:40:20Z' uid='1468043' user='jengelh' version='1' changeset='36819506'>
    <nd ref='3968668933' />
    <nd ref='3968668945' />
    <nd ref='3968668944' />
    <nd ref='3968668941' />
    <nd ref='3968668942' />
    <nd ref='3968668930' />
    <nd ref='3968668933' />
    <tag k='building' v='yes' />
    <tag k='source' v='hi-res aerial imagery' />
  </way>
  <way id='393657980' timestamp='2016-08-16T13:34:42Z' uid='1468043' user='jengelh' version='3' changeset='41489979'>
    <nd ref='3968668956' />
    <nd ref='3968668936' />
    <nd ref='4352653221' />
    <nd ref='4352653224' />
    <tag k='highway' v='footway' />
    <tag k='source' v='hi-res aerial imagery' />
    <tag k='surface' v='paving_stones' />
  </way>
  <way id='393657981' timestamp='2020-09-29T06:51:08Z' uid='1468043' user='jengelh' version='5' changeset='91684515'>
    <nd ref='3968668924' />
    <nd ref='3968668956' />
    <nd ref='3968670258' />
    <tag k='highway' v='footway' />
    <tag k='lit' v='yes' />
    <tag k='source' v='hi-res aerial imagery' />
    <tag k='surface' v='asphalt' />
  </way>
  <way id='393657982' timestamp='2020-04-04T21:34:37Z' uid='1468043' user='jengelh' version='3' changeset='83083781'>
    <nd ref='3968668953' />
    <nd ref='3968668948' />
    <nd ref='428739781' />
    <nd ref='428739774' />
    <nd ref='3968668929' />
    <nd ref='3968668928' />
    <nd ref='428739775' />
    <nd ref='428739776' />
    <nd ref='428739777' />
    <nd ref='428739778' />
    <nd ref='428739779' />
    <nd ref='428739780' />
    <nd ref='1644022486' />
    <nd ref='1644022477' />
    <nd ref='1644022478' />
    <nd ref='1644022493' />
    <nd ref='7367569514' />
    <nd ref='7367569513' />
    <nd ref='7367569512' />
    <nd ref='7367569511' />
    <nd ref='7367569510' />
    <nd ref='7367569509' />
    <nd ref='3594280614' />
    <nd ref='3594280610' />
    <nd ref='2471605793' />
    <nd ref='7367569508' />
    <nd ref='331750004' />
    <nd ref='1644022466' />
    <nd ref='1644022473' />
    <nd ref='3968668925' />
    <nd ref='3968668953' />
    <tag k='landuse' v='grass' />
    <tag k='source' v='hi-res aerial imagery' />
  </way>
  <way id='394000040' timestamp='2024-03-22T17:19:11Z' uid='12947456' user='hades0299' version='2' changeset='149023323'>
    <nd ref='3970438726' />
    <nd ref='3970438725' />
    <tag k='highway' v='footway' />
    <tag k='source' v='hi-res aerial imagery' />
    <tag k='surface' v='paving_stones' />
  </way>
  <way id='394000042' timestamp='2020-09-29T06:51:08Z' uid='1468043' user='jengelh' version='3' changeset='91684515'>
    <nd ref='3970438727' />
    <nd ref='3970438728' />
    <nd ref='3915392464' />
    <nd ref='4110090811' />
    <nd ref='3915392475' />
    <nd ref='3915392481' />
    <nd ref='3915392491' />
    <nd ref='3915392495' />
    <nd ref='3915392501' />
    <nd ref='3915392505' />
    <nd ref='3915392508' />
    <nd ref='3915392512' />
    <nd ref='3915392515' />
    <nd ref='3915392511' />
    <nd ref='3915392486' />
    <nd ref='3915392480' />
    <tag k='highway' v='footway' />
    <tag k='lit' v='yes' />
    <tag k='snowplowing:category' v='-' />
    <tag k='source' v='hi-res aerial imagery' />
    <tag k='surface' v='paved' />
  </way>
  <way id='394075934' timestamp='2016-01-27T13:31:41Z' uid='16256' user='patzi' version='1' changeset='36837041'>
    <nd ref='1829574030' />
    <nd ref='1829574032' />
    <nd ref='1637147810' />
    <nd ref='1637147819' />
    <nd ref='1829574036' />
    <nd ref='1829574038' />
    <nd ref='1637147847' />
    <nd ref='1637147854' />
    <nd ref='3971084873' />
    <nd ref='3971084870' />
    <nd ref='3971084865' />
    <nd ref='3971084859' />
    <nd ref='3971083852' />
    <nd ref='3971083840' />
    <nd ref='1637147600' />
    <nd ref='3971083824' />
    <nd ref='1637147565' />
    <nd ref='1829573996' />
    <nd ref='3971083838' />
    <nd ref='3971083856' />
    <nd ref='1829574010' />
    <nd ref='1829574016' />
    <nd ref='1829574018' />
    <nd ref='3971084866' />
    <nd ref='3971084867' />
    <nd ref='1829574034' />
    <nd ref='1829574028' />
    <nd ref='1637147742' />
    <nd ref='1637147740' />
    <nd ref='3971084862' />
    <nd ref='3971084860' />
    <nd ref='1637147686' />
    <nd ref='1637147690' />
    <nd ref='3971083846' />
    <nd ref='3595278042' />
    <nd ref='3971083836' />
    <nd ref='3971083831' />
    <nd ref='3595278041' />
    <nd ref='3971083817' />
    <nd ref='3971083816' />
    <nd ref='1637147517' />
    <nd ref='3971083814' />
    <nd ref='1637147491' />
    <nd ref='1637147532' />
    <nd ref='3971083815' />
    <nd ref='3971083819' />
    <nd ref='1637147563' />
    <nd ref='1829573998' />
    <nd ref='1637147632' />
    <nd ref='1637147678' />
    <nd ref='1829574004' />
    <nd ref='1637147723' />
    <nd ref='1637147733' />
    <nd ref='3971084863' />
    <nd ref='1829574013' />
    <nd ref='1829574022' />
    <nd ref='1637147769' />
    <nd ref='1829574026' />
    <nd ref='1829574030' />
  </way>
  <way id='400500829' timestamp='2024-05-05T11:05:06Z' uid='616774' user='mueschel' version='11' changeset='150914883'>
    <nd ref='4030486636' />
    <nd ref='4030486630' />
    <nd ref='827282032' />
    <nd ref='2503372176' />
    <nd ref='2503372181' />
    <nd ref='2503372190' />
    <nd ref='2503372184' />
    <nd ref='827282053' />
    <nd ref='4030486638' />
    <nd ref='4030486636' />
    <tag k='addr:city' v='Göttingen' />
    <tag k='addr:country' v='DE' />
    <tag k='addr:housenumber' v='24' />
    <tag k='addr:postcode' v='37081' />
    <tag k='addr:street' v='Süntelweg' />
    <tag k='addr:suburb' v='Grone' />
    <tag k='building' v='apartments' />
    <tag k='building:colour' v='#c1b3a6' />
    <tag k='building:levels' v='5' />
    <tag k='building:levels:-2022' v='4' />
    <tag k='building:levels:underground' v='1' />
    <tag k='building:material' v='plaster' />
    <tag k='operator' v='LEG Immobilien' />
    <tag k='roof:shape' v='flat' />
    <tag k='source' v='hi-res aerial imagery' />
    <tag k='year_of_construction' v='1969' />
  </way>
  <way id='400500832' timestamp='2020-09-29T06:51:08Z' uid='1468043' user='jengelh' version='6' changeset='91684515'>
    <nd ref='1020389600' />
    <nd ref='1020389673' />
    <nd ref='4030486642' />
    <nd ref='4030486639' />
    <nd ref='4030486635' />
    <nd ref='1020389664' />
    <nd ref='4110194540' />
    <nd ref='4030486643' />
    <nd ref='4030486647' />
    <nd ref='4030486655' />
    <nd ref='1020389653' />
    <nd ref='1020389604' />
    <nd ref='4030486674' />
    <nd ref='1020389589' />
    <nd ref='1020389688' />
    <tag k='bicycle' v='yes' />
    <tag k='highway' v='footway' />
    <tag k='lit' v='yes' />
    <tag k='segregated' v='no' />
    <tag k='snowplowing:category' v='-' />
    <tag k='surface' v='asphalt' />
  </way>
  <way id='400502603' timestamp='2022-01-04T21:00:34Z' uid='1468043' user='jengelh' version='9' changeset='115771698'>
    <nd ref='4030496583' />
    <nd ref='4030503689' />
    <nd ref='4030503699' />
    <nd ref='4030503693' />
    <nd ref='4030503691' />
    <nd ref='4030496583' />
    <tag k='addr:city' v='Göttingen' />
    <tag k='addr:country' v='DE' />
    <tag k='addr:housenumber' v='17' />
    <tag k='addr:postcode' v='37081' />
    <tag k='addr:street' v='Süntelweg' />
    <tag k='addr:suburb' v='Grone' />
    <tag k='building' v='apartments' />
    <tag k='building:colour' v='#c1b3a6' />
    <tag k='building:levels' v='4' />
    <tag k='building:levels:underground' v='1' />
    <tag k='building:material' v='plaster' />
    <tag k='operator' v='LEG Immobilien' />
    <tag k='roof:shape' v='flat' />
    <tag k='source' v='hi-res aerial imagery' />
    <tag k='start_date' v='1969' />
  </way>
  <way id='400502604' timestamp='2022-01-04T21:00:34Z' uid='1468043' user='jengelh' version='9' changeset='115771698'>
    <nd ref='4030503689' />
    <nd ref='4030503694' />
    <nd ref='4030503708' />
    <nd ref='4030503702' />
    <nd ref='4030503699' />
    <nd ref='4030503689' />
    <tag k='addr:city' v='Göttingen' />
    <tag k='addr:country' v='DE' />
    <tag k='addr:housenumber' v='19' />
    <tag k='addr:postcode' v='37081' />
    <tag k='addr:street' v='Süntelweg' />
    <tag k='addr:suburb' v='Grone' />
    <tag k='building' v='apartments' />
    <tag k='building:colour' v='#c1b3a6' />
    <tag k='building:levels' v='4' />
    <tag k='building:levels:underground' v='1' />
    <tag k='building:material' v='plaster' />
    <tag k='operator' v='LEG Immobilien' />
    <tag k='roof:shape' v='flat' />
    <tag k='source' v='hi-res aerial imagery' />
    <tag k='start_date' v='1969' />
  </way>
  <way id='400502605' timestamp='2022-01-04T21:00:34Z' uid='1468043' user='jengelh' version='9' changeset='115771698'>
    <nd ref='4030503694' />
    <nd ref='4030503700' />
    <nd ref='4030503696' />
    <nd ref='4030503701' />
    <nd ref='4030503706' />
    <nd ref='4030503705' />
    <nd ref='4030503715' />
    <nd ref='4030503716' />
    <nd ref='4030503718' />
    <nd ref='4030503720' />
    <nd ref='4030503717' />
    <nd ref='4030503712' />
    <nd ref='4030503711' />
    <nd ref='4030503709' />
    <nd ref='4030503713' />
    <nd ref='4030503708' />
    <nd ref='4030503694' />
    <tag k='addr:city' v='Göttingen' />
    <tag k='addr:country' v='DE' />
    <tag k='addr:housenumber' v='21' />
    <tag k='addr:postcode' v='37081' />
    <tag k='addr:street' v='Süntelweg' />
    <tag k='addr:suburb' v='Grone' />
    <tag k='building' v='apartments' />
    <tag k='building:colour' v='#c1b3a6' />
    <tag k='building:levels' v='4' />
    <tag k='building:levels:underground' v='1' />
    <tag k='building:material' v='plaster' />
    <tag k='operator' v='LEG Immobilien' />
    <tag k='roof:shape' v='flat' />
    <tag k='source' v='hi-res aerial imagery' />
    <tag k='start_date' v='1969' />
  </way>
  <way id='400502606' timestamp='2022-01-04T21:00:34Z' uid='1468043' user='jengelh' version='9' changeset='115771698'>
    <nd ref='4030503696' />
    <nd ref='4030496582' />
    <nd ref='4030496587' />
    <nd ref='4030503692' />
    <nd ref='4030503701' />
    <nd ref='4030503696' />
    <tag k='addr:city' v='Göttingen' />
    <tag k='addr:country' v='DE' />
    <tag k='addr:housenumber' v='23' />
    <tag k='addr:postcode' v='37081' />
    <tag k='addr:street' v='Süntelweg' />
    <tag k='addr:suburb' v='Grone' />
    <tag k='building' v='apartments' />
    <tag k='building:colour' v='#c1b3a6' />
    <tag k='building:levels' v='4' />
    <tag k='building:levels:underground' v='1' />
    <tag k='building:material' v='plaster' />
    <tag k='operator' v='LEG Immobilien' />
    <tag k='roof:shape' v='flat' />
    <tag k='source' v='hi-res aerial imagery' />
    <tag k='start_date' v='1969' />
  </way>
  <way id='400502607' timestamp='2022-01-04T21:00:34Z' uid='1468043' user='jengelh' version='9' changeset='115771698'>
    <nd ref='4030496582' />
    <nd ref='4030496580' />
    <nd ref='4030496578' />
    <nd ref='1023077371' />
    <nd ref='1023077497' />
    <nd ref='4030496576' />
    <nd ref='4030496572' />
    <nd ref='4030496573' />
    <nd ref='4030496575' />
    <nd ref='4030496577' />
    <nd ref='4030496584' />
    <nd ref='4030496585' />
    <nd ref='4030496587' />
    <nd ref='4030496582' />
    <tag k='addr:city' v='Göttingen' />
    <tag k='addr:country' v='DE' />
    <tag k='addr:housenumber' v='25' />
    <tag k='addr:postcode' v='37081' />
    <tag k='addr:street' v='Süntelweg' />
    <tag k='addr:suburb' v='Grone' />
    <tag k='building' v='apartments' />
    <tag k='building:colour' v='#c1b3a6' />
    <tag k='building:levels' v='4' />
    <tag k='building:levels:underground' v='1' />
    <tag k='building:material' v='plaster' />
    <tag k='operator' v='LEG Immobilien' />
    <tag k='roof:shape' v='flat' />
    <tag k='source' v='hi-res aerial imagery' />
    <tag k='start_date' v='1969' />
  </way>
  <way id='400502609' timestamp='2016-02-27T21:53:09Z' uid='1468043' user='jengelh' version='1' changeset='37490063'>
    <nd ref='4030496581' />
    <nd ref='4030496573' />
    <tag k='highway' v='footway' />
    <tag k='source' v='hi-res aerial imagery' />
    <tag k='surface' v='paved' />
  </way>
  <way id='400502611' timestamp='2016-02-27T21:53:10Z' uid='1468043' user='jengelh' version='1' changeset='37490063'>
    <nd ref='4030503697' />
    <nd ref='4030503692' />
    <tag k='highway' v='footway' />
    <tag k='source' v='hi-res aerial imagery' />
    <tag k='surface' v='paved' />
  </way>
  <way id='400502612' timestamp='2025-04-27T11:40:24Z' uid='2725798' user='lesekaffee' version='2' changeset='165501297'>
    <nd ref='4030503722' />
    <nd ref='4030503711' />
    <tag k='highway' v='footway' />
    <tag k='source' v='hi-res aerial imagery' />
    <tag k='surface' v='paving_stones' />
  </way>
  <way id='400502613' timestamp='2025-04-27T11:40:48Z' uid='2725798' user='lesekaffee' version='2' changeset='165501297'>
    <nd ref='4030503714' />
    <nd ref='4030503702' />
    <tag k='highway' v='footway' />
    <tag k='source' v='hi-res aerial imagery' />
    <tag k='surface' v='paving_stones' />
  </way>
  <way id='400502614' timestamp='2026-04-23T20:49:50Z' uid='1468043' user='jengelh' version='4' changeset='181737456'>
    <nd ref='4030496553' />
    <nd ref='4110194554' />
    <nd ref='4030496556' />
    <nd ref='4030496548' />
    <nd ref='2503372196' />
    <nd ref='2503372256' />
    <nd ref='4030503718' />
    <nd ref='4030503720' />
    <nd ref='4030503723' />
    <nd ref='4030503721' />
    <nd ref='4030503719' />
    <nd ref='4030503707' />
    <nd ref='4030503710' />
    <nd ref='4030503703' />
    <nd ref='4030503698' />
    <nd ref='4030503690' />
    <nd ref='2503383061' />
    <nd ref='4030496574' />
    <nd ref='4030496567' />
    <nd ref='4030496564' />
    <nd ref='4030496544' />
    <nd ref='4030496546' />
    <nd ref='4030496550' />
    <nd ref='4030496553' />
    <tag k='landuse' v='grass' />
    <tag k='source' v='hi-res aerial imagery' />
  </way>
  <way id='400502615' timestamp='2016-07-01T22:34:17Z' uid='1468043' user='jengelh' version='3' changeset='40429514'>
    <nd ref='2503383068' />
    <nd ref='2503383083' />
    <nd ref='2503383076' />
    <nd ref='2503383216' />
    <nd ref='2503383217' />
    <nd ref='2503383219' />
    <nd ref='2503383218' />
    <nd ref='2503383205' />
    <nd ref='4277392225' />
    <nd ref='4253342679' />
    <nd ref='4253342677' />
    <nd ref='2503383068' />
    <tag k='landuse' v='grass' />
    <tag k='source' v='hi-res aerial imagery' />
  </way>
  <way id='409115785' timestamp='2018-11-08T12:17:45Z' uid='1468043' user='jengelh' version='2' changeset='64290543'>
    <nd ref='4110090799' />
    <nd ref='4110090797' />
    <nd ref='4110090816' />
    <nd ref='3915392483' />
    <nd ref='3915392489' />
    <nd ref='4110090822' />
    <nd ref='4110090817' />
    <nd ref='4110090796' />
    <nd ref='4110090285' />
    <nd ref='4110090279' />
    <tag k='barrier' v='fence' />
    <tag k='fence_type' v='metal' />
    <tag k='survey:date' v='2016-04-09' />
  </way>
  <way id='409115791' timestamp='2018-11-08T12:17:45Z' uid='1468043' user='jengelh' version='2' changeset='64290543'>
    <nd ref='4110090279' />
    <nd ref='4110090261' />
    <tag k='barrier' v='hedge' />
    <tag k='survey:date' v='2016-04-09' />
  </way>
  <way id='409115795' timestamp='2021-04-13T20:45:45Z' uid='11441193' user='MarSon912' version='3' changeset='102887942'>
    <nd ref='4110090285' />
    <nd ref='1644022553' />
    <nd ref='4110090273' />
    <nd ref='4110090278' />
    <nd ref='4110090281' />
    <nd ref='4110090792' />
    <nd ref='4110090796' />
    <nd ref='4110090285' />
    <tag k='leisure' v='playground' />
    <tag k='name' v='Spielplatz Elmweg 16-20' />
    <tag k='survey:date' v='2016-04-09' />
  </way>
  <way id='409115798' timestamp='2018-11-08T12:17:46Z' uid='1468043' user='jengelh' version='2' changeset='64290543'>
    <nd ref='3915391115' />
    <nd ref='4110090272' />
    <nd ref='4110090271' />
    <nd ref='4110090263' />
    <nd ref='4110090283' />
    <nd ref='4110090286' />
    <nd ref='3915391130' />
    <tag k='barrier' v='fence' />
    <tag k='fence_type' v='metal' />
    <tag k='survey:date' v='2016-04-09' />
  </way>
  <way id='409115803' timestamp='2025-08-23T13:18:45Z' uid='1468043' user='jengelh' version='3' changeset='170880560'>
    <nd ref='4110090260' />
    <nd ref='13092493598' />
    <nd ref='13092493599' />
    <nd ref='4110090258' />
    <nd ref='4110090259' />
    <nd ref='4110090262' />
    <nd ref='4110090261' />
    <nd ref='4110090260' />
    <tag k='amenity' v='waste_disposal' />
    <tag k='building' v='roof' />
    <tag k='survey:date' v='2016-04-09' />
  </way>
  <way id='409115818' timestamp='2018-11-08T12:17:46Z' uid='1468043' user='jengelh' version='2' changeset='64290543'>
    <nd ref='3915391125' />
    <nd ref='4110090275' />
    <tag k='highway' v='footway' />
    <tag k='surface' v='paving_stones' />
    <tag k='survey:date' v='2016-04-09' />
  </way>
  <way id='409126718' timestamp='2018-11-08T12:17:46Z' uid='1468043' user='jengelh' version='2' changeset='64290543'>
    <nd ref='4110194551' />
    <nd ref='4110194547' />
    <nd ref='4110194554' />
    <tag k='barrier' v='fence' />
    <tag k='fence_type' v='metal' />
    <tag k='survey:date' v='2016-04-09' />
  </way>
  <way id='409126723' timestamp='2016-06-19T22:00:39Z' uid='1468043' user='jengelh' version='3' changeset='40145303'>
    <nd ref='4110194543' />
    <nd ref='4110194546' />
    <nd ref='4030496548' />
    <nd ref='4030496556' />
    <nd ref='4110194554' />
    <nd ref='4110194547' />
    <nd ref='4110194543' />
    <tag k='leisure' v='playground' />
  </way>
  <way id='409126726' timestamp='2026-04-23T20:49:50Z' uid='1468043' user='jengelh' version='3' changeset='181737456'>
    <nd ref='4030496548' />
    <nd ref='4030496556' />
    <nd ref='4110194554' />
    <nd ref='4030496553' />
    <nd ref='4030496550' />
    <tag k='barrier' v='fence' />
    <tag k='fence_type' v='metal' />
    <tag k='survey:date' v='2016-04-09' />
  </way>
  <way id='409126728' timestamp='2022-09-08T07:35:01Z' uid='12947456' user='hades0299' version='3' changeset='125930136'>
    <nd ref='4110194539' />
    <nd ref='4110194532' />
    <tag k='highway' v='footway' />
    <tag k='lit' v='yes' />
    <tag k='passage_type' v='T01' />
    <tag k='surface' v='paving_stones' />
    <tag k='tunnel' v='building_passage' />
  </way>
  <way id='409126734' timestamp='2022-09-08T07:34:58Z' uid='12947456' user='hades0299' version='3' changeset='125930136'>
    <nd ref='4110194556' />
    <nd ref='4110194539' />
    <tag k='highway' v='footway' />
    <tag k='lit' v='yes' />
    <tag k='surface' v='paving_stones' />
  </way>
  <way id='409126736' timestamp='2025-08-23T13:18:45Z' uid='1468043' user='jengelh' version='3' changeset='170880560'>
    <nd ref='4110194532' />
    <nd ref='13092496293' />
    <nd ref='4110194529' />
    <tag k='highway' v='footway' />
    <tag k='lit' v='yes' />
  </way>
  <way id='409126738' timestamp='2020-09-29T06:51:08Z' uid='1468043' user='jengelh' version='2' changeset='91684515'>
    <nd ref='4110194527' />
    <nd ref='4110194528' />
    <nd ref='4110194530' />
    <tag k='highway' v='service' />
    <tag k='lit' v='yes' />
    <tag k='service' v='driveway' />
    <tag k='source' v='hi-res aerial imagery' />
  </way>
  <way id='409129117' timestamp='2016-08-16T19:01:24Z' uid='1468043' user='jengelh' version='3' changeset='41496722'>
    <nd ref='4110225975' />
    <nd ref='4110225956' />
    <nd ref='4110225961' />
    <nd ref='4110225968' />
    <nd ref='4110225966' />
    <nd ref='4110225976' />
    <nd ref='4110225978' />
    <nd ref='4352985389' />
    <nd ref='4110225983' />
    <nd ref='4110225982' />
    <nd ref='4110225979' />
    <nd ref='4110225977' />
    <nd ref='4110225975' />
    <tag k='building:levels' v='8' />
    <tag k='building:part' v='apartments' />
    <tag k='roof:shape' v='flat' />
    <tag k='source' v='hi-res aerial imagery' />
  </way>
  <way id='409129118' timestamp='2023-03-01T10:34:53Z' uid='1468043' user='jengelh' version='3' changeset='133165602'>
    <nd ref='4110227995' />
    <nd ref='4110227993' />
    <nd ref='4110225973' />
    <nd ref='4110225975' />
    <nd ref='4110225977' />
    <nd ref='4110225979' />
    <nd ref='4110225982' />
    <nd ref='10701503230' />
    <nd ref='4110227991' />
    <nd ref='4110227992' />
    <nd ref='4110227995' />
    <tag k='building:levels' v='7' />
    <tag k='building:levels:underground' v='1' />
    <tag k='building:part' v='apartments' />
    <tag k='roof:shape' v='flat' />
    <tag k='source' v='hi-res aerial imagery' />
  </way>
  <way id='409129121' timestamp='2022-01-04T21:00:34Z' uid='1468043' user='jengelh' version='7' changeset='115771698'>
    <nd ref='4110225937' />
    <nd ref='4110225941' />
    <nd ref='4110225942' />
    <nd ref='4110225943' />
    <nd ref='4110225949' />
    <nd ref='1023077486' />
    <nd ref='4110225953' />
    <nd ref='4110225952' />
    <nd ref='4110225948' />
    <nd ref='4110225937' />
    <tag k='addr:city' v='Göttingen' />
    <tag k='addr:country' v='DE' />
    <tag k='addr:housenumber' v='11' />
    <tag k='addr:postcode' v='37081' />
    <tag k='addr:street' v='Süntelweg' />
    <tag k='addr:suburb' v='Grone' />
    <tag k='building' v='apartments' />
    <tag k='building:colour' v='#c1b3a6' />
    <tag k='building:levels' v='4' />
    <tag k='building:levels:underground' v='1' />
    <tag k='building:material' v='plaster' />
    <tag k='operator' v='LEG Immobilien' />
    <tag k='roof:shape' v='flat' />
    <tag k='source' v='hi-res aerial imagery' />
    <tag k='start_date' v='1969' />
  </way>
  <way id='409129125' timestamp='2022-01-04T21:00:34Z' uid='1468043' user='jengelh' version='8' changeset='115771698'>
    <nd ref='4110225924' />
    <nd ref='4110225910' />
    <nd ref='4110225911' />
    <nd ref='4110225913' />
    <nd ref='4110225914' />
    <nd ref='4110225916' />
    <nd ref='4110225915' />
    <nd ref='4110225917' />
    <nd ref='4110225926' />
    <nd ref='4110225925' />
    <nd ref='4110225921' />
    <nd ref='4110225919' />
    <nd ref='4110225929' />
    <nd ref='4110225924' />
    <tag k='addr:city' v='Göttingen' />
    <tag k='addr:country' v='DE' />
    <tag k='addr:housenumber' v='5' />
    <tag k='addr:postcode' v='37081' />
    <tag k='addr:street' v='Süntelweg' />
    <tag k='addr:suburb' v='Grone' />
    <tag k='building' v='apartments' />
    <tag k='building:colour' v='#c1b3a6' />
    <tag k='building:levels' v='4' />
    <tag k='building:levels:underground' v='1' />
    <tag k='building:material' v='plaster' />
    <tag k='operator' v='LEG Immobilien' />
    <tag k='roof:shape' v='flat' />
    <tag k='source' v='hi-res aerial imagery' />
    <tag k='start_date' v='1969' />
  </way>
  <way id='409129128' timestamp='2022-01-04T21:00:34Z' uid='1468043' user='jengelh' version='7' changeset='115771698'>
    <nd ref='4110225917' />
    <nd ref='4110225920' />
    <nd ref='4110225922' />
    <nd ref='4110225923' />
    <nd ref='4110225927' />
    <nd ref='4110225940' />
    <nd ref='4110225936' />
    <nd ref='4110225931' />
    <nd ref='4110225926' />
    <nd ref='4110225917' />
    <tag k='addr:city' v='Göttingen' />
    <tag k='addr:country' v='DE' />
    <tag k='addr:housenumber' v='7' />
    <tag k='addr:postcode' v='37081' />
    <tag k='addr:street' v='Süntelweg' />
    <tag k='addr:suburb' v='Grone' />
    <tag k='building' v='apartments' />
    <tag k='building:colour' v='#c1b3a6' />
    <tag k='building:levels' v='4' />
    <tag k='building:levels:underground' v='1' />
    <tag k='building:material' v='plaster' />
    <tag k='operator' v='LEG Immobilien' />
    <tag k='roof:shape' v='flat' />
    <tag k='source' v='hi-res aerial imagery' />
    <tag k='start_date' v='1969' />
  </way>
  <way id='409129129' timestamp='2024-04-12T14:15:33Z' uid='2725798' user='lesekaffee' version='9' changeset='149911060'>
    <nd ref='4110227995' />
    <nd ref='4110227993' />
    <nd ref='4110225973' />
    <nd ref='4110225975' />
    <nd ref='4110225956' />
    <nd ref='4110225961' />
    <nd ref='4110225968' />
    <nd ref='4110225966' />
    <nd ref='4110225976' />
    <nd ref='4110225978' />
    <nd ref='4352985389' />
    <nd ref='4110225983' />
    <nd ref='4110225982' />
    <nd ref='10701503230' />
    <nd ref='4110227991' />
    <nd ref='4110227992' />
    <nd ref='4110227995' />
    <tag k='addr:city' v='Göttingen' />
    <tag k='addr:country' v='DE' />
    <tag k='addr:housenumber' v='8' />
    <tag k='addr:postcode' v='37081' />
    <tag k='addr:street' v='Deisterstraße' />
    <tag k='addr:suburb' v='Grone' />
    <tag k='building' v='apartments' />
    <tag k='building:levels' v='8' />
    <tag k='building:levels:underground' v='1' />
    <tag k='operator' v='LEG Immobilien' />
    <tag k='roof:shape' v='flat' />
    <tag k='source' v='hi-res aerial imagery' />
    <tag k='start_date' v='1969' />
  </way>
  <way id='409129130' timestamp='2022-01-04T21:00:34Z' uid='1468043' user='jengelh' version='7' changeset='115771698'>
    <nd ref='4110225927' />
    <nd ref='4110225934' />
    <nd ref='4110225935' />
    <nd ref='4110225930' />
    <nd ref='4110225937' />
    <nd ref='4110225948' />
    <nd ref='4110225944' />
    <nd ref='4110225946' />
    <nd ref='4110225940' />
    <nd ref='4110225927' />
    <tag k='addr:city' v='Göttingen' />
    <tag k='addr:country' v='DE' />
    <tag k='addr:housenumber' v='9' />
    <tag k='addr:postcode' v='37081' />
    <tag k='addr:street' v='Süntelweg' />
    <tag k='addr:suburb' v='Grone' />
    <tag k='building' v='apartments' />
    <tag k='building:colour' v='#c1b3a6' />
    <tag k='building:levels' v='4' />
    <tag k='building:levels:underground' v='1' />
    <tag k='building:material' v='plaster' />
    <tag k='operator' v='LEG Immobilien' />
    <tag k='roof:shape' v='flat' />
    <tag k='source' v='hi-res aerial imagery' />
    <tag k='start_date' v='1969' />
  </way>
  <way id='409129132' timestamp='2025-04-27T11:40:18Z' uid='2725798' user='lesekaffee' version='2' changeset='165501297'>
    <nd ref='4110225918' />
    <nd ref='4110225934' />
    <tag k='highway' v='footway' />
    <tag k='source' v='hi-res aerial imagery' />
    <tag k='surface' v='paving_stones' />
  </way>
  <way id='409129133' timestamp='2016-04-09T21:04:38Z' uid='1468043' user='jengelh' version='1' changeset='38438431'>
    <nd ref='4110225928' />
    <nd ref='4110225943' />
    <tag k='highway' v='footway' />
    <tag k='source' v='hi-res aerial imagery' />
    <tag k='surface' v='paved' />
  </way>
  <way id='409129135' timestamp='2025-04-27T11:40:31Z' uid='2725798' user='lesekaffee' version='2' changeset='165501297'>
    <nd ref='4110225912' />
    <nd ref='4110225923' />
    <tag k='highway' v='footway' />
    <tag k='source' v='hi-res aerial imagery' />
    <tag k='surface' v='paving_stones' />
  </way>
  <way id='422701106' timestamp='2022-10-08T15:45:13Z' uid='1468043' user='jengelh' version='3' changeset='127208970'>
    <nd ref='4224352548' />
    <nd ref='4224352549' />
    <nd ref='4224352528' />
    <nd ref='4224352561' />
    <nd ref='4224352655' />
    <nd ref='4224352645' />
    <nd ref='4224352624' />
    <nd ref='4224352548' />
    <tag k='boundary' v='political' />
    <tag k='description' v='Wahllokal: Erich-Kästner-Schule, Sollingstraße 1' />
    <tag k='election:type' v='Wahlbezirk' />
    <tag k='election:year' v='2021' />
    <tag k='name' v='Grone-Süd 1' />
    <tag k='political' v='election' />
    <tag k='ref' v='312' />
    <tag k='type' v='boundary' />
  </way>
  <way id='422701107' timestamp='2022-10-08T15:45:13Z' uid='1468043' user='jengelh' version='3' changeset='127208970'>
    <nd ref='4224352624' />
    <nd ref='4224352614' />
    <nd ref='4224352566' />
    <nd ref='4224352563' />
    <nd ref='4224352550' />
    <nd ref='4224352560' />
    <nd ref='4224352554' />
    <nd ref='4224352542' />
    <nd ref='4224352573' />
    <nd ref='4224352568' />
    <nd ref='4224352583' />
    <nd ref='4224352578' />
    <nd ref='4224352572' />
    <nd ref='4224352570' />
    <nd ref='4224352527' />
    <nd ref='4224352517' />
    <nd ref='4224352507' />
    <nd ref='4224352500' />
    <nd ref='4224352528' />
    <nd ref='4224352549' />
    <nd ref='4224352548' />
    <nd ref='4224352624' />
    <tag k='boundary' v='political' />
    <tag k='description' v='Wahllokal: Erich-Kästner-Schule, Sollingstraße 1' />
    <tag k='election:type' v='Wahlbezirk' />
    <tag k='election:year' v='2021' />
    <tag k='name' v='Grone-Süd 2' />
    <tag k='political' v='election' />
    <tag k='ref' v='313' />
    <tag k='type' v='boundary' />
  </way>
  <way id='422701108' timestamp='2022-10-08T15:45:13Z' uid='1468043' user='jengelh' version='3' changeset='127208970'>
    <nd ref='4224352613' />
    <nd ref='4224352607' />
    <nd ref='4224352591' />
    <nd ref='4224352584' />
    <nd ref='4224352569' />
    <nd ref='4224352570' />
    <nd ref='4224352572' />
    <nd ref='4224352578' />
    <nd ref='4224352583' />
    <nd ref='4224352568' />
    <nd ref='4224352573' />
    <nd ref='4224352542' />
    <nd ref='4224352554' />
    <nd ref='4224352560' />
    <nd ref='4224352550' />
    <nd ref='4224352563' />
    <nd ref='4224352566' />
    <nd ref='4224352614' />
    <nd ref='4224352613' />
    <tag k='boundary' v='political' />
    <tag k='description' v='Wahllokal: Erich-Kästner-Schule, Sollingstraße 1' />
    <tag k='election:type' v='Wahlbezirk' />
    <tag k='election:year' v='2021' />
    <tag k='name' v='Grone-Süd 3' />
    <tag k='political' v='election' />
    <tag k='ref' v='314' />
    <tag k='type' v='boundary' />
  </way>
  <way id='426009473' timestamp='2016-07-31T11:31:08Z' uid='1468043' user='jengelh' version='2' changeset='41142678'>
    <nd ref='4253342679' />
    <nd ref='4253342686' />
    <nd ref='4253342684' />
    <nd ref='4110225965' />
    <nd ref='4253342687' />
    <nd ref='4253342685' />
    <nd ref='1023077486' />
    <nd ref='4110225949' />
    <nd ref='4253342680' />
    <nd ref='4253342677' />
    <nd ref='4253342679' />
    <tag k='leisure' v='playground' />
    <tag k='max_age' v='12' />
    <tag k='opening_hours' v='Mo-Su,PH 07:00-13:00,15:00-19:00' />
    <tag k='operator' v='(Wohnungsgesellschaft)' />
  </way>
  <way id='426009474' timestamp='2018-04-19T11:49:28Z' uid='1468043' user='jengelh' version='2' changeset='58230359'>
    <nd ref='4253342683' />
    <nd ref='4253342682' />
    <nd ref='4253342687' />
    <tag k='barrier' v='retaining_wall' />
    <tag k='survey:date' v='2016-06-19' />
  </way>
  <way id='427362249' timestamp='2025-08-23T13:18:45Z' uid='1468043' user='jengelh' version='4' changeset='170880560'>
    <nd ref='4265894863' />
    <nd ref='13092496519' />
    <nd ref='13092496520' />
    <nd ref='13092496521' />
    <nd ref='13092496522' />
    <nd ref='13092496523' />
    <nd ref='4265894861' />
    <nd ref='4265894860' />
    <nd ref='13092496524' />
    <nd ref='13092496525' />
    <nd ref='13092496526' />
    <nd ref='13092496527' />
    <nd ref='13092496528' />
    <nd ref='13092496529' />
    <nd ref='4265894857' />
    <nd ref='4265894855' />
    <nd ref='13092496535' />
    <nd ref='13092496534' />
    <nd ref='13092496533' />
    <nd ref='13092496532' />
    <nd ref='13092496531' />
    <nd ref='13092496530' />
    <nd ref='4265894858' />
    <nd ref='4265894859' />
    <nd ref='13092496518' />
    <nd ref='13092496517' />
    <nd ref='13092496516' />
    <nd ref='13092496515' />
    <nd ref='13092496514' />
    <nd ref='4265894862' />
    <nd ref='4265894863' />
    <tag k='amenity' v='parking' />
    <tag k='capacity' v='13' />
    <tag k='orientation' v='perpendicular' />
    <tag k='parking' v='street_side' />
    <tag k='surface' v='asphalt' />
  </way>
  <way id='427372056' timestamp='2025-08-23T13:18:45Z' uid='1468043' user='jengelh' version='5' changeset='170880560'>
    <nd ref='4266027664' />
    <nd ref='13092448726' />
    <nd ref='4266028629' />
    <nd ref='4266028653' />
    <nd ref='4266028665' />
    <nd ref='4266028696' />
    <nd ref='4266028709' />
    <nd ref='4266028712' />
    <nd ref='4266028718' />
    <nd ref='4266028724' />
    <nd ref='4266028725' />
    <nd ref='13092496384' />
    <nd ref='7357324158' />
    <nd ref='3968668924' />
    <tag k='highway' v='footway' />
    <tag k='lit' v='yes' />
    <tag k='source' v='hi-res aerial imagery' />
    <tag k='surface' v='asphalt' />
  </way>
  <way id='437449240' timestamp='2023-10-31T14:31:24Z' uid='1468043' user='jengelh' version='2' changeset='143424791'>
    <nd ref='427547199' />
    <nd ref='2503344470' />
    <nd ref='2503344468' />
    <nd ref='2503344467' />
    <nd ref='427547200' />
    <nd ref='427547201' />
    <nd ref='2503344456' />
    <nd ref='4352653192' />
    <nd ref='4352653212' />
    <nd ref='427547214' />
    <nd ref='427547199' />
    <tag k='building:levels' v='2' />
    <tag k='building:part' v='apartments' />
  </way>
  <way id='437449241' timestamp='2023-10-31T14:31:24Z' uid='1468043' user='jengelh' version='2' changeset='143424791'>
    <nd ref='2503344455' />
    <nd ref='427547213' />
    <nd ref='2503344456' />
    <nd ref='427547201' />
    <nd ref='4352653190' />
    <nd ref='427547202' />
    <nd ref='2503344451' />
    <nd ref='2503344450' />
    <nd ref='427547203' />
    <nd ref='2503344457' />
    <nd ref='2503344459' />
    <nd ref='427547204' />
    <nd ref='427547205' />
    <nd ref='427547210' />
    <nd ref='2503344469' />
    <nd ref='427547211' />
    <nd ref='2503344464' />
    <nd ref='2503344463' />
    <nd ref='427547212' />
    <nd ref='4352653199' />
    <nd ref='4352653191' />
    <nd ref='2503344455' />
    <tag k='building:levels' v='2' />
    <tag k='building:part' v='apartments' />
  </way>
  <way id='437449244' timestamp='2023-10-31T14:31:24Z' uid='1468043' user='jengelh' version='2' changeset='143424791'>
    <nd ref='427547199' />
    <nd ref='427547214' />
    <nd ref='427547215' />
    <nd ref='427547216' />
    <nd ref='2503344474' />
    <nd ref='427547199' />
    <tag k='building:levels' v='1' />
    <tag k='building:part' v='apartments' />
  </way>
  <way id='437449250' timestamp='2016-08-16T13:34:38Z' uid='1468043' user='jengelh' version='1' changeset='41489979'>
    <nd ref='4352653196' />
    <nd ref='4352653191' />
    <tag k='highway' v='footway' />
    <tag k='source' v='hi-res aerial imagery' />
    <tag k='surface' v='paving_stones' />
  </way>
  <way id='437449253' timestamp='2016-08-16T13:34:38Z' uid='1468043' user='jengelh' version='1' changeset='41489979'>
    <nd ref='4352653233' />
    <nd ref='4352653239' />
    <tag k='highway' v='footway' />
    <tag k='source' v='hi-res aerial imagery' />
    <tag k='surface' v='paving_stones' />
  </way>
  <way id='437449256' timestamp='2016-08-16T13:34:38Z' uid='1468043' user='jengelh' version='1' changeset='41489979'>
    <nd ref='4352653192' />
    <nd ref='4352653193' />
    <nd ref='4352653196' />
    <nd ref='4352653202' />
    <nd ref='4352653201' />
    <nd ref='4352653198' />
    <nd ref='4352653197' />
    <nd ref='4352653200' />
    <nd ref='4352653203' />
    <nd ref='4352653205' />
    <nd ref='4352653208' />
    <nd ref='4352653211' />
    <nd ref='4352653218' />
    <nd ref='4352653220' />
    <nd ref='4352653229' />
    <nd ref='4352653230' />
    <nd ref='4352653232' />
    <nd ref='4352653234' />
    <nd ref='4352653235' />
    <nd ref='4352653237' />
    <nd ref='4352653238' />
    <nd ref='4352653236' />
    <nd ref='4352653233' />
    <nd ref='4352653231' />
    <tag k='highway' v='footway' />
    <tag k='source' v='hi-res aerial imagery' />
    <tag k='surface' v='paving_stones' />
  </way>
  <way id='437449259' timestamp='2018-04-19T11:49:44Z' uid='1468043' user='jengelh' version='2' changeset='58230359'>
    <nd ref='4352653209' />
    <nd ref='4352653210' />
    <nd ref='4352653222' />
    <nd ref='4352653223' />
    <nd ref='4352653226' />
    <nd ref='4352653229' />
    <tag k='highway' v='footway' />
    <tag k='surface' v='paving_stones' />
    <tag k='survey:date' v='2016-06-19' />
  </way>
  <way id='437449260' timestamp='2016-08-16T13:34:38Z' uid='1468043' user='jengelh' version='1' changeset='41489979'>
    <nd ref='4352653193' />
    <nd ref='4352653204' />
    <nd ref='4352653206' />
    <nd ref='4352653209' />
    <nd ref='4352653213' />
    <nd ref='4352653216' />
    <nd ref='4352653215' />
    <nd ref='4352653212' />
    <tag k='highway' v='footway' />
    <tag k='source' v='hi-res aerial imagery' />
    <tag k='surface' v='paving_stones' />
  </way>
  <way id='437486665' timestamp='2022-02-07T07:21:50Z' uid='12947456' user='hades0299' version='2' changeset='117105269'>
    <nd ref='4352985391' />
    <nd ref='4352985389' />
    <tag k='highway' v='footway' />
    <tag k='source' v='survey 2013-10-20' />
    <tag k='surface' v='asphalt' />
  </way>
  <way id='437486667' timestamp='2018-04-19T11:49:48Z' uid='1468043' user='jengelh' version='2' changeset='58230359'>
    <nd ref='4352984385' />
    <nd ref='4352984384' />
    <tag k='highway' v='steps' />
    <tag k='incline' v='up' />
    <tag k='survey:date' v='2016-08-16' />
  </way>
  <way id='437486669' timestamp='2018-04-19T11:49:48Z' uid='1468043' user='jengelh' version='2' changeset='58230359'>
    <nd ref='4352984365' />
    <nd ref='4352984364' />
    <tag k='highway' v='footway' />
    <tag k='surface' v='paved' />
    <tag k='survey:date' v='2016-08-16' />
  </way>
  <way id='437486674' timestamp='2018-04-19T11:49:48Z' uid='1468043' user='jengelh' version='2' changeset='58230359'>
    <nd ref='4352984364' />
    <nd ref='4352984363' />
    <tag k='highway' v='steps' />
    <tag k='incline' v='up' />
    <tag k='survey:date' v='2016-08-16' />
  </way>
  <way id='437486677' timestamp='2018-04-19T11:49:48Z' uid='1468043' user='jengelh' version='2' changeset='58230359'>
    <nd ref='4352984384' />
    <nd ref='4352984383' />
    <tag k='highway' v='footway' />
    <tag k='surface' v='paved' />
    <tag k='survey:date' v='2016-08-16' />
  </way>
  <way id='437486679' timestamp='2018-04-19T11:49:48Z' uid='1468043' user='jengelh' version='2' changeset='58230359'>
    <nd ref='4352984386' />
    <nd ref='4352984385' />
    <tag k='highway' v='footway' />
    <tag k='surface' v='paved' />
    <tag k='survey:date' v='2016-08-16' />
  </way>
  <way id='437486682' timestamp='2018-04-19T11:49:48Z' uid='1468043' user='jengelh' version='2' changeset='58230359'>
    <nd ref='4352984363' />
    <nd ref='4352984361' />
    <tag k='highway' v='footway' />
    <tag k='surface' v='paved' />
    <tag k='survey:date' v='2016-08-16' />
  </way>
  <way id='437486690' timestamp='2016-08-16T19:01:23Z' uid='1468043' user='jengelh' version='1' changeset='41496722'>
    <nd ref='4352984371' />
    <nd ref='4352984367' />
    <nd ref='4352984369' />
    <nd ref='4352984378' />
    <nd ref='4352984375' />
    <nd ref='4352984371' />
    <tag k='landuse' v='grass' />
    <tag k='source' v='hi-res aerial imagery' />
  </way>
  <way id='468797602' timestamp='2020-09-29T06:51:08Z' uid='1468043' user='jengelh' version='6' changeset='91684515'>
    <nd ref='370630931' />
    <nd ref='1342917291' />
    <nd ref='3970438728' />
    <tag k='highway' v='residential' />
    <tag k='lit' v='yes' />
    <tag k='maxspeed' v='30' />
    <tag k='name' v='Deisterstraße' />
    <tag k='old_name:0--1965-02-11' v='Zollstock' />
    <tag k='sidewalk' v='separate' />
    <tag k='snowplowing:category' v='A' />
    <tag k='source:maxspeed' v='DE:zone30' />
    <tag k='surface' v='asphalt' />
  </way>
  <way id='468797606' timestamp='2022-09-05T15:33:23Z' uid='12947456' user='hades0299' version='6' changeset='125819824'>
    <nd ref='146249121' />
    <nd ref='370630952' />
    <nd ref='3309531112' />
    <nd ref='370630931' />
    <tag k='highway' v='residential' />
    <tag k='lit' v='yes' />
    <tag k='maxspeed' v='30' />
    <tag k='name' v='Deisterstraße' />
    <tag k='old_name:0--1965-02-11' v='Zollstock' />
    <tag k='sidewalk:left' v='yes' />
    <tag k='sidewalk:right' v='separate' />
    <tag k='snowplowing:category' v='A' />
    <tag k='source:maxspeed' v='DE:zone30' />
    <tag k='surface' v='asphalt' />
  </way>
  <way id='470243144' timestamp='2020-09-29T06:51:08Z' uid='1468043' user='jengelh' version='5' changeset='91684515'>
    <nd ref='4839101107' />
    <nd ref='4839101106' />
    <nd ref='2503344487' />
    <nd ref='146249118' />
    <nd ref='5843414927' />
    <nd ref='3309531111' />
    <nd ref='2449769328' />
    <nd ref='146249121' />
    <tag k='highway' v='residential' />
    <tag k='lit' v='yes' />
    <tag k='maxspeed' v='30' />
    <tag k='name' v='Sollingstraße' />
    <tag k='sidewalk' v='both' />
    <tag k='snowplowing:category' v='A' />
    <tag k='source:maxspeed' v='DE:zone30' />
    <tag k='surface' v='asphalt' />
  </way>
  <way id='477044150' timestamp='2022-01-04T21:00:34Z' uid='1468043' user='jengelh' version='4' changeset='115771698'>
    <nd ref='2503372188' />
    <nd ref='2503372183' />
    <nd ref='4704534939' />
    <nd ref='4704534937' />
    <nd ref='4704534934' />
    <nd ref='4704534935' />
    <nd ref='4704534936' />
    <nd ref='4704534938' />
    <nd ref='2503372188' />
    <tag k='building:levels' v='3' />
    <tag k='building:part' v='residential' />
    <tag k='roof:shape' v='flat' />
  </way>
  <way id='490571616' timestamp='2017-04-30T19:01:36Z' uid='1468043' user='jengelh' version='1' changeset='48289856'>
    <nd ref='4827602806' />
    <nd ref='4827602805' />
    <tag k='natural' v='tree_row' />
    <tag k='source' v='hi-res aerial imagery' />
  </way>
  <way id='491820944' timestamp='2022-09-05T15:33:43Z' uid='12947456' user='hades0299' version='4' changeset='125819824'>
    <nd ref='664446401' />
    <nd ref='309556164' />
    <nd ref='664446399' />
    <nd ref='4839101107' />
    <tag k='highway' v='residential' />
    <tag k='lit' v='yes' />
    <tag k='maxspeed' v='30' />
    <tag k='name' v='Sollingstraße' />
    <tag k='sidewalk:left' v='yes' />
    <tag k='sidewalk:right' v='separate' />
    <tag k='snowplowing:category' v='A' />
    <tag k='source:maxspeed' v='DE:zone30' />
    <tag k='surface' v='asphalt' />
  </way>
  <way id='491820945' timestamp='2020-09-29T06:51:08Z' uid='1468043' user='jengelh' version='2' changeset='91684515'>
    <nd ref='3968668956' />
    <nd ref='4839101109' />
    <nd ref='4839101110' />
    <nd ref='4839101108' />
    <nd ref='4839101107' />
    <tag k='highway' v='footway' />
    <tag k='lit' v='yes' />
    <tag k='source' v='hi-res aerial imagery' />
    <tag k='surface' v='asphalt' />
  </way>
  <way id='491820946' timestamp='2025-08-23T13:18:45Z' uid='1468043' user='jengelh' version='3' changeset='170880560'>
    <nd ref='4839102823' />
    <nd ref='13092496292' />
    <nd ref='13092496291' />
    <nd ref='13092496293' />
    <nd ref='13092496290' />
    <nd ref='364143469' />
    <tag k='highway' v='footway' />
    <tag k='lit' v='yes' />
    <tag k='surface' v='asphalt' />
  </way>
  <way id='618199089' timestamp='2025-03-13T09:16:06Z' uid='1468043' user='jengelh' version='2' changeset='163560956'>
    <nd ref='5843414906' />
    <nd ref='5843414907' />
    <nd ref='5843414908' />
    <tag k='highway' v='footway' />
    <tag k='surface' v='paving_stones' />
  </way>
  <way id='618199090' timestamp='2025-03-13T09:16:06Z' uid='1468043' user='jengelh' version='2' changeset='163560956'>
    <nd ref='5843414909' />
    <nd ref='12658147694' />
    <nd ref='5843414910' />
    <nd ref='5843414917' />
    <tag k='highway' v='footway' />
    <tag k='surface' v='paving_stones' />
  </way>
  <way id='618199091' timestamp='2025-03-13T09:16:06Z' uid='1468043' user='jengelh' version='2' changeset='163560956'>
    <nd ref='5843414911' />
    <nd ref='12658147693' />
    <nd ref='5843414912' />
    <nd ref='5843414913' />
    <tag k='highway' v='footway' />
    <tag k='surface' v='paving_stones' />
  </way>
  <way id='618199094' timestamp='2018-08-20T08:07:26Z' uid='1468043' user='jengelh' version='1' changeset='61814390'>
    <nd ref='5843414928' />
    <nd ref='5843414929' />
    <tag k='highway' v='footway' />
    <tag k='surface' v='paving_stones' />
  </way>
  <way id='618199096' timestamp='2022-09-08T07:37:39Z' uid='12947456' user='hades0299' version='2' changeset='125930222'>
    <nd ref='5843414927' />
    <nd ref='5843414928' />
    <nd ref='5843414925' />
    <nd ref='5843414924' />
    <nd ref='5843414926' />
    <tag k='highway' v='footway' />
    <tag k='lit' v='yes' />
    <tag k='surface' v='paving_stones' />
  </way>
  <way id='670118617' timestamp='2019-02-13T01:06:09Z' uid='1468043' user='jengelh' version='1' changeset='67148115'>
    <nd ref='6275555084' />
    <nd ref='6275555074' />
    <nd ref='6275555075' />
    <nd ref='6275555083' />
    <nd ref='6275555084' />
    <tag k='natural' v='heath' />
  </way>
  <way id='670118618' timestamp='2019-02-13T01:06:09Z' uid='1468043' user='jengelh' version='1' changeset='67148115'>
    <nd ref='6275555079' />
    <nd ref='6275555078' />
    <nd ref='6275555077' />
    <nd ref='6275555076' />
    <nd ref='6275555079' />
    <tag k='natural' v='heath' />
  </way>
  <way id='670118619' timestamp='2019-02-13T01:06:09Z' uid='1468043' user='jengelh' version='1' changeset='67148115'>
    <nd ref='6275555185' />
    <nd ref='6275555082' />
    <nd ref='6275555081' />
    <nd ref='6275555080' />
    <nd ref='6275555185' />
    <tag k='natural' v='heath' />
  </way>
  <way id='670118620' timestamp='2025-08-24T09:51:00Z' uid='1468043' user='jengelh' version='6' changeset='170914867'>
    <nd ref='6275555185' />
    <nd ref='13094131904' />
    <nd ref='13094131903' />
    <nd ref='13094131902' />
    <nd ref='13094131901' />
    <nd ref='13094131900' />
    <nd ref='13094131899' />
    <nd ref='13094131898' />
    <nd ref='13094131897' />
    <nd ref='13094131896' />
    <nd ref='6275555079' />
    <nd ref='6275555078' />
    <nd ref='13094131886' />
    <nd ref='13094131885' />
    <nd ref='13094131884' />
    <nd ref='13094131883' />
    <nd ref='13094131882' />
    <nd ref='13094131881' />
    <nd ref='13094131880' />
    <nd ref='13094131879' />
    <nd ref='13094131878' />
    <nd ref='13094131877' />
    <nd ref='13094131876' />
    <nd ref='13094131875' />
    <nd ref='6275555084' />
    <nd ref='6275555083' />
    <nd ref='13094131863' />
    <nd ref='13094131864' />
    <nd ref='13094131865' />
    <nd ref='13094131866' />
    <nd ref='13094131867' />
    <nd ref='13094131868' />
    <nd ref='13094131869' />
    <nd ref='13094131870' />
    <nd ref='13094131871' />
    <nd ref='13094131872' />
    <nd ref='13094131873' />
    <nd ref='13094131874' />
    <nd ref='6275555077' />
    <nd ref='6275555076' />
    <nd ref='13094131887' />
    <nd ref='13094131888' />
    <nd ref='13094131889' />
    <nd ref='13094131890' />
    <nd ref='13094131891' />
    <nd ref='13094131892' />
    <nd ref='13094131893' />
    <nd ref='13094131894' />
    <nd ref='13094131895' />
    <nd ref='6275555082' />
    <nd ref='6275555185' />
    <tag k='amenity' v='parking' />
    <tag k='capacity:disabled' v='23' />
    <tag k='fee' v='no' />
    <tag k='orientation' v='perpendicular' />
    <tag k='parking' v='street_side' />
    <tag k='surface' v='asphalt' />
  </way>
  <way id='670118624' timestamp='2019-02-13T01:06:09Z' uid='1468043' user='jengelh' version='1' changeset='67148115'>
    <nd ref='6275555214' />
    <nd ref='6275555213' />
    <nd ref='6275555212' />
    <nd ref='6275555211' />
    <nd ref='6275555214' />
    <tag k='building' v='roof' />
  </way>
  <way id='786953633' timestamp='2025-08-23T13:18:45Z' uid='1468043' user='jengelh' version='3' changeset='170880560'>
    <nd ref='7356990275' />
    <nd ref='7356990278' />
    <nd ref='2453094635' />
    <nd ref='13092496555' />
    <nd ref='13092496554' />
    <nd ref='13092496553' />
    <nd ref='13092496552' />
    <nd ref='2453094637' />
    <nd ref='13092496551' />
    <nd ref='7356990277' />
    <nd ref='2453098732' />
    <nd ref='7356990276' />
    <nd ref='7356990273' />
    <nd ref='2453098733' />
    <nd ref='7356990272' />
    <nd ref='13092496536' />
    <nd ref='13092496537' />
    <nd ref='13092496538' />
    <nd ref='13092496539' />
    <nd ref='13092496540' />
    <nd ref='7356990271' />
    <nd ref='7356990274' />
    <nd ref='7356990269' />
    <nd ref='7356990270' />
    <nd ref='7356990275' />
    <tag k='capacity' v='12' />
    <tag k='landuse' v='garages' />
  </way>
  <way id='786988660' timestamp='2020-04-01T23:36:36Z' uid='1468043' user='jengelh' version='1' changeset='82947166'>
    <nd ref='7357324158' />
    <nd ref='7357324159' />
    <tag k='highway' v='service' />
    <tag k='service' v='parking_aisle' />
    <tag k='sidewalk' v='no' />
  </way>
  <way id='786988661' timestamp='2020-04-01T23:36:36Z' uid='1468043' user='jengelh' version='1' changeset='82947166'>
    <nd ref='7357324160' />
    <nd ref='7357324158' />
    <tag k='highway' v='service' />
    <tag k='service' v='driveway' />
    <tag k='sidewalk' v='no' />
  </way>
  <way id='788043866' timestamp='2020-04-04T21:34:37Z' uid='1468043' user='jengelh' version='1' changeset='83083781'>
    <nd ref='4352653224' />
    <nd ref='1644022480' />
    <nd ref='7367569515' />
    <tag k='highway' v='service' />
    <tag k='service' v='parking_aisle' />
    <tag k='sidewalk' v='no' />
    <tag k='surface' v='paving_stones' />
  </way>
  <way id='949441306' timestamp='2021-06-01T16:05:14Z' uid='1468043' user='jengelh' version='1' changeset='105687434'>
    <nd ref='8789742087' />
    <nd ref='8789742086' />
    <tag k='highway' v='path' />
    <tag k='surface' v='compacted' />
    <tag k='survey:date' v='2021-05-30' />
  </way>
  <way id='1054070432' timestamp='2022-04-22T20:46:34Z' uid='1468043' user='jengelh' version='1' changeset='120069344'>
    <nd ref='9686651145' />
    <nd ref='9686651144' />
    <nd ref='9686651143' />
    <nd ref='9686651142' />
    <nd ref='9686651145' />
    <tag k='building' v='roof' />
    <tag k='survey:date' v='2022-04-22' />
  </way>
  <way id='1092146630' timestamp='2022-09-05T15:34:50Z' uid='12947456' user='hades0299' version='2' changeset='125820006'>
    <nd ref='3915391132' />
    <nd ref='3915392464' />
    <tag k='highway' v='footway' />
    <tag k='lit' v='yes' />
    <tag k='source' v='hi-res aerial imagery' />
    <tag k='surface' v='asphalt' />
  </way>
  <way id='1150395141' timestamp='2023-03-01T10:34:53Z' uid='1468043' user='jengelh' version='1' changeset='133165602'>
    <nd ref='4110225982' />
    <nd ref='4110225983' />
    <nd ref='10701503231' />
    <nd ref='10701503230' />
    <nd ref='4110225982' />
    <tag k='building' v='shed' />
    <tag k='building:levels' v='1' />
    <tag k='roof:shape' v='flat' />
  </way>
  <way id='1219780928' timestamp='2023-10-31T14:31:24Z' uid='1468043' user='jengelh' version='1' changeset='143424791'>
    <nd ref='11302503252' />
    <nd ref='2503344483' />
    <nd ref='2503344486' />
    <nd ref='2503344485' />
    <nd ref='2503344481' />
    <nd ref='2503344479' />
    <nd ref='2503344473' />
    <nd ref='2503344475' />
    <nd ref='2503344469' />
    <nd ref='427547210' />
    <nd ref='2503344472' />
    <nd ref='2503344476' />
    <nd ref='2503344478' />
    <nd ref='11302503257' />
    <nd ref='11302503253' />
    <nd ref='11302503254' />
    <nd ref='11302503252' />
    <tag k='building:levels' v='8' />
    <tag k='building:part' v='apartments' />
  </way>
  <way id='1219780929' timestamp='2023-10-31T14:31:24Z' uid='1468043' user='jengelh' version='1' changeset='143424791'>
    <nd ref='2503344484' />
    <nd ref='2503344483' />
    <nd ref='11302503252' />
    <nd ref='11302503254' />
    <nd ref='11302503253' />
    <nd ref='11302503257' />
    <nd ref='2503344484' />
    <tag k='building:levels' v='1' />
    <tag k='building:part' v='apartments' />
  </way>
  <way id='1219780930' timestamp='2023-10-31T14:31:24Z' uid='1468043' user='jengelh' version='1' changeset='143424791'>
    <nd ref='11302503254' />
    <nd ref='11302503252' />
    <nd ref='11302503255' />
    <nd ref='11302503256' />
    <nd ref='11302503253' />
    <nd ref='11302503254' />
    <tag k='building:levels' v='9' />
    <tag k='building:part' v='apartments' />
  </way>
  <way id='1340339823' timestamp='2025-08-23T13:18:45Z' uid='1468043' user='jengelh' version='2' changeset='170880560'>
    <nd ref='12398310537' />
    <nd ref='13092496445' />
    <nd ref='13092496450' />
    <nd ref='13092496451' />
    <nd ref='13092496484' />
    <nd ref='13092496485' />
    <nd ref='13092496467' />
    <nd ref='364143458' />
    <nd ref='13092496459' />
    <nd ref='13092496460' />
    <nd ref='13092496461' />
    <nd ref='13092496462' />
    <nd ref='13092496463' />
    <nd ref='13092496464' />
    <nd ref='13092496465' />
    <nd ref='364143461' />
    <nd ref='13092496466' />
    <nd ref='13092496482' />
    <nd ref='13092496483' />
    <nd ref='12398310538' />
    <nd ref='13092496447' />
    <nd ref='13092496438' />
    <nd ref='13092496439' />
    <nd ref='13092496440' />
    <nd ref='13092496441' />
    <nd ref='13092496442' />
    <nd ref='13092496443' />
    <nd ref='13092496444' />
    <nd ref='12398310537' />
    <tag k='access' v='private' />
    <tag k='amenity' v='parking' />
    <tag k='capacity' v='32' />
    <tag k='fee' v='no' />
    <tag k='operator' v='LEG Immobilien' />
    <tag k='orientation' v='perpendicular' />
    <tag k='parking' v='surface' />
  </way>
  <way id='1340339824' timestamp='2025-08-23T13:18:45Z' uid='1468043' user='jengelh' version='2' changeset='170880560'>
    <nd ref='12398310538' />
    <nd ref='12398310539' />
    <nd ref='13092496319' />
    <nd ref='2503372147' />
    <nd ref='12398310537' />
    <nd ref='13092496444' />
    <nd ref='13092496443' />
    <nd ref='13092496442' />
    <nd ref='13092496441' />
    <nd ref='13092496440' />
    <nd ref='13092496439' />
    <nd ref='13092496438' />
    <nd ref='13092496447' />
    <nd ref='12398310538' />
    <tag k='natural' v='scrub' />
  </way>
  <way id='1366767834' timestamp='2025-03-13T09:16:06Z' uid='1468043' user='jengelh' version='1' changeset='163560956'>
    <nd ref='1637147965' />
    <nd ref='12658147654' />
    <nd ref='12658147655' />
    <nd ref='1637147944' />
    <nd ref='1637147965' />
    <tag k='landuse' v='grass' />
  </way>
  <way id='1366767835' timestamp='2025-03-13T09:16:06Z' uid='1468043' user='jengelh' version='1' changeset='163560956'>
    <nd ref='12658147659' />
    <nd ref='12658147658' />
    <nd ref='12658147657' />
    <nd ref='12658147656' />
    <nd ref='12658147659' />
    <tag k='landuse' v='grass' />
  </way>
  <way id='1366767836' timestamp='2025-03-13T09:16:06Z' uid='1468043' user='jengelh' version='1' changeset='163560956'>
    <nd ref='12658147663' />
    <nd ref='12658147662' />
    <nd ref='12658147661' />
    <nd ref='12658147660' />
    <nd ref='12658147663' />
    <tag k='landuse' v='grass' />
  </way>
  <way id='1366767849' timestamp='2025-03-13T09:16:06Z' uid='1468043' user='jengelh' version='1' changeset='163560956'>
    <nd ref='5843414904' />
    <nd ref='5843414905' />
    <nd ref='5843414906' />
    <nd ref='12658147694' />
    <nd ref='12658147693' />
    <nd ref='12658147692' />
    <nd ref='12658159502' />
    <nd ref='12658147691' />
    <nd ref='12658159501' />
    <nd ref='12658147700' />
    <nd ref='12658147699' />
    <nd ref='12658147698' />
    <nd ref='12658147697' />
    <nd ref='12658147696' />
    <nd ref='12658147695' />
    <tag k='highway' v='footway' />
    <tag k='surface' v='paving_stones' />
  </way>
  <way id='1424400528' timestamp='2025-08-23T13:18:45Z' uid='1468043' user='jengelh' version='1' changeset='170880560'>
    <nd ref='1644022549' />
    <nd ref='3915391119' />
    <tag k='highway' v='footway' />
    <tag k='surface' v='concrete' />
  </way>
  <way id='1424400529' timestamp='2025-08-23T13:18:45Z' uid='1468043' user='jengelh' version='1' changeset='170880560'>
    <nd ref='13092493563' />
    <nd ref='13092493556' />
    <nd ref='13092493571' />
    <nd ref='13092493572' />
    <nd ref='13092493563' />
    <tag k='amenity' v='parking_space' />
  </way>
  <way id='1424400530' timestamp='2025-08-23T13:18:45Z' uid='1468043' user='jengelh' version='1' changeset='170880560'>
    <nd ref='13092493564' />
    <nd ref='13092493557' />
    <nd ref='13092493556' />
    <nd ref='13092493563' />
    <nd ref='13092493564' />
    <tag k='amenity' v='parking_space' />
  </way>
  <way id='1424400531' timestamp='2025-08-23T13:18:45Z' uid='1468043' user='jengelh' version='1' changeset='170880560'>
    <nd ref='13092493565' />
    <nd ref='13092493558' />
    <nd ref='13092493557' />
    <nd ref='13092493564' />
    <nd ref='13092493565' />
    <tag k='amenity' v='parking_space' />
  </way>
  <way id='1424400532' timestamp='2025-08-23T13:18:45Z' uid='1468043' user='jengelh' version='1' changeset='170880560'>
    <nd ref='13092493566' />
    <nd ref='13092493559' />
    <nd ref='13092493558' />
    <nd ref='13092493565' />
    <nd ref='13092493566' />
    <tag k='amenity' v='parking_space' />
  </way>
  <way id='1424400533' timestamp='2025-08-23T13:18:45Z' uid='1468043' user='jengelh' version='1' changeset='170880560'>
    <nd ref='13092493567' />
    <nd ref='13092493560' />
    <nd ref='13092493559' />
    <nd ref='13092493566' />
    <nd ref='13092493567' />
    <tag k='amenity' v='parking_space' />
  </way>
  <way id='1424400534' timestamp='2025-08-23T13:18:45Z' uid='1468043' user='jengelh' version='1' changeset='170880560'>
    <nd ref='13092493568' />
    <nd ref='13092493561' />
    <nd ref='13092493560' />
    <nd ref='13092493567' />
    <nd ref='13092493568' />
    <tag k='amenity' v='parking_space' />
  </way>
  <way id='1424400535' timestamp='2025-08-23T13:18:45Z' uid='1468043' user='jengelh' version='1' changeset='170880560'>
    <nd ref='13092493569' />
    <nd ref='13092493562' />
    <nd ref='13092493561' />
    <nd ref='13092493568' />
    <nd ref='13092493569' />
    <tag k='amenity' v='parking_space' />
  </way>
  <way id='1424400536' timestamp='2025-08-23T13:18:45Z' uid='1468043' user='jengelh' version='1' changeset='170880560'>
    <nd ref='13092493576' />
    <nd ref='13092493570' />
    <nd ref='13092493562' />
    <nd ref='13092493569' />
    <nd ref='13092493576' />
    <tag k='amenity' v='parking_space' />
  </way>
  <way id='1424400537' timestamp='2025-08-23T13:18:45Z' uid='1468043' user='jengelh' version='1' changeset='170880560'>
    <nd ref='13092493574' />
    <nd ref='13092493575' />
    <nd ref='13092493576' />
    <nd ref='13092493573' />
    <nd ref='13092493574' />
    <tag k='amenity' v='parking_space' />
  </way>
  <way id='1424400538' timestamp='2025-08-23T13:18:45Z' uid='1468043' user='jengelh' version='1' changeset='170880560'>
    <nd ref='1644022553' />
    <nd ref='13092493574' />
    <nd ref='13092493573' />
    <nd ref='13092493577' />
    <nd ref='1644022553' />
    <tag k='amenity' v='parking_space' />
  </way>
  <way id='1424400539' timestamp='2025-08-23T13:18:45Z' uid='1468043' user='jengelh' version='1' changeset='170880560'>
    <nd ref='1644022545' />
    <nd ref='13092493579' />
    <nd ref='13092493580' />
    <nd ref='13092493581' />
    <tag k='highway' v='footway' />
    <tag k='surface' v='paved' />
  </way>
  <way id='1424400540' timestamp='2025-08-23T13:18:45Z' uid='1468043' user='jengelh' version='1' changeset='170880560'>
    <nd ref='13092493585' />
    <nd ref='13092493582' />
    <nd ref='13092493589' />
    <nd ref='13092493590' />
    <nd ref='13092493585' />
    <tag k='amenity' v='parking_space' />
  </way>
  <way id='1424400541' timestamp='2025-08-23T13:18:45Z' uid='1468043' user='jengelh' version='1' changeset='170880560'>
    <nd ref='13092493586' />
    <nd ref='13092493583' />
    <nd ref='13092493582' />
    <nd ref='13092493585' />
    <nd ref='13092493586' />
    <tag k='amenity' v='parking_space' />
  </way>
  <way id='1424400542' timestamp='2025-08-23T13:18:45Z' uid='1468043' user='jengelh' version='1' changeset='170880560'>
    <nd ref='13092493587' />
    <nd ref='13092493584' />
    <nd ref='13092493583' />
    <nd ref='13092493586' />
    <nd ref='13092493587' />
    <tag k='amenity' v='parking_space' />
  </way>
  <way id='1424400543' timestamp='2025-08-23T13:18:45Z' uid='1468043' user='jengelh' version='1' changeset='170880560'>
    <nd ref='13092493591' />
    <nd ref='13092493588' />
    <nd ref='13092493584' />
    <nd ref='13092493587' />
    <nd ref='13092493591' />
    <tag k='amenity' v='parking_space' />
  </way>
  <way id='1424400544' timestamp='2025-08-23T13:18:45Z' uid='1468043' user='jengelh' version='1' changeset='170880560'>
    <nd ref='13092493600' />
    <nd ref='13092493592' />
    <nd ref='13092496209' />
    <nd ref='13092496210' />
    <nd ref='13092493600' />
    <tag k='amenity' v='parking_space' />
  </way>
  <way id='1424400545' timestamp='2025-08-23T13:18:45Z' uid='1468043' user='jengelh' version='1' changeset='170880560'>
    <nd ref='13092496201' />
    <nd ref='13092493593' />
    <nd ref='13092493592' />
    <nd ref='13092493600' />
    <nd ref='13092496201' />
    <tag k='amenity' v='parking_space' />
  </way>
  <way id='1424400546' timestamp='2025-08-23T13:18:45Z' uid='1468043' user='jengelh' version='1' changeset='170880560'>
    <nd ref='13092496202' />
    <nd ref='13092493594' />
    <nd ref='13092493593' />
    <nd ref='13092496201' />
    <nd ref='13092496202' />
    <tag k='amenity' v='parking_space' />
  </way>
  <way id='1424400547' timestamp='2025-08-23T13:18:45Z' uid='1468043' user='jengelh' version='1' changeset='170880560'>
    <nd ref='13092496203' />
    <nd ref='13092493595' />
    <nd ref='13092493594' />
    <nd ref='13092496202' />
    <nd ref='13092496203' />
    <tag k='amenity' v='parking_space' />
  </way>
  <way id='1424400548' timestamp='2025-08-23T13:18:45Z' uid='1468043' user='jengelh' version='1' changeset='170880560'>
    <nd ref='13092496204' />
    <nd ref='13092493596' />
    <nd ref='13092493595' />
    <nd ref='13092496203' />
    <nd ref='13092496204' />
    <tag k='amenity' v='parking_space' />
  </way>
  <way id='1424400549' timestamp='2025-08-23T13:18:45Z' uid='1468043' user='jengelh' version='1' changeset='170880560'>
    <nd ref='13092496205' />
    <nd ref='13092493597' />
    <nd ref='13092493596' />
    <nd ref='13092496204' />
    <nd ref='13092496205' />
    <tag k='amenity' v='parking_space' />
  </way>
  <way id='1424400550' timestamp='2025-08-23T13:18:45Z' uid='1468043' user='jengelh' version='1' changeset='170880560'>
    <nd ref='13092496206' />
    <nd ref='13092493598' />
    <nd ref='4110090260' />
    <nd ref='13092493597' />
    <nd ref='13092496205' />
    <nd ref='13092496206' />
    <tag k='amenity' v='parking_space' />
  </way>
  <way id='1424400551' timestamp='2025-08-23T13:18:45Z' uid='1468043' user='jengelh' version='1' changeset='170880560'>
    <nd ref='13092496207' />
    <nd ref='13092493599' />
    <nd ref='13092493598' />
    <nd ref='13092496206' />
    <nd ref='13092496207' />
    <tag k='amenity' v='parking_space' />
  </way>
  <way id='1424400552' timestamp='2025-08-23T13:18:45Z' uid='1468043' user='jengelh' version='1' changeset='170880560'>
    <nd ref='13092496211' />
    <nd ref='13092496208' />
    <nd ref='4110090258' />
    <nd ref='13092493599' />
    <nd ref='13092496207' />
    <nd ref='13092496211' />
    <tag k='amenity' v='parking_space' />
  </way>
  <way id='1424400553' timestamp='2025-08-23T13:18:45Z' uid='1468043' user='jengelh' version='1' changeset='170880560'>
    <nd ref='13092496221' />
    <nd ref='13092496212' />
    <nd ref='13092496231' />
    <nd ref='13092496232' />
    <nd ref='13092496221' />
    <tag k='amenity' v='parking_space' />
  </way>
  <way id='1424400554' timestamp='2025-08-23T13:18:45Z' uid='1468043' user='jengelh' version='1' changeset='170880560'>
    <nd ref='13092496222' />
    <nd ref='13092496213' />
    <nd ref='13092496212' />
    <nd ref='13092496221' />
    <nd ref='13092496222' />
    <tag k='amenity' v='parking_space' />
  </way>
  <way id='1424400555' timestamp='2025-08-23T13:18:45Z' uid='1468043' user='jengelh' version='1' changeset='170880560'>
    <nd ref='13092496223' />
    <nd ref='13092496214' />
    <nd ref='13092496213' />
    <nd ref='13092496222' />
    <nd ref='13092496223' />
    <tag k='amenity' v='parking_space' />
  </way>
  <way id='1424400556' timestamp='2025-08-23T13:18:45Z' uid='1468043' user='jengelh' version='1' changeset='170880560'>
    <nd ref='13092496224' />
    <nd ref='13092496215' />
    <nd ref='13092496214' />
    <nd ref='13092496223' />
    <nd ref='13092496224' />
    <tag k='amenity' v='parking_space' />
  </way>
  <way id='1424400557' timestamp='2025-08-23T13:18:45Z' uid='1468043' user='jengelh' version='1' changeset='170880560'>
    <nd ref='13092496225' />
    <nd ref='13092496216' />
    <nd ref='13092496215' />
    <nd ref='13092496224' />
    <nd ref='13092496225' />
    <tag k='amenity' v='parking_space' />
  </way>
  <way id='1424400558' timestamp='2025-08-23T13:18:45Z' uid='1468043' user='jengelh' version='1' changeset='170880560'>
    <nd ref='13092496226' />
    <nd ref='13092496217' />
    <nd ref='13092496216' />
    <nd ref='13092496225' />
    <nd ref='13092496226' />
    <tag k='amenity' v='parking_space' />
  </way>
  <way id='1424400559' timestamp='2025-08-23T13:18:45Z' uid='1468043' user='jengelh' version='1' changeset='170880560'>
    <nd ref='13092496227' />
    <nd ref='13092496218' />
    <nd ref='13092496217' />
    <nd ref='13092496226' />
    <nd ref='13092496227' />
    <tag k='amenity' v='parking_space' />
  </way>
  <way id='1424400560' timestamp='2025-08-23T13:18:45Z' uid='1468043' user='jengelh' version='1' changeset='170880560'>
    <nd ref='13092496228' />
    <nd ref='13092496219' />
    <nd ref='13092496218' />
    <nd ref='13092496227' />
    <nd ref='13092496228' />
    <tag k='amenity' v='parking_space' />
  </way>
  <way id='1424400561' timestamp='2025-08-23T13:18:45Z' uid='1468043' user='jengelh' version='1' changeset='170880560'>
    <nd ref='13092496229' />
    <nd ref='13092496220' />
    <nd ref='13092496219' />
    <nd ref='13092496228' />
    <nd ref='13092496229' />
    <tag k='amenity' v='parking_space' />
  </way>
  <way id='1424400562' timestamp='2025-08-23T13:18:45Z' uid='1468043' user='jengelh' version='1' changeset='170880560'>
    <nd ref='13092496233' />
    <nd ref='13092496230' />
    <nd ref='13092496220' />
    <nd ref='13092496229' />
    <nd ref='13092496233' />
    <tag k='amenity' v='parking_space' />
  </way>
  <way id='1424400563' timestamp='2025-08-23T13:18:45Z' uid='1468043' user='jengelh' version='1' changeset='170880560'>
    <nd ref='13092496242' />
    <nd ref='13092496241' />
    <nd ref='13092496235' />
    <nd ref='3968668954' />
    <nd ref='13092496242' />
    <tag k='amenity' v='parking_space' />
  </way>
  <way id='1424400564' timestamp='2025-08-23T13:18:45Z' uid='1468043' user='jengelh' version='1' changeset='170880560'>
    <nd ref='13092496242' />
    <nd ref='3968668954' />
    <nd ref='13092496237' />
    <nd ref='13092496238' />
    <nd ref='13092496242' />
    <tag k='amenity' v='parking_space' />
  </way>
  <way id='1424400565' timestamp='2025-08-23T13:18:45Z' uid='1468043' user='jengelh' version='1' changeset='170880560'>
    <nd ref='13092496234' />
    <nd ref='13092496240' />
    <nd ref='13092496239' />
    <nd ref='3968670259' />
    <nd ref='13092496234' />
    <tag k='amenity' v='parking_space' />
  </way>
  <way id='1424400566' timestamp='2025-08-23T13:18:45Z' uid='1468043' user='jengelh' version='1' changeset='170880560'>
    <nd ref='13092496241' />
    <nd ref='13092496234' />
    <nd ref='3968670259' />
    <nd ref='13092496235' />
    <nd ref='13092496241' />
    <tag k='amenity' v='parking_space' />
  </way>
  <way id='1424400567' timestamp='2025-08-23T13:18:45Z' uid='1468043' user='jengelh' version='1' changeset='170880560'>
    <nd ref='3968668950' />
    <nd ref='13092496249' />
    <nd ref='13092496257' />
    <nd ref='13092496236' />
    <nd ref='3968668950' />
    <tag k='amenity' v='parking_space' />
  </way>
  <way id='1424400568' timestamp='2025-08-23T13:18:45Z' uid='1468043' user='jengelh' version='1' changeset='170880560'>
    <nd ref='3968668947' />
    <nd ref='13092496238' />
    <nd ref='13092496237' />
    <nd ref='3968668950' />
    <nd ref='13092496236' />
    <nd ref='3968668947' />
    <tag k='amenity' v='parking_space' />
  </way>
  <way id='1424400569' timestamp='2025-08-23T13:18:45Z' uid='1468043' user='jengelh' version='1' changeset='170880560'>
    <nd ref='13092496250' />
    <nd ref='13092496243' />
    <nd ref='3968668943' />
    <nd ref='3968668938' />
    <nd ref='13092496250' />
    <tag k='amenity' v='parking_space' />
  </way>
  <way id='1424400570' timestamp='2025-08-23T13:18:45Z' uid='1468043' user='jengelh' version='1' changeset='170880560'>
    <nd ref='13092496251' />
    <nd ref='13092496244' />
    <nd ref='13092496243' />
    <nd ref='13092496250' />
    <nd ref='13092496251' />
    <tag k='amenity' v='parking_space' />
  </way>
  <way id='1424400571' timestamp='2025-08-23T13:18:45Z' uid='1468043' user='jengelh' version='1' changeset='170880560'>
    <nd ref='13092496252' />
    <nd ref='13092496245' />
    <nd ref='13092496244' />
    <nd ref='13092496251' />
    <nd ref='13092496252' />
    <tag k='amenity' v='parking_space' />
  </way>
  <way id='1424400572' timestamp='2025-08-23T13:18:45Z' uid='1468043' user='jengelh' version='1' changeset='170880560'>
    <nd ref='13092496253' />
    <nd ref='13092496246' />
    <nd ref='13092496245' />
    <nd ref='13092496252' />
    <nd ref='13092496253' />
    <tag k='amenity' v='parking_space' />
  </way>
  <way id='1424400573' timestamp='2025-08-23T13:18:45Z' uid='1468043' user='jengelh' version='1' changeset='170880560'>
    <nd ref='13092496254' />
    <nd ref='13092496247' />
    <nd ref='13092496246' />
    <nd ref='13092496253' />
    <nd ref='13092496254' />
    <tag k='amenity' v='parking_space' />
  </way>
  <way id='1424400574' timestamp='2025-08-23T13:18:45Z' uid='1468043' user='jengelh' version='1' changeset='170880560'>
    <nd ref='13092496255' />
    <nd ref='13092496248' />
    <nd ref='13092496247' />
    <nd ref='13092496254' />
    <nd ref='13092496255' />
    <tag k='amenity' v='parking_space' />
  </way>
  <way id='1424400575' timestamp='2025-08-23T13:18:45Z' uid='1468043' user='jengelh' version='1' changeset='170880560'>
    <nd ref='13092496256' />
    <nd ref='3968668946' />
    <nd ref='13092496248' />
    <nd ref='13092496255' />
    <nd ref='13092496256' />
    <tag k='amenity' v='parking_space' />
  </way>
  <way id='1424400576' timestamp='2025-08-23T13:18:45Z' uid='1468043' user='jengelh' version='1' changeset='170880560'>
    <nd ref='13092496257' />
    <nd ref='13092496249' />
    <nd ref='3968668946' />
    <nd ref='13092496256' />
    <nd ref='13092496257' />
    <tag k='amenity' v='parking_space' />
  </way>
  <way id='1424400577' timestamp='2025-08-23T13:18:45Z' uid='1468043' user='jengelh' version='1' changeset='170880560'>
    <nd ref='13092496263' />
    <nd ref='13092496262' />
    <nd ref='13092496261' />
    <nd ref='13092496258' />
    <nd ref='13092496260' />
    <nd ref='13092496259' />
    <nd ref='13092496263' />
    <tag k='landuse' v='grass' />
  </way>
  <way id='1424400578' timestamp='2025-08-23T13:18:45Z' uid='1468043' user='jengelh' version='1' changeset='170880560'>
    <nd ref='13092496268' />
    <nd ref='13092496287' />
    <nd ref='13092496272' />
    <nd ref='13092496264' />
    <nd ref='13092496268' />
    <tag k='amenity' v='parking_space' />
  </way>
  <way id='1424400579' timestamp='2025-08-23T13:18:45Z' uid='1468043' user='jengelh' version='1' changeset='170880560'>
    <nd ref='13092496269' />
    <nd ref='13092496268' />
    <nd ref='13092496264' />
    <nd ref='13092496265' />
    <nd ref='13092496269' />
    <tag k='amenity' v='parking_space' />
  </way>
  <way id='1424400580' timestamp='2025-08-23T13:18:45Z' uid='1468043' user='jengelh' version='1' changeset='170880560'>
    <nd ref='13092496270' />
    <nd ref='13092496269' />
    <nd ref='13092496265' />
    <nd ref='13092496266' />
    <nd ref='13092496270' />
    <tag k='amenity' v='parking_space' />
  </way>
  <way id='1424400581' timestamp='2025-08-23T13:18:45Z' uid='1468043' user='jengelh' version='1' changeset='170880560'>
    <nd ref='13092496271' />
    <nd ref='13092496270' />
    <nd ref='13092496266' />
    <nd ref='13092496267' />
    <nd ref='13092496271' />
    <tag k='amenity' v='parking_space' />
  </way>
  <way id='1424400582' timestamp='2025-08-23T13:18:45Z' uid='1468043' user='jengelh' version='1' changeset='170880560'>
    <nd ref='13092496278' />
    <nd ref='13092496273' />
    <nd ref='364143459' />
    <nd ref='13092496289' />
    <nd ref='13092496278' />
    <tag k='amenity' v='parking_space' />
  </way>
  <way id='1424400583' timestamp='2025-08-23T13:18:45Z' uid='1468043' user='jengelh' version='1' changeset='170880560'>
    <nd ref='13092496279' />
    <nd ref='13092496274' />
    <nd ref='13092496273' />
    <nd ref='13092496278' />
    <nd ref='13092496279' />
    <tag k='amenity' v='parking_space' />
  </way>
  <way id='1424400584' timestamp='2025-08-23T13:18:45Z' uid='1468043' user='jengelh' version='1' changeset='170880560'>
    <nd ref='13092496280' />
    <nd ref='13092496275' />
    <nd ref='13092496274' />
    <nd ref='13092496279' />
    <nd ref='13092496280' />
    <tag k='amenity' v='parking_space' />
  </way>
  <way id='1424400585' timestamp='2025-08-23T13:18:45Z' uid='1468043' user='jengelh' version='1' changeset='170880560'>
    <nd ref='13092496281' />
    <nd ref='13092496276' />
    <nd ref='13092496275' />
    <nd ref='13092496280' />
    <nd ref='13092496281' />
    <tag k='amenity' v='parking_space' />
  </way>
  <way id='1424400586' timestamp='2025-08-23T13:18:45Z' uid='1468043' user='jengelh' version='1' changeset='170880560'>
    <nd ref='13092496282' />
    <nd ref='13092496277' />
    <nd ref='2503372167' />
    <nd ref='13092496276' />
    <nd ref='13092496281' />
    <nd ref='13092496282' />
    <tag k='amenity' v='trolley_bay' />
    <tag k='building' v='roof' />
    <tag k='roof:shape' v='gabled' />
  </way>
  <way id='1424400587' timestamp='2025-08-23T13:18:45Z' uid='1468043' user='jengelh' version='1' changeset='170880560'>
    <nd ref='13092496283' />
    <nd ref='13092496271' />
    <nd ref='13092496277' />
    <nd ref='13092496282' />
    <nd ref='13092496283' />
    <tag k='amenity' v='parking_space' />
  </way>
  <way id='1424400588' timestamp='2025-08-23T13:18:45Z' uid='1468043' user='jengelh' version='1' changeset='170880560'>
    <nd ref='13092496284' />
    <nd ref='13092496270' />
    <nd ref='13092496271' />
    <nd ref='13092496283' />
    <nd ref='13092496284' />
    <tag k='amenity' v='parking_space' />
  </way>
  <way id='1424400589' timestamp='2025-08-23T13:18:45Z' uid='1468043' user='jengelh' version='1' changeset='170880560'>
    <nd ref='13092496285' />
    <nd ref='13092496269' />
    <nd ref='13092496270' />
    <nd ref='13092496284' />
    <nd ref='13092496285' />
    <tag k='amenity' v='parking_space' />
  </way>
  <way id='1424400590' timestamp='2025-08-23T13:18:45Z' uid='1468043' user='jengelh' version='1' changeset='170880560'>
    <nd ref='13092496286' />
    <nd ref='13092496268' />
    <nd ref='13092496269' />
    <nd ref='13092496285' />
    <nd ref='13092496286' />
    <tag k='amenity' v='parking_space' />
  </way>
  <way id='1424400591' timestamp='2025-08-23T13:18:45Z' uid='1468043' user='jengelh' version='1' changeset='170880560'>
    <nd ref='13092496288' />
    <nd ref='13092496287' />
    <nd ref='13092496268' />
    <nd ref='13092496286' />
    <nd ref='13092496288' />
    <tag k='amenity' v='parking_space' />
  </way>
  <way id='1424400592' timestamp='2025-08-23T13:18:45Z' uid='1468043' user='jengelh' version='1' changeset='170880560'>
    <nd ref='13092496297' />
    <nd ref='13092496296' />
    <nd ref='13092496295' />
    <nd ref='13092496294' />
    <nd ref='13092496297' />
    <tag k='natural' v='scrub' />
  </way>
  <way id='1424400593' timestamp='2025-08-23T13:18:45Z' uid='1468043' user='jengelh' version='1' changeset='170880560'>
    <nd ref='13092496319' />
    <nd ref='12398310539' />
    <nd ref='13092496298' />
    <nd ref='13092496317' />
    <nd ref='13092496319' />
    <tag k='amenity' v='parking_space' />
  </way>
  <way id='1424400594' timestamp='2025-08-23T13:18:45Z' uid='1468043' user='jengelh' version='1' changeset='170880560'>
    <nd ref='13092496308' />
    <nd ref='13092496318' />
    <nd ref='2503372152' />
    <nd ref='13092496299' />
    <nd ref='13092496308' />
    <tag k='amenity' v='parking_space' />
  </way>
  <way id='1424400595' timestamp='2025-08-23T13:18:45Z' uid='1468043' user='jengelh' version='1' changeset='170880560'>
    <nd ref='13092496309' />
    <nd ref='13092496308' />
    <nd ref='13092496299' />
    <nd ref='13092496300' />
    <nd ref='13092496309' />
    <tag k='amenity' v='parking_space' />
  </way>
  <way id='1424400596' timestamp='2025-08-23T13:18:45Z' uid='1468043' user='jengelh' version='1' changeset='170880560'>
    <nd ref='13092496310' />
    <nd ref='13092496309' />
    <nd ref='13092496300' />
    <nd ref='13092496301' />
    <nd ref='13092496310' />
    <tag k='amenity' v='parking_space' />
  </way>
  <way id='1424400597' timestamp='2025-08-23T13:18:45Z' uid='1468043' user='jengelh' version='1' changeset='170880560'>
    <nd ref='13092496311' />
    <nd ref='13092496310' />
    <nd ref='13092496301' />
    <nd ref='13092496302' />
    <nd ref='13092496311' />
    <tag k='amenity' v='parking_space' />
  </way>
  <way id='1424400598' timestamp='2025-08-23T13:18:45Z' uid='1468043' user='jengelh' version='1' changeset='170880560'>
    <nd ref='13092496312' />
    <nd ref='13092496311' />
    <nd ref='13092496302' />
    <nd ref='13092496303' />
    <nd ref='13092496312' />
    <tag k='amenity' v='parking_space' />
  </way>
  <way id='1424400599' timestamp='2025-08-23T13:18:45Z' uid='1468043' user='jengelh' version='1' changeset='170880560'>
    <nd ref='13092496313' />
    <nd ref='13092496312' />
    <nd ref='13092496303' />
    <nd ref='13092496304' />
    <nd ref='13092496313' />
    <tag k='amenity' v='parking_space' />
  </way>
  <way id='1424400600' timestamp='2025-08-23T13:18:45Z' uid='1468043' user='jengelh' version='1' changeset='170880560'>
    <nd ref='13092496314' />
    <nd ref='13092496313' />
    <nd ref='13092496304' />
    <nd ref='13092496305' />
    <nd ref='13092496314' />
    <tag k='amenity' v='parking_space' />
  </way>
  <way id='1424400601' timestamp='2025-08-23T13:18:45Z' uid='1468043' user='jengelh' version='1' changeset='170880560'>
    <nd ref='13092496315' />
    <nd ref='13092496314' />
    <nd ref='13092496305' />
    <nd ref='13092496306' />
    <nd ref='13092496315' />
    <tag k='amenity' v='parking_space' />
  </way>
  <way id='1424400602' timestamp='2025-08-23T13:18:45Z' uid='1468043' user='jengelh' version='1' changeset='170880560'>
    <nd ref='13092496316' />
    <nd ref='13092496315' />
    <nd ref='13092496306' />
    <nd ref='13092496307' />
    <nd ref='13092496316' />
    <tag k='amenity' v='parking_space' />
  </way>
  <way id='1424400603' timestamp='2025-08-23T13:18:45Z' uid='1468043' user='jengelh' version='1' changeset='170880560'>
    <nd ref='13092496317' />
    <nd ref='13092496316' />
    <nd ref='13092496307' />
    <nd ref='13092496319' />
    <nd ref='13092496317' />
    <tag k='amenity' v='parking_space' />
  </way>
  <way id='1424400604' timestamp='2025-08-23T13:18:45Z' uid='1468043' user='jengelh' version='1' changeset='170880560'>
    <nd ref='4827602801' />
    <nd ref='13092496345' />
    <nd ref='13092496348' />
    <nd ref='13092496320' />
    <nd ref='4827602801' />
    <tag k='amenity' v='parking_space' />
  </way>
  <way id='1424400605' timestamp='2025-08-23T13:18:45Z' uid='1468043' user='jengelh' version='1' changeset='170880560'>
    <nd ref='13092496329' />
    <nd ref='4827602801' />
    <nd ref='13092496320' />
    <nd ref='13092496321' />
    <nd ref='13092496329' />
    <tag k='amenity' v='parking_space' />
  </way>
  <way id='1424400606' timestamp='2025-08-23T13:18:45Z' uid='1468043' user='jengelh' version='1' changeset='170880560'>
    <nd ref='13092496330' />
    <nd ref='13092496329' />
    <nd ref='13092496321' />
    <nd ref='13092496322' />
    <nd ref='13092496330' />
    <tag k='amenity' v='parking_space' />
  </way>
  <way id='1424400607' timestamp='2025-08-23T13:18:45Z' uid='1468043' user='jengelh' version='1' changeset='170880560'>
    <nd ref='4839102821' />
    <nd ref='13092496330' />
    <nd ref='13092496322' />
    <nd ref='13092496323' />
    <nd ref='4839102821' />
    <tag k='amenity' v='parking_space' />
  </way>
  <way id='1424400608' timestamp='2025-08-23T13:18:45Z' uid='1468043' user='jengelh' version='1' changeset='170880560'>
    <nd ref='13092496331' />
    <nd ref='4839102821' />
    <nd ref='13092496323' />
    <nd ref='13092496324' />
    <nd ref='13092496331' />
    <tag k='amenity' v='parking_space' />
  </way>
  <way id='1424400609' timestamp='2025-08-23T13:18:45Z' uid='1468043' user='jengelh' version='1' changeset='170880560'>
    <nd ref='13092496332' />
    <nd ref='13092496331' />
    <nd ref='13092496324' />
    <nd ref='13092496325' />
    <nd ref='13092496332' />
    <tag k='amenity' v='parking_space' />
  </way>
  <way id='1424400610' timestamp='2025-08-23T13:18:45Z' uid='1468043' user='jengelh' version='1' changeset='170880560'>
    <nd ref='13092496333' />
    <nd ref='13092496332' />
    <nd ref='13092496325' />
    <nd ref='13092496326' />
    <nd ref='13092496333' />
    <tag k='amenity' v='parking_space' />
  </way>
  <way id='1424400611' timestamp='2025-08-23T13:18:45Z' uid='1468043' user='jengelh' version='1' changeset='170880560'>
    <nd ref='13092496334' />
    <nd ref='13092496333' />
    <nd ref='13092496326' />
    <nd ref='13092496327' />
    <nd ref='13092496334' />
    <tag k='amenity' v='parking_space' />
  </way>
  <way id='1424400612' timestamp='2025-08-23T13:18:45Z' uid='1468043' user='jengelh' version='1' changeset='170880560'>
    <nd ref='13092496335' />
    <nd ref='13092496334' />
    <nd ref='13092496327' />
    <nd ref='13092496328' />
    <nd ref='13092496335' />
    <tag k='amenity' v='parking_space' />
  </way>
  <way id='1424400613' timestamp='2025-08-23T13:18:45Z' uid='1468043' user='jengelh' version='1' changeset='170880560'>
    <nd ref='13092496346' />
    <nd ref='13092496335' />
    <nd ref='13092496328' />
    <nd ref='13092496349' />
    <nd ref='13092496346' />
    <tag k='amenity' v='parking_space' />
  </way>
  <way id='1424400614' timestamp='2025-08-23T13:18:45Z' uid='1468043' user='jengelh' version='1' changeset='170880560'>
    <nd ref='13092496336' />
    <nd ref='13092496347' />
    <nd ref='13092496345' />
    <nd ref='4827602801' />
    <nd ref='13092496336' />
    <tag k='amenity' v='parking_space' />
  </way>
  <way id='1424400615' timestamp='2025-08-23T13:18:45Z' uid='1468043' user='jengelh' version='1' changeset='170880560'>
    <nd ref='13092496337' />
    <nd ref='13092496336' />
    <nd ref='4827602801' />
    <nd ref='13092496329' />
    <nd ref='13092496337' />
    <tag k='amenity' v='parking_space' />
  </way>
  <way id='1424400616' timestamp='2025-08-23T13:18:45Z' uid='1468043' user='jengelh' version='1' changeset='170880560'>
    <nd ref='13092496338' />
    <nd ref='13092496337' />
    <nd ref='13092496329' />
    <nd ref='13092496330' />
    <nd ref='13092496338' />
    <tag k='amenity' v='parking_space' />
  </way>
  <way id='1424400617' timestamp='2025-08-23T13:18:45Z' uid='1468043' user='jengelh' version='1' changeset='170880560'>
    <nd ref='13092496339' />
    <nd ref='13092496338' />
    <nd ref='13092496330' />
    <nd ref='4839102821' />
    <nd ref='13092496339' />
    <tag k='amenity' v='parking_space' />
  </way>
  <way id='1424400618' timestamp='2025-08-23T13:18:45Z' uid='1468043' user='jengelh' version='1' changeset='170880560'>
    <nd ref='13092496340' />
    <nd ref='13092496339' />
    <nd ref='4839102821' />
    <nd ref='13092496331' />
    <nd ref='13092496340' />
    <tag k='amenity' v='parking_space' />
  </way>
  <way id='1424400619' timestamp='2025-08-23T13:18:45Z' uid='1468043' user='jengelh' version='1' changeset='170880560'>
    <nd ref='13092496341' />
    <nd ref='13092496340' />
    <nd ref='13092496331' />
    <nd ref='13092496332' />
    <nd ref='13092496341' />
    <tag k='amenity' v='parking_space' />
  </way>
  <way id='1424400620' timestamp='2025-08-23T13:18:45Z' uid='1468043' user='jengelh' version='1' changeset='170880560'>
    <nd ref='13092496342' />
    <nd ref='13092496341' />
    <nd ref='13092496332' />
    <nd ref='13092496333' />
    <nd ref='13092496342' />
    <tag k='amenity' v='parking_space' />
  </way>
  <way id='1424400621' timestamp='2025-08-23T13:18:45Z' uid='1468043' user='jengelh' version='1' changeset='170880560'>
    <nd ref='13092496343' />
    <nd ref='13092496342' />
    <nd ref='13092496333' />
    <nd ref='13092496334' />
    <nd ref='13092496343' />
    <tag k='amenity' v='parking_space' />
  </way>
  <way id='1424400622' timestamp='2025-08-23T13:18:45Z' uid='1468043' user='jengelh' version='1' changeset='170880560'>
    <nd ref='13092496344' />
    <nd ref='13092496343' />
    <nd ref='13092496334' />
    <nd ref='13092496335' />
    <nd ref='13092496344' />
    <tag k='amenity' v='parking_space' />
  </way>
  <way id='1424400623' timestamp='2025-08-23T13:18:45Z' uid='1468043' user='jengelh' version='1' changeset='170880560'>
    <nd ref='13092496350' />
    <nd ref='13092496344' />
    <nd ref='13092496335' />
    <nd ref='13092496346' />
    <nd ref='13092496350' />
    <tag k='amenity' v='parking_space' />
  </way>
  <way id='1424400624' timestamp='2025-08-23T13:18:45Z' uid='1468043' user='jengelh' version='1' changeset='170880560'>
    <nd ref='4827602800' />
    <nd ref='13092496376' />
    <nd ref='13092496379' />
    <nd ref='13092496351' />
    <nd ref='4827602800' />
    <tag k='amenity' v='parking_space' />
  </way>
  <way id='1424400625' timestamp='2025-08-23T13:18:45Z' uid='1468043' user='jengelh' version='1' changeset='170880560'>
    <nd ref='13092496360' />
    <nd ref='4827602800' />
    <nd ref='13092496351' />
    <nd ref='13092496352' />
    <nd ref='13092496360' />
    <tag k='amenity' v='parking_space' />
  </way>
  <way id='1424400626' timestamp='2025-08-23T13:18:45Z' uid='1468043' user='jengelh' version='1' changeset='170880560'>
    <nd ref='13092496361' />
    <nd ref='13092496360' />
    <nd ref='13092496352' />
    <nd ref='13092496353' />
    <nd ref='13092496361' />
    <tag k='amenity' v='parking_space' />
  </way>
  <way id='1424400627' timestamp='2025-08-23T13:18:45Z' uid='1468043' user='jengelh' version='1' changeset='170880560'>
    <nd ref='4839102822' />
    <nd ref='13092496361' />
    <nd ref='13092496353' />
    <nd ref='13092496354' />
    <nd ref='4839102822' />
    <tag k='amenity' v='parking_space' />
  </way>
  <way id='1424400628' timestamp='2025-08-23T13:18:45Z' uid='1468043' user='jengelh' version='1' changeset='170880560'>
    <nd ref='13092496362' />
    <nd ref='4839102822' />
    <nd ref='13092496354' />
    <nd ref='13092496355' />
    <nd ref='13092496362' />
    <tag k='amenity' v='parking_space' />
  </way>
  <way id='1424400629' timestamp='2025-08-23T13:18:45Z' uid='1468043' user='jengelh' version='1' changeset='170880560'>
    <nd ref='13092496363' />
    <nd ref='13092496362' />
    <nd ref='13092496355' />
    <nd ref='13092496356' />
    <nd ref='13092496363' />
    <tag k='amenity' v='parking_space' />
  </way>
  <way id='1424400630' timestamp='2025-08-23T13:18:45Z' uid='1468043' user='jengelh' version='1' changeset='170880560'>
    <nd ref='13092496364' />
    <nd ref='13092496363' />
    <nd ref='13092496356' />
    <nd ref='13092496357' />
    <nd ref='13092496364' />
    <tag k='amenity' v='parking_space' />
  </way>
  <way id='1424400631' timestamp='2025-08-23T13:18:45Z' uid='1468043' user='jengelh' version='1' changeset='170880560'>
    <nd ref='13092496365' />
    <nd ref='13092496364' />
    <nd ref='13092496357' />
    <nd ref='13092496358' />
    <nd ref='13092496365' />
    <tag k='amenity' v='parking_space' />
  </way>
  <way id='1424400632' timestamp='2025-08-23T13:18:45Z' uid='1468043' user='jengelh' version='1' changeset='170880560'>
    <nd ref='13092496366' />
    <nd ref='13092496365' />
    <nd ref='13092496358' />
    <nd ref='13092496359' />
    <nd ref='13092496366' />
    <tag k='amenity' v='parking_space' />
  </way>
  <way id='1424400633' timestamp='2025-08-23T13:18:45Z' uid='1468043' user='jengelh' version='1' changeset='170880560'>
    <nd ref='13092496377' />
    <nd ref='13092496366' />
    <nd ref='13092496359' />
    <nd ref='13092496380' />
    <nd ref='13092496377' />
    <tag k='amenity' v='parking_space' />
  </way>
  <way id='1424400634' timestamp='2025-08-23T13:18:45Z' uid='1468043' user='jengelh' version='1' changeset='170880560'>
    <nd ref='13092496367' />
    <nd ref='13092496378' />
    <nd ref='13092496376' />
    <nd ref='4827602800' />
    <nd ref='13092496367' />
    <tag k='amenity' v='parking_space' />
  </way>
  <way id='1424400635' timestamp='2025-08-23T13:18:45Z' uid='1468043' user='jengelh' version='1' changeset='170880560'>
    <nd ref='13092496368' />
    <nd ref='13092496367' />
    <nd ref='4827602800' />
    <nd ref='13092496360' />
    <nd ref='13092496368' />
    <tag k='amenity' v='parking_space' />
  </way>
  <way id='1424400636' timestamp='2025-08-23T13:18:45Z' uid='1468043' user='jengelh' version='1' changeset='170880560'>
    <nd ref='13092496369' />
    <nd ref='13092496368' />
    <nd ref='13092496360' />
    <nd ref='13092496361' />
    <nd ref='13092496369' />
    <tag k='amenity' v='parking_space' />
  </way>
  <way id='1424400637' timestamp='2025-08-23T13:18:45Z' uid='1468043' user='jengelh' version='1' changeset='170880560'>
    <nd ref='13092496370' />
    <nd ref='13092496369' />
    <nd ref='13092496361' />
    <nd ref='4839102822' />
    <nd ref='13092496370' />
    <tag k='amenity' v='parking_space' />
  </way>
  <way id='1424400638' timestamp='2025-08-23T13:18:45Z' uid='1468043' user='jengelh' version='1' changeset='170880560'>
    <nd ref='13092496371' />
    <nd ref='13092496370' />
    <nd ref='4839102822' />
    <nd ref='13092496362' />
    <nd ref='13092496371' />
    <tag k='amenity' v='parking_space' />
  </way>
  <way id='1424400639' timestamp='2025-08-23T13:18:45Z' uid='1468043' user='jengelh' version='1' changeset='170880560'>
    <nd ref='13092496372' />
    <nd ref='13092496371' />
    <nd ref='13092496362' />
    <nd ref='13092496363' />
    <nd ref='13092496372' />
    <tag k='amenity' v='parking_space' />
  </way>
  <way id='1424400640' timestamp='2025-08-23T13:18:45Z' uid='1468043' user='jengelh' version='1' changeset='170880560'>
    <nd ref='13092496373' />
    <nd ref='13092496372' />
    <nd ref='13092496363' />
    <nd ref='13092496364' />
    <nd ref='13092496373' />
    <tag k='amenity' v='parking_space' />
  </way>
  <way id='1424400641' timestamp='2025-08-23T13:18:45Z' uid='1468043' user='jengelh' version='1' changeset='170880560'>
    <nd ref='13092496374' />
    <nd ref='13092496373' />
    <nd ref='13092496364' />
    <nd ref='13092496365' />
    <nd ref='13092496374' />
    <tag k='amenity' v='parking_space' />
  </way>
  <way id='1424400642' timestamp='2025-08-23T13:18:45Z' uid='1468043' user='jengelh' version='1' changeset='170880560'>
    <nd ref='13092496375' />
    <nd ref='13092496374' />
    <nd ref='13092496365' />
    <nd ref='13092496366' />
    <nd ref='13092496375' />
    <tag k='amenity' v='parking_space' />
  </way>
  <way id='1424400643' timestamp='2025-08-23T13:18:45Z' uid='1468043' user='jengelh' version='1' changeset='170880560'>
    <nd ref='13092496381' />
    <nd ref='13092496375' />
    <nd ref='13092496366' />
    <nd ref='13092496377' />
    <nd ref='13092496381' />
    <tag k='amenity' v='parking_space' />
  </way>
  <way id='1424400651' timestamp='2025-08-23T13:18:45Z' uid='1468043' user='jengelh' version='1' changeset='170880560'>
    <nd ref='4265894857' />
    <nd ref='13092496413' />
    <nd ref='13092496412' />
    <nd ref='13092496411' />
    <nd ref='4265894856' />
    <nd ref='4265894852' />
    <nd ref='13092496513' />
    <nd ref='13092496416' />
    <nd ref='13092496414' />
    <nd ref='13092496415' />
    <nd ref='4265894863' />
    <nd ref='4265894862' />
    <nd ref='13092496514' />
    <nd ref='13092496515' />
    <nd ref='13092496516' />
    <nd ref='13092496517' />
    <nd ref='13092496518' />
    <nd ref='4265894859' />
    <nd ref='4265894858' />
    <nd ref='13092496530' />
    <nd ref='13092496531' />
    <nd ref='13092496532' />
    <nd ref='13092496533' />
    <nd ref='13092496534' />
    <nd ref='13092496535' />
    <nd ref='4265894855' />
    <nd ref='4265894857' />
    <tag k='natural' v='scrub' />
  </way>
  <way id='1424400652' timestamp='2025-08-23T13:18:45Z' uid='1468043' user='jengelh' version='1' changeset='170880560'>
    <nd ref='13092496424' />
    <nd ref='13092496449' />
    <nd ref='13092496448' />
    <nd ref='13092496417' />
    <nd ref='13092496424' />
    <tag k='amenity' v='parking_space' />
  </way>
  <way id='1424400653' timestamp='2025-08-23T13:18:45Z' uid='1468043' user='jengelh' version='1' changeset='170880560'>
    <nd ref='13092496425' />
    <nd ref='13092496424' />
    <nd ref='13092496417' />
    <nd ref='13092496418' />
    <nd ref='13092496425' />
    <tag k='amenity' v='parking_space' />
  </way>
  <way id='1424400654' timestamp='2025-08-23T13:18:45Z' uid='1468043' user='jengelh' version='1' changeset='170880560'>
    <nd ref='13092496426' />
    <nd ref='13092496425' />
    <nd ref='13092496418' />
    <nd ref='13092496419' />
    <nd ref='13092496426' />
    <tag k='amenity' v='parking_space' />
  </way>
  <way id='1424400655' timestamp='2025-08-23T13:18:45Z' uid='1468043' user='jengelh' version='1' changeset='170880560'>
    <nd ref='13092496427' />
    <nd ref='13092496426' />
    <nd ref='13092496419' />
    <nd ref='13092496420' />
    <nd ref='13092496427' />
    <tag k='amenity' v='parking_space' />
  </way>
  <way id='1424400656' timestamp='2025-08-23T13:18:45Z' uid='1468043' user='jengelh' version='1' changeset='170880560'>
    <nd ref='13092496428' />
    <nd ref='13092496427' />
    <nd ref='13092496420' />
    <nd ref='13092496421' />
    <nd ref='13092496428' />
    <tag k='amenity' v='parking_space' />
  </way>
  <way id='1424400657' timestamp='2025-08-23T13:18:45Z' uid='1468043' user='jengelh' version='1' changeset='170880560'>
    <nd ref='13092496429' />
    <nd ref='13092496428' />
    <nd ref='13092496421' />
    <nd ref='13092496422' />
    <nd ref='13092496429' />
    <tag k='amenity' v='parking_space' />
  </way>
  <way id='1424400658' timestamp='2025-08-23T13:18:45Z' uid='1468043' user='jengelh' version='1' changeset='170880560'>
    <nd ref='13092496430' />
    <nd ref='13092496429' />
    <nd ref='13092496422' />
    <nd ref='13092496423' />
    <nd ref='13092496430' />
    <tag k='amenity' v='parking_space' />
  </way>
  <way id='1424400659' timestamp='2025-08-23T13:18:45Z' uid='1468043' user='jengelh' version='1' changeset='170880560'>
    <nd ref='13092496451' />
    <nd ref='13092496430' />
    <nd ref='13092496423' />
    <nd ref='13092496450' />
    <nd ref='13092496451' />
    <tag k='amenity' v='parking_space' />
  </way>
  <way id='1424400660' timestamp='2025-08-23T13:18:45Z' uid='1468043' user='jengelh' version='1' changeset='170880560'>
    <nd ref='13092496438' />
    <nd ref='13092496431' />
    <nd ref='13092496446' />
    <nd ref='13092496447' />
    <nd ref='13092496438' />
    <tag k='amenity' v='parking_space' />
  </way>
  <way id='1424400661' timestamp='2025-08-23T13:18:45Z' uid='1468043' user='jengelh' version='1' changeset='170880560'>
    <nd ref='13092496439' />
    <nd ref='13092496432' />
    <nd ref='13092496431' />
    <nd ref='13092496438' />
    <nd ref='13092496439' />
    <tag k='amenity' v='parking_space' />
  </way>
  <way id='1424400662' timestamp='2025-08-23T13:18:45Z' uid='1468043' user='jengelh' version='1' changeset='170880560'>
    <nd ref='13092496440' />
    <nd ref='13092496433' />
    <nd ref='13092496432' />
    <nd ref='13092496439' />
    <nd ref='13092496440' />
    <tag k='amenity' v='parking_space' />
  </way>
  <way id='1424400663' timestamp='2025-08-23T13:18:45Z' uid='1468043' user='jengelh' version='1' changeset='170880560'>
    <nd ref='13092496441' />
    <nd ref='13092496434' />
    <nd ref='13092496433' />
    <nd ref='13092496440' />
    <nd ref='13092496441' />
    <tag k='amenity' v='parking_space' />
  </way>
  <way id='1424400664' timestamp='2025-08-23T13:18:45Z' uid='1468043' user='jengelh' version='1' changeset='170880560'>
    <nd ref='13092496442' />
    <nd ref='13092496435' />
    <nd ref='13092496434' />
    <nd ref='13092496441' />
    <nd ref='13092496442' />
    <tag k='amenity' v='parking_space' />
  </way>
  <way id='1424400665' timestamp='2025-08-23T13:18:45Z' uid='1468043' user='jengelh' version='1' changeset='170880560'>
    <nd ref='13092496443' />
    <nd ref='13092496436' />
    <nd ref='13092496435' />
    <nd ref='13092496442' />
    <nd ref='13092496443' />
    <tag k='amenity' v='parking_space' />
  </way>
  <way id='1424400666' timestamp='2025-08-23T13:18:45Z' uid='1468043' user='jengelh' version='1' changeset='170880560'>
    <nd ref='13092496444' />
    <nd ref='13092496437' />
    <nd ref='13092496436' />
    <nd ref='13092496443' />
    <nd ref='13092496444' />
    <tag k='amenity' v='parking_space' />
  </way>
  <way id='1424400667' timestamp='2025-08-23T13:18:45Z' uid='1468043' user='jengelh' version='1' changeset='170880560'>
    <nd ref='12398310537' />
    <nd ref='13092496445' />
    <nd ref='13092496437' />
    <nd ref='13092496444' />
    <nd ref='12398310537' />
    <tag k='amenity' v='parking_space' />
  </way>
  <way id='1424400668' timestamp='2025-08-23T13:18:45Z' uid='1468043' user='jengelh' version='1' changeset='170880560'>
    <nd ref='13092496459' />
    <nd ref='13092496452' />
    <nd ref='13092496467' />
    <nd ref='364143458' />
    <nd ref='13092496459' />
    <tag k='amenity' v='parking_space' />
  </way>
  <way id='1424400669' timestamp='2025-08-23T13:18:45Z' uid='1468043' user='jengelh' version='1' changeset='170880560'>
    <nd ref='13092496460' />
    <nd ref='13092496453' />
    <nd ref='13092496452' />
    <nd ref='13092496459' />
    <nd ref='13092496460' />
    <tag k='amenity' v='parking_space' />
  </way>
  <way id='1424400670' timestamp='2025-08-23T13:18:45Z' uid='1468043' user='jengelh' version='1' changeset='170880560'>
    <nd ref='13092496461' />
    <nd ref='13092496454' />
    <nd ref='13092496453' />
    <nd ref='13092496460' />
    <nd ref='13092496461' />
    <tag k='amenity' v='parking_space' />
  </way>
  <way id='1424400671' timestamp='2025-08-23T13:18:45Z' uid='1468043' user='jengelh' version='1' changeset='170880560'>
    <nd ref='13092496462' />
    <nd ref='13092496455' />
    <nd ref='13092496454' />
    <nd ref='13092496461' />
    <nd ref='13092496462' />
    <tag k='amenity' v='parking_space' />
  </way>
  <way id='1424400672' timestamp='2025-08-23T13:18:45Z' uid='1468043' user='jengelh' version='1' changeset='170880560'>
    <nd ref='13092496463' />
    <nd ref='13092496456' />
    <nd ref='13092496455' />
    <nd ref='13092496462' />
    <nd ref='13092496463' />
    <tag k='amenity' v='parking_space' />
  </way>
  <way id='1424400673' timestamp='2025-08-23T13:18:45Z' uid='1468043' user='jengelh' version='1' changeset='170880560'>
    <nd ref='13092496464' />
    <nd ref='13092496457' />
    <nd ref='13092496456' />
    <nd ref='13092496463' />
    <nd ref='13092496464' />
    <tag k='amenity' v='parking_space' />
  </way>
  <way id='1424400676' timestamp='2025-08-23T13:18:45Z' uid='1468043' user='jengelh' version='1' changeset='170880560'>
    <nd ref='13092496475' />
    <nd ref='13092496468' />
    <nd ref='13092496483' />
    <nd ref='13092496482' />
    <nd ref='13092496475' />
    <tag k='amenity' v='parking_space' />
  </way>
  <way id='1424400677' timestamp='2025-08-23T13:18:45Z' uid='1468043' user='jengelh' version='1' changeset='170880560'>
    <nd ref='13092496476' />
    <nd ref='13092496469' />
    <nd ref='13092496468' />
    <nd ref='13092496475' />
    <nd ref='13092496476' />
    <tag k='amenity' v='parking_space' />
  </way>
  <way id='1424400678' timestamp='2025-08-23T13:18:45Z' uid='1468043' user='jengelh' version='1' changeset='170880560'>
    <nd ref='13092496477' />
    <nd ref='13092496470' />
    <nd ref='13092496469' />
    <nd ref='13092496476' />
    <nd ref='13092496477' />
    <tag k='amenity' v='parking_space' />
  </way>
  <way id='1424400679' timestamp='2025-08-23T13:18:45Z' uid='1468043' user='jengelh' version='1' changeset='170880560'>
    <nd ref='13092496478' />
    <nd ref='13092496471' />
    <nd ref='13092496470' />
    <nd ref='13092496477' />
    <nd ref='13092496478' />
    <tag k='amenity' v='parking_space' />
  </way>
  <way id='1424400680' timestamp='2025-08-23T13:18:45Z' uid='1468043' user='jengelh' version='1' changeset='170880560'>
    <nd ref='13092496479' />
    <nd ref='13092496472' />
    <nd ref='13092496471' />
    <nd ref='13092496478' />
    <nd ref='13092496479' />
    <tag k='amenity' v='parking_space' />
  </way>
  <way id='1424400681' timestamp='2025-08-23T13:18:45Z' uid='1468043' user='jengelh' version='1' changeset='170880560'>
    <nd ref='13092496480' />
    <nd ref='13092496473' />
    <nd ref='13092496472' />
    <nd ref='13092496479' />
    <nd ref='13092496480' />
    <tag k='amenity' v='parking_space' />
  </way>
  <way id='1424400682' timestamp='2025-08-23T13:18:45Z' uid='1468043' user='jengelh' version='1' changeset='170880560'>
    <nd ref='13092496481' />
    <nd ref='13092496474' />
    <nd ref='13092496473' />
    <nd ref='13092496480' />
    <nd ref='13092496481' />
    <tag k='amenity' v='parking_space' />
  </way>
  <way id='1424400683' timestamp='2025-08-23T13:18:45Z' uid='1468043' user='jengelh' version='1' changeset='170880560'>
    <nd ref='13092496485' />
    <nd ref='13092496484' />
    <nd ref='13092496474' />
    <nd ref='13092496481' />
    <nd ref='13092496485' />
    <tag k='amenity' v='parking_space' />
  </way>
  <way id='1424400700' timestamp='2025-08-23T13:18:45Z' uid='1468043' user='jengelh' version='1' changeset='170880560'>
    <nd ref='13092496519' />
    <nd ref='13092496514' />
    <nd ref='4265894862' />
    <nd ref='4265894863' />
    <nd ref='13092496519' />
    <tag k='amenity' v='parking_space' />
  </way>
  <way id='1424400701' timestamp='2025-08-23T13:18:45Z' uid='1468043' user='jengelh' version='1' changeset='170880560'>
    <nd ref='13092496520' />
    <nd ref='13092496515' />
    <nd ref='13092496514' />
    <nd ref='13092496519' />
    <nd ref='13092496520' />
    <tag k='amenity' v='parking_space' />
  </way>
  <way id='1424400702' timestamp='2025-08-23T13:18:45Z' uid='1468043' user='jengelh' version='1' changeset='170880560'>
    <nd ref='13092496521' />
    <nd ref='13092496516' />
    <nd ref='13092496515' />
    <nd ref='13092496520' />
    <nd ref='13092496521' />
    <tag k='amenity' v='parking_space' />
  </way>
  <way id='1424400703' timestamp='2025-08-23T13:18:45Z' uid='1468043' user='jengelh' version='1' changeset='170880560'>
    <nd ref='13092496522' />
    <nd ref='13092496517' />
    <nd ref='13092496516' />
    <nd ref='13092496521' />
    <nd ref='13092496522' />
    <tag k='amenity' v='parking_space' />
  </way>
  <way id='1424400704' timestamp='2025-08-23T13:18:45Z' uid='1468043' user='jengelh' version='1' changeset='170880560'>
    <nd ref='13092496523' />
    <nd ref='13092496518' />
    <nd ref='13092496517' />
    <nd ref='13092496522' />
    <nd ref='13092496523' />
    <tag k='amenity' v='parking_space' />
  </way>
  <way id='1424400705' timestamp='2025-08-23T13:18:45Z' uid='1468043' user='jengelh' version='1' changeset='170880560'>
    <nd ref='4265894861' />
    <nd ref='4265894859' />
    <nd ref='13092496518' />
    <nd ref='13092496523' />
    <nd ref='4265894861' />
    <tag k='amenity' v='parking_space' />
  </way>
  <way id='1424400718' timestamp='2025-08-23T13:18:45Z' uid='1468043' user='jengelh' version='1' changeset='170880560'>
    <nd ref='7356990274' />
    <nd ref='13092496545' />
    <nd ref='13092496540' />
    <nd ref='7356990271' />
    <nd ref='7356990274' />
    <tag k='building' v='garage' />
    <tag k='building:levels' v='1' />
    <tag k='roof:shape' v='flat' />
  </way>
  <way id='1424556812' timestamp='2025-08-24T09:51:00Z' uid='1468043' user='jengelh' version='1' changeset='170914867'>
    <nd ref='13094131833' />
    <nd ref='13094131832' />
    <nd ref='13094131827' />
    <nd ref='13094131828' />
    <nd ref='13094131833' />
    <tag k='amenity' v='parking_space' />
  </way>
  <way id='1424556813' timestamp='2025-08-24T09:51:00Z' uid='1468043' user='jengelh' version='1' changeset='170914867'>
    <nd ref='13094131848' />
    <nd ref='13094131833' />
    <nd ref='13094131828' />
    <nd ref='13094131834' />
    <nd ref='13094131847' />
    <nd ref='13094131848' />
    <tag k='amenity' v='parking_space' />
  </way>
  <way id='1424556814' timestamp='2025-08-24T09:51:00Z' uid='1468043' user='jengelh' version='1' changeset='170914867'>
    <nd ref='13094131839' />
    <nd ref='1644022555' />
    <nd ref='1644022556' />
    <nd ref='13094131835' />
    <nd ref='13094131839' />
    <tag k='amenity' v='parking_space' />
  </way>
  <way id='1424556815' timestamp='2025-08-24T09:51:00Z' uid='1468043' user='jengelh' version='1' changeset='170914867'>
    <nd ref='13094131840' />
    <nd ref='13094131839' />
    <nd ref='13094131835' />
    <nd ref='13094131836' />
    <nd ref='13094131840' />
    <tag k='amenity' v='parking_space' />
  </way>
  <way id='1424556816' timestamp='2025-08-24T09:51:00Z' uid='1468043' user='jengelh' version='1' changeset='170914867'>
    <nd ref='13094131841' />
    <nd ref='13094131840' />
    <nd ref='13094131836' />
    <nd ref='13094131837' />
    <nd ref='13094131841' />
    <tag k='amenity' v='parking_space' />
  </way>
  <way id='1424556817' timestamp='2025-08-24T09:51:00Z' uid='1468043' user='jengelh' version='1' changeset='170914867'>
    <nd ref='13094131842' />
    <nd ref='13094131841' />
    <nd ref='13094131837' />
    <nd ref='13094131838' />
    <nd ref='13094131842' />
    <tag k='amenity' v='parking_space' />
  </way>
  <way id='1424556818' timestamp='2025-08-24T09:51:00Z' uid='1468043' user='jengelh' version='1' changeset='170914867'>
    <nd ref='13094131844' />
    <nd ref='13094131842' />
    <nd ref='13094131838' />
    <nd ref='13094131843' />
    <nd ref='13094131844' />
    <tag k='amenity' v='parking_space' />
  </way>
  <way id='1424556819' timestamp='2025-08-24T09:51:00Z' uid='1468043' user='jengelh' version='1' changeset='170914867'>
    <nd ref='13094131845' />
    <nd ref='13094131844' />
    <nd ref='13094131843' />
    <nd ref='13094131821' />
    <nd ref='13094131820' />
    <nd ref='13094131845' />
    <tag k='landuse' v='grass' />
  </way>
  <way id='1424556820' timestamp='2025-08-24T09:51:00Z' uid='1468043' user='jengelh' version='1' changeset='170914867'>
    <nd ref='13094131850' />
    <nd ref='13094131849' />
    <nd ref='13094131823' />
    <nd ref='13094131822' />
    <nd ref='13094131848' />
    <nd ref='13094131847' />
    <nd ref='13094131846' />
    <nd ref='13094131850' />
    <tag k='landuse' v='grass' />
  </way>
  <way id='1424556824' timestamp='2025-08-24T09:51:00Z' uid='1468043' user='jengelh' version='1' changeset='170914867'>
    <nd ref='13094131875' />
    <nd ref='6275555084' />
    <nd ref='6275555083' />
    <nd ref='13094131863' />
    <nd ref='13094131875' />
    <tag k='amenity' v='parking_space' />
  </way>
  <way id='1424556825' timestamp='2025-08-24T09:51:00Z' uid='1468043' user='jengelh' version='1' changeset='170914867'>
    <nd ref='13094131876' />
    <nd ref='13094131875' />
    <nd ref='13094131863' />
    <nd ref='13094131864' />
    <nd ref='13094131876' />
    <tag k='amenity' v='parking_space' />
  </way>
  <way id='1424556826' timestamp='2025-08-24T09:51:00Z' uid='1468043' user='jengelh' version='1' changeset='170914867'>
    <nd ref='13094131877' />
    <nd ref='13094131876' />
    <nd ref='13094131864' />
    <nd ref='13094131865' />
    <nd ref='13094131877' />
    <tag k='amenity' v='parking_space' />
  </way>
  <way id='1424556827' timestamp='2025-08-24T09:51:00Z' uid='1468043' user='jengelh' version='1' changeset='170914867'>
    <nd ref='13094131878' />
    <nd ref='13094131877' />
    <nd ref='13094131865' />
    <nd ref='13094131866' />
    <nd ref='13094131878' />
    <tag k='amenity' v='parking_space' />
  </way>
  <way id='1424556828' timestamp='2025-08-24T09:51:00Z' uid='1468043' user='jengelh' version='1' changeset='170914867'>
    <nd ref='13094131879' />
    <nd ref='13094131878' />
    <nd ref='13094131866' />
    <nd ref='13094131867' />
    <nd ref='13094131879' />
    <tag k='amenity' v='parking_space' />
  </way>
  <way id='1424556829' timestamp='2025-08-24T09:51:00Z' uid='1468043' user='jengelh' version='1' changeset='170914867'>
    <nd ref='13094131880' />
    <nd ref='13094131879' />
    <nd ref='13094131867' />
    <nd ref='13094131868' />
    <nd ref='13094131880' />
    <tag k='amenity' v='parking_space' />
  </way>
  <way id='1424556830' timestamp='2025-08-24T09:51:00Z' uid='1468043' user='jengelh' version='1' changeset='170914867'>
    <nd ref='13094131881' />
    <nd ref='13094131880' />
    <nd ref='13094131868' />
    <nd ref='13094131869' />
    <nd ref='13094131881' />
    <tag k='amenity' v='parking_space' />
  </way>
  <way id='1424556831' timestamp='2025-08-24T09:51:00Z' uid='1468043' user='jengelh' version='1' changeset='170914867'>
    <nd ref='13094131882' />
    <nd ref='13094131881' />
    <nd ref='13094131869' />
    <nd ref='13094131870' />
    <nd ref='13094131882' />
    <tag k='amenity' v='parking_space' />
  </way>
  <way id='1424556832' timestamp='2025-08-24T09:51:00Z' uid='1468043' user='jengelh' version='1' changeset='170914867'>
    <nd ref='13094131883' />
    <nd ref='13094131882' />
    <nd ref='13094131870' />
    <nd ref='13094131871' />
    <nd ref='13094131883' />
    <tag k='amenity' v='parking_space' />
  </way>
  <way id='1424556833' timestamp='2025-08-24T09:51:00Z' uid='1468043' user='jengelh' version='1' changeset='170914867'>
    <nd ref='13094131884' />
    <nd ref='13094131883' />
    <nd ref='13094131871' />
    <nd ref='13094131872' />
    <nd ref='13094131884' />
    <tag k='amenity' v='parking_space' />
  </way>
  <way id='1424556834' timestamp='2025-08-24T09:51:00Z' uid='1468043' user='jengelh' version='1' changeset='170914867'>
    <nd ref='13094131885' />
    <nd ref='13094131884' />
    <nd ref='13094131872' />
    <nd ref='13094131873' />
    <nd ref='13094131885' />
    <tag k='amenity' v='parking_space' />
  </way>
  <way id='1424556835' timestamp='2025-08-24T09:51:00Z' uid='1468043' user='jengelh' version='1' changeset='170914867'>
    <nd ref='13094131886' />
    <nd ref='13094131885' />
    <nd ref='13094131873' />
    <nd ref='13094131874' />
    <nd ref='13094131886' />
    <tag k='amenity' v='parking_space' />
  </way>
  <way id='1424556836' timestamp='2025-08-24T09:51:00Z' uid='1468043' user='jengelh' version='1' changeset='170914867'>
    <nd ref='6275555078' />
    <nd ref='13094131886' />
    <nd ref='13094131874' />
    <nd ref='6275555077' />
    <nd ref='6275555078' />
    <tag k='amenity' v='parking_space' />
  </way>
  <way id='1424556837' timestamp='2025-08-24T09:51:00Z' uid='1468043' user='jengelh' version='1' changeset='170914867'>
    <nd ref='13094131896' />
    <nd ref='6275555079' />
    <nd ref='6275555076' />
    <nd ref='13094131887' />
    <nd ref='13094131896' />
    <tag k='amenity' v='parking_space' />
  </way>
  <way id='1424556838' timestamp='2025-08-24T09:51:00Z' uid='1468043' user='jengelh' version='1' changeset='170914867'>
    <nd ref='13094131897' />
    <nd ref='13094131896' />
    <nd ref='13094131887' />
    <nd ref='13094131888' />
    <nd ref='13094131897' />
    <tag k='amenity' v='parking_space' />
  </way>
  <way id='1424556839' timestamp='2025-08-24T09:51:00Z' uid='1468043' user='jengelh' version='1' changeset='170914867'>
    <nd ref='13094131898' />
    <nd ref='13094131897' />
    <nd ref='13094131888' />
    <nd ref='13094131889' />
    <nd ref='13094131898' />
    <tag k='amenity' v='parking_space' />
  </way>
  <way id='1424556840' timestamp='2025-08-24T09:51:00Z' uid='1468043' user='jengelh' version='1' changeset='170914867'>
    <nd ref='13094131899' />
    <nd ref='13094131898' />
    <nd ref='13094131889' />
    <nd ref='13094131890' />
    <nd ref='13094131899' />
    <tag k='amenity' v='parking_space' />
  </way>
  <way id='1424556841' timestamp='2025-08-24T09:51:00Z' uid='1468043' user='jengelh' version='1' changeset='170914867'>
    <nd ref='13094131900' />
    <nd ref='13094131899' />
    <nd ref='13094131890' />
    <nd ref='13094131891' />
    <nd ref='13094131900' />
    <tag k='amenity' v='parking_space' />
  </way>
  <way id='1424556842' timestamp='2025-08-24T09:51:00Z' uid='1468043' user='jengelh' version='1' changeset='170914867'>
    <nd ref='13094131901' />
    <nd ref='13094131900' />
    <nd ref='13094131891' />
    <nd ref='13094131892' />
    <nd ref='13094131901' />
    <tag k='amenity' v='parking_space' />
  </way>
  <way id='1424556843' timestamp='2025-08-24T09:51:00Z' uid='1468043' user='jengelh' version='1' changeset='170914867'>
    <nd ref='13094131902' />
    <nd ref='13094131901' />
    <nd ref='13094131892' />
    <nd ref='13094131893' />
    <nd ref='13094131902' />
    <tag k='amenity' v='parking_space' />
  </way>
  <way id='1424556844' timestamp='2025-08-24T09:51:00Z' uid='1468043' user='jengelh' version='1' changeset='170914867'>
    <nd ref='13094131903' />
    <nd ref='13094131902' />
    <nd ref='13094131893' />
    <nd ref='13094131894' />
    <nd ref='13094131903' />
    <tag k='amenity' v='parking_space' />
  </way>
  <way id='1424556845' timestamp='2025-08-24T09:51:00Z' uid='1468043' user='jengelh' version='1' changeset='170914867'>
    <nd ref='13094131904' />
    <nd ref='13094131903' />
    <nd ref='13094131894' />
    <nd ref='13094131895' />
    <nd ref='13094131904' />
    <tag k='amenity' v='parking_space' />
  </way>
  <way id='1424556846' timestamp='2025-08-24T09:51:00Z' uid='1468043' user='jengelh' version='1' changeset='170914867'>
    <nd ref='6275555185' />
    <nd ref='13094131904' />
    <nd ref='13094131895' />
    <nd ref='6275555082' />
    <nd ref='6275555185' />
    <tag k='amenity' v='parking_space' />
  </way>
  <way id='1424556847' timestamp='2025-08-24T09:51:00Z' uid='1468043' user='jengelh' version='1' changeset='170914867'>
    <nd ref='2503372265' />
    <nd ref='2503372264' />
    <nd ref='13094131961' />
    <nd ref='13094131962' />
    <nd ref='13094131963' />
    <nd ref='13094131964' />
    <nd ref='13094131965' />
    <nd ref='13094131966' />
    <nd ref='13094131973' />
    <nd ref='13094131976' />
    <nd ref='13094131980' />
    <nd ref='13094131977' />
    <nd ref='2503372268' />
    <nd ref='2503372269' />
    <nd ref='13094131978' />
    <nd ref='13094131979' />
    <nd ref='13094131975' />
    <nd ref='13094131974' />
    <nd ref='13094131972' />
    <nd ref='13094131971' />
    <nd ref='13094131970' />
    <nd ref='13094131969' />
    <nd ref='13094131968' />
    <nd ref='13094131967' />
    <nd ref='2503372265' />
    <tag k='amenity' v='parking' />
    <tag k='capacity' v='10' />
    <tag k='capacity:disabled' v='3' />
    <tag k='parking' v='surface' />
  </way>
  <way id='1424556848' timestamp='2025-08-24T09:51:00Z' uid='1468043' user='jengelh' version='1' changeset='170914867'>
    <nd ref='13094131907' />
    <nd ref='13094131906' />
    <nd ref='13094131905' />
    <nd ref='370630929' />
    <nd ref='13094131907' />
    <tag k='amenity' v='parking_space' />
    <tag k='parking_space' v='charging' />
  </way>
  <way id='1424556849' timestamp='2025-08-24T09:51:00Z' uid='1468043' user='jengelh' version='1' changeset='170914867'>
    <nd ref='13094131959' />
    <nd ref='13094131906' />
    <nd ref='13094131907' />
    <nd ref='13094131960' />
    <nd ref='13094131959' />
    <tag k='amenity' v='parking_space' />
    <tag k='parking_space' v='charging' />
  </way>
  <way id='1424556850' timestamp='2025-08-24T09:51:00Z' uid='1468043' user='jengelh' version='1' changeset='170914867'>
    <nd ref='13094131933' />
    <nd ref='13094131908' />
    <nd ref='13094131959' />
    <nd ref='13094131960' />
    <nd ref='13094131933' />
    <tag k='amenity' v='parking_space' />
  </way>
  <way id='1424556851' timestamp='2025-08-24T09:51:00Z' uid='1468043' user='jengelh' version='1' changeset='170914867'>
    <nd ref='13094131934' />
    <nd ref='13094131909' />
    <nd ref='13094131908' />
    <nd ref='13094131933' />
    <nd ref='13094131934' />
    <tag k='amenity' v='parking_space' />
  </way>
  <way id='1424556852' timestamp='2025-08-24T09:51:00Z' uid='1468043' user='jengelh' version='1' changeset='170914867'>
    <nd ref='13094131935' />
    <nd ref='13094131910' />
    <nd ref='13094131909' />
    <nd ref='13094131934' />
    <nd ref='13094131935' />
    <tag k='amenity' v='parking_space' />
  </way>
  <way id='1424556853' timestamp='2025-08-24T09:51:00Z' uid='1468043' user='jengelh' version='1' changeset='170914867'>
    <nd ref='13094131936' />
    <nd ref='13094131911' />
    <nd ref='13094131910' />
    <nd ref='13094131935' />
    <nd ref='13094131936' />
    <tag k='amenity' v='parking_space' />
  </way>
  <way id='1424556854' timestamp='2025-08-24T09:51:00Z' uid='1468043' user='jengelh' version='1' changeset='170914867'>
    <nd ref='13094131937' />
    <nd ref='13094131912' />
    <nd ref='13094131911' />
    <nd ref='13094131936' />
    <nd ref='13094131937' />
    <tag k='amenity' v='parking_space' />
  </way>
  <way id='1424556855' timestamp='2025-08-24T09:51:00Z' uid='1468043' user='jengelh' version='1' changeset='170914867'>
    <nd ref='13094131938' />
    <nd ref='13094131913' />
    <nd ref='13094131912' />
    <nd ref='13094131937' />
    <nd ref='13094131938' />
    <tag k='amenity' v='parking_space' />
  </way>
  <way id='1424556856' timestamp='2025-08-24T09:51:00Z' uid='1468043' user='jengelh' version='1' changeset='170914867'>
    <nd ref='13094131939' />
    <nd ref='13094131914' />
    <nd ref='13094131913' />
    <nd ref='13094131938' />
    <nd ref='13094131939' />
    <tag k='amenity' v='parking_space' />
  </way>
  <way id='1424556857' timestamp='2025-08-24T09:51:00Z' uid='1468043' user='jengelh' version='1' changeset='170914867'>
    <nd ref='13094131940' />
    <nd ref='13094131915' />
    <nd ref='13094131914' />
    <nd ref='13094131939' />
    <nd ref='13094131940' />
    <tag k='amenity' v='parking_space' />
  </way>
  <way id='1424556858' timestamp='2025-08-24T09:51:00Z' uid='1468043' user='jengelh' version='1' changeset='170914867'>
    <nd ref='13094131941' />
    <nd ref='13094131916' />
    <nd ref='13094131915' />
    <nd ref='13094131940' />
    <nd ref='13094131941' />
    <tag k='amenity' v='parking_space' />
  </way>
  <way id='1424556859' timestamp='2025-08-24T09:51:00Z' uid='1468043' user='jengelh' version='1' changeset='170914867'>
    <nd ref='13094131942' />
    <nd ref='13094131917' />
    <nd ref='13094131916' />
    <nd ref='13094131941' />
    <nd ref='13094131942' />
    <tag k='amenity' v='parking_space' />
  </way>
  <way id='1424556860' timestamp='2025-08-24T09:51:00Z' uid='1468043' user='jengelh' version='1' changeset='170914867'>
    <nd ref='13094131943' />
    <nd ref='13094131918' />
    <nd ref='13094131917' />
    <nd ref='13094131942' />
    <nd ref='13094131943' />
    <tag k='amenity' v='parking_space' />
  </way>
  <way id='1424556861' timestamp='2025-08-24T09:51:00Z' uid='1468043' user='jengelh' version='1' changeset='170914867'>
    <nd ref='13094131944' />
    <nd ref='13094131919' />
    <nd ref='13094131918' />
    <nd ref='13094131943' />
    <nd ref='13094131944' />
    <tag k='amenity' v='parking_space' />
  </way>
  <way id='1424556862' timestamp='2025-08-24T09:51:00Z' uid='1468043' user='jengelh' version='1' changeset='170914867'>
    <nd ref='13094131945' />
    <nd ref='13094131920' />
    <nd ref='13094131919' />
    <nd ref='13094131944' />
    <nd ref='13094131945' />
    <tag k='amenity' v='parking_space' />
  </way>
  <way id='1424556863' timestamp='2025-08-24T09:51:00Z' uid='1468043' user='jengelh' version='1' changeset='170914867'>
    <nd ref='13094131946' />
    <nd ref='13094131921' />
    <nd ref='13094131920' />
    <nd ref='13094131945' />
    <nd ref='13094131946' />
    <tag k='amenity' v='parking_space' />
  </way>
  <way id='1424556864' timestamp='2025-08-24T09:51:00Z' uid='1468043' user='jengelh' version='1' changeset='170914867'>
    <nd ref='13094131947' />
    <nd ref='13094131922' />
    <nd ref='13094131921' />
    <nd ref='13094131946' />
    <nd ref='13094131947' />
    <tag k='amenity' v='parking_space' />
  </way>
  <way id='1424556865' timestamp='2025-08-24T09:51:00Z' uid='1468043' user='jengelh' version='1' changeset='170914867'>
    <nd ref='13094131948' />
    <nd ref='13094131923' />
    <nd ref='13094131922' />
    <nd ref='13094131947' />
    <nd ref='13094131948' />
    <tag k='amenity' v='parking_space' />
  </way>
  <way id='1424556866' timestamp='2025-08-24T09:51:00Z' uid='1468043' user='jengelh' version='1' changeset='170914867'>
    <nd ref='13094131949' />
    <nd ref='13094131924' />
    <nd ref='13094131923' />
    <nd ref='13094131948' />
    <nd ref='13094131949' />
    <tag k='amenity' v='parking_space' />
  </way>
  <way id='1424556867' timestamp='2025-08-24T09:51:00Z' uid='1468043' user='jengelh' version='1' changeset='170914867'>
    <nd ref='13094131950' />
    <nd ref='13094131925' />
    <nd ref='13094131924' />
    <nd ref='13094131949' />
    <nd ref='13094131950' />
    <tag k='amenity' v='parking_space' />
  </way>
  <way id='1424556868' timestamp='2025-08-24T09:51:00Z' uid='1468043' user='jengelh' version='1' changeset='170914867'>
    <nd ref='13094131951' />
    <nd ref='13094131926' />
    <nd ref='13094131925' />
    <nd ref='13094131950' />
    <nd ref='13094131951' />
    <tag k='amenity' v='parking_space' />
  </way>
  <way id='1424556869' timestamp='2025-08-24T09:51:00Z' uid='1468043' user='jengelh' version='1' changeset='170914867'>
    <nd ref='13094131952' />
    <nd ref='13094131927' />
    <nd ref='13094131926' />
    <nd ref='13094131951' />
    <nd ref='13094131952' />
    <tag k='amenity' v='parking_space' />
  </way>
  <way id='1424556870' timestamp='2025-08-24T09:51:00Z' uid='1468043' user='jengelh' version='1' changeset='170914867'>
    <nd ref='13094131953' />
    <nd ref='13094131928' />
    <nd ref='13094131927' />
    <nd ref='13094131952' />
    <nd ref='13094131953' />
    <tag k='amenity' v='parking_space' />
  </way>
  <way id='1424556871' timestamp='2025-08-24T09:51:00Z' uid='1468043' user='jengelh' version='1' changeset='170914867'>
    <nd ref='13094131954' />
    <nd ref='13094131929' />
    <nd ref='13094131928' />
    <nd ref='13094131953' />
    <nd ref='13094131954' />
    <tag k='amenity' v='parking_space' />
  </way>
  <way id='1424556872' timestamp='2025-08-24T09:51:00Z' uid='1468043' user='jengelh' version='1' changeset='170914867'>
    <nd ref='13094131955' />
    <nd ref='13094131930' />
    <nd ref='13094131929' />
    <nd ref='13094131954' />
    <nd ref='13094131955' />
    <tag k='amenity' v='parking_space' />
  </way>
  <way id='1424556873' timestamp='2025-08-24T09:51:00Z' uid='1468043' user='jengelh' version='1' changeset='170914867'>
    <nd ref='13094131956' />
    <nd ref='13094131931' />
    <nd ref='13094131930' />
    <nd ref='13094131955' />
    <nd ref='13094131956' />
    <tag k='amenity' v='parking_space' />
  </way>
  <way id='1424556874' timestamp='2025-08-24T09:51:00Z' uid='1468043' user='jengelh' version='1' changeset='170914867'>
    <nd ref='13094131957' />
    <nd ref='13094131932' />
    <nd ref='13094131931' />
    <nd ref='13094131956' />
    <nd ref='13094131957' />
    <tag k='amenity' v='parking_space' />
  </way>
  <way id='1424556875' timestamp='2025-08-24T09:51:00Z' uid='1468043' user='jengelh' version='1' changeset='170914867'>
    <nd ref='370630924' />
    <nd ref='13094131958' />
    <nd ref='13094131932' />
    <nd ref='13094131957' />
    <nd ref='370630924' />
    <tag k='amenity' v='parking_space' />
  </way>
  <way id='1424556876' timestamp='2025-08-24T09:51:00Z' uid='1468043' user='jengelh' version='1' changeset='170914867'>
    <nd ref='13094131967' />
    <nd ref='2503372265' />
    <nd ref='2503372264' />
    <nd ref='13094131961' />
    <nd ref='13094131967' />
    <tag k='amenity' v='parking_space' />
  </way>
  <way id='1424556877' timestamp='2025-08-24T09:51:00Z' uid='1468043' user='jengelh' version='1' changeset='170914867'>
    <nd ref='13094131968' />
    <nd ref='13094131967' />
    <nd ref='13094131961' />
    <nd ref='13094131962' />
    <nd ref='13094131968' />
    <tag k='amenity' v='parking_space' />
  </way>
  <way id='1424556878' timestamp='2025-08-24T09:51:00Z' uid='1468043' user='jengelh' version='1' changeset='170914867'>
    <nd ref='13094131969' />
    <nd ref='13094131968' />
    <nd ref='13094131962' />
    <nd ref='13094131963' />
    <nd ref='13094131969' />
    <tag k='amenity' v='parking_space' />
  </way>
  <way id='1424556879' timestamp='2025-08-24T09:51:00Z' uid='1468043' user='jengelh' version='1' changeset='170914867'>
    <nd ref='13094131970' />
    <nd ref='13094131969' />
    <nd ref='13094131963' />
    <nd ref='13094131964' />
    <nd ref='13094131970' />
    <tag k='amenity' v='parking_space' />
  </way>
  <way id='1424556880' timestamp='2025-08-24T09:51:00Z' uid='1468043' user='jengelh' version='1' changeset='170914867'>
    <nd ref='13094131971' />
    <nd ref='13094131970' />
    <nd ref='13094131964' />
    <nd ref='13094131965' />
    <nd ref='13094131971' />
    <tag k='amenity' v='parking_space' />
  </way>
  <way id='1424556881' action='modify' timestamp='2025-08-24T09:51:00Z' uid='1468043' user='jengelh' version='1' changeset='170914867'>
    <nd ref='13094131972' />
    <nd ref='13094131971' />
    <nd ref='13094131965' />
    <nd ref='13094131966' />
    <nd ref='-32984' />
    <nd ref='13094131972' />
    <tag k='amenity' v='parking_space' />
  </way>
  <way id='1424556882' action='modify' timestamp='2025-08-24T09:51:00Z' uid='1468043' user='jengelh' version='1' changeset='170914867'>
    <nd ref='13094131974' />
    <nd ref='13094131972' />
    <nd ref='-32984' />
    <nd ref='13094131966' />
    <nd ref='13094131973' />
    <nd ref='13094131974' />
    <tag k='amenity' v='parking_space' />
  </way>
  <way id='1424556883' timestamp='2025-08-24T09:51:00Z' uid='1468043' user='jengelh' version='1' changeset='170914867'>
    <nd ref='13094131973' />
    <nd ref='13094131976' />
    <nd ref='13094131975' />
    <nd ref='13094131974' />
    <nd ref='13094131973' />
    <tag k='amenity' v='parking_space' />
    <tag k='parking_space' v='disabled' />
  </way>
  <way id='1424556884' timestamp='2025-08-24T09:51:00Z' uid='1468043' user='jengelh' version='1' changeset='170914867'>
    <nd ref='13094131978' />
    <nd ref='13094131979' />
    <nd ref='13094131980' />
    <nd ref='13094131977' />
    <nd ref='13094131978' />
    <tag k='amenity' v='parking_space' />
    <tag k='parking_space' v='disabled' />
  </way>
  <way id='1424556885' timestamp='2025-08-24T09:51:00Z' uid='1468043' user='jengelh' version='1' changeset='170914867'>
    <nd ref='2503372269' />
    <nd ref='13094131978' />
    <nd ref='13094131977' />
    <nd ref='2503372268' />
    <nd ref='2503372269' />
    <tag k='amenity' v='parking_space' />
    <tag k='parking_space' v='disabled' />
  </way>
  <way id='1540801452' timestamp='2026-07-19T16:20:15Z' uid='24309024' user='Ariel NWCMaps' version='1' changeset='186015903'>
    <nd ref='428739753' />
    <nd ref='14027117090' />
    <tag k='bicycle' v='yes' />
    <tag k='highway' v='footway' />
    <tag k='surface' v='paved' />
  </way>
  <relation id='3210647' timestamp='2026-04-23T09:40:04Z' uid='1468043' user='jengelh' version='112' changeset='181708875'>
    <member type='node' ref='3309531110' role='stop' />
    <member type='node' ref='3309531122' role='platform' />
    <member type='node' ref='3309531113' role='stop' />
    <member type='node' ref='3309531121' role='platform' />
    <member type='node' ref='3309531111' role='stop' />
    <member type='node' ref='3309531141' role='platform' />
    <member type='node' ref='3309483599' role='stop' />
    <member type='node' ref='3309483607' role='platform' />
    <member type='node' ref='28095642' role='stop' />
    <member type='node' ref='3297778869' role='platform' />
    <member type='node' ref='3297686572' role='stop' />
    <member type='node' ref='3135029769' role='platform' />
    <member type='node' ref='3297625467' role='stop' />
    <member type='node' ref='3135029772' role='platform' />
    <member type='node' ref='3297598762' role='stop' />
    <member type='node' ref='3135029788' role='platform' />
    <member type='node' ref='3297572661' role='stop' />
    <member type='node' ref='3135029790' role='platform' />
    <member type='node' ref='28095807' role='stop' />
    <member type='node' ref='3273248022' role='platform' />
    <member type='node' ref='3273248015' role='stop' />
    <member type='node' ref='3135029805' role='platform' />
    <member type='node' ref='316947418' role='stop' />
    <member type='node' ref='3297247282' role='platform' />
    <member type='node' ref='3343836597' role='stop' />
    <member type='node' ref='3343836624' role='platform' />
    <member type='node' ref='3261904125' role='stop' />
    <member type='node' ref='3261904127' role='platform' />
    <member type='node' ref='3264592940' role='stop' />
    <member type='node' ref='3138740664' role='platform' />
    <member type='node' ref='3306319838' role='stop' />
    <member type='node' ref='3138740651' role='platform' />
    <member type='node' ref='3306299566' role='stop' />
    <member type='node' ref='3238758691' role='platform' />
    <member type='node' ref='3206463689' role='stop' />
    <member type='node' ref='3238817671' role='platform' />
    <member type='node' ref='3336702343' role='stop' />
    <member type='node' ref='3121094329' role='platform' />
    <member type='node' ref='3336702344' role='stop' />
    <member type='node' ref='3121094116' role='platform' />
    <member type='node' ref='3308545169' role='stop' />
    <member type='node' ref='3121094098' role='platform' />
    <member type='node' ref='2460062943' role='stop' />
    <member type='node' ref='3234878201' role='platform' />
    <member type='way' ref='15124591' role='' />
    <member type='way' ref='470243151' role='' />
    <member type='way' ref='28680039' role='' />
    <member type='way' ref='470243147' role='' />
    <member type='way' ref='470243146' role='' />
    <member type='way' ref='470243145' role='' />
    <member type='way' ref='238239604' role='' />
    <member type='way' ref='491820944' role='' />
    <member type='way' ref='470243144' role='' />
    <member type='way' ref='468797606' role='' />
    <member type='way' ref='468797602' role='' />
    <member type='way' ref='14808767' role='' />
    <member type='way' ref='237838685' role='' />
    <member type='way' ref='24951468' role='' />
    <member type='way' ref='582137786' role='' />
    <member type='way' ref='395848798' role='' />
    <member type='way' ref='944046637' role='' />
    <member type='way' ref='395848801' role='' />
    <member type='way' ref='395848799' role='' />
    <member type='way' ref='28667547' role='' />
    <member type='way' ref='395848802' role='' />
    <member type='way' ref='395848800' role='' />
    <member type='way' ref='395848803' role='' />
    <member type='way' ref='455806224' role='' />
    <member type='way' ref='261746751' role='' />
    <member type='way' ref='455806223' role='' />
    <member type='way' ref='764262132' role='' />
    <member type='way' ref='764262128' role='' />
    <member type='way' ref='764262125' role='' />
    <member type='way' ref='764262126' role='' />
    <member type='way' ref='764262127' role='' />
    <member type='way' ref='764262130' role='' />
    <member type='way' ref='764262129' role='' />
    <member type='way' ref='369649972' role='' />
    <member type='way' ref='21361660' role='' />
    <member type='way' ref='262450255' role='' />
    <member type='way' ref='239017437' role='' />
    <member type='way' ref='262450253' role='' />
    <member type='way' ref='262450260' role='' />
    <member type='way' ref='262450256' role='' />
    <member type='way' ref='38846451' role='' />
    <member type='way' ref='27818226' role='' />
    <member type='way' ref='25299427' role='' />
    <member type='way' ref='323803698' role='' />
    <member type='way' ref='323803699' role='' />
    <member type='way' ref='28777953' role='' />
    <member type='way' ref='717156073' role='' />
    <member type='way' ref='79227065' role='' />
    <member type='way' ref='1493873657' role='' />
    <member type='way' ref='717156072' role='' />
    <member type='way' ref='717156075' role='' />
    <member type='way' ref='717156071' role='' />
    <member type='way' ref='717156074' role='' />
    <member type='way' ref='717156070' role='' />
    <member type='way' ref='1493873656' role='' />
    <member type='way' ref='237538025' role='' />
    <member type='way' ref='46620837' role='' />
    <member type='way' ref='28538231' role='' />
    <member type='way' ref='1276614807' role='' />
    <member type='way' ref='28537994' role='' />
    <member type='way' ref='46620838' role='' />
    <member type='way' ref='26565007' role='' />
    <member type='way' ref='25458860' role='' />
    <member type='way' ref='652987711' role='' />
    <member type='way' ref='25458862' role='' />
    <member type='way' ref='418112784' role='' />
    <member type='way' ref='28538182' role='' />
    <member type='way' ref='236471957' role='' />
    <member type='way' ref='28726616' role='' />
    <member type='way' ref='233231237' role='' />
    <member type='way' ref='28728003' role='' />
    <member type='way' ref='27542189' role='' />
    <member type='way' ref='28660888' role='' />
    <member type='way' ref='629176967' role='' />
    <member type='way' ref='238866924' role='' />
    <member type='way' ref='8093146' role='' />
    <member type='way' ref='480177179' role='' />
    <member type='way' ref='263672613' role='' />
    <member type='way' ref='49428459' role='' />
    <member type='way' ref='49428456' role='' />
    <member type='way' ref='49428466' role='' />
    <member type='way' ref='263672617' role='' />
    <member type='way' ref='406258087' role='' />
    <member type='way' ref='28681310' role='' />
    <member type='way' ref='406258091' role='' />
    <member type='way' ref='322767795' role='' />
    <member type='way' ref='263672611' role='' />
    <member type='way' ref='28681311' role='' />
    <member type='way' ref='41085866' role='' />
    <member type='way' ref='1502796496' role='' />
    <member type='way' ref='1502796493' role='' />
    <member type='way' ref='28703306' role='' />
    <member type='way' ref='1502796492' role='' />
    <member type='way' ref='1502796490' role='' />
    <member type='way' ref='405148033' role='' />
    <member type='way' ref='1157411459' role='' />
    <member type='way' ref='248227953' role='' />
    <member type='way' ref='1157411451' role='' />
    <member type='way' ref='24624968' role='' />
    <member type='way' ref='751345701' role='' />
    <member type='way' ref='24624969' role='' />
    <member type='way' ref='802554249' role='' />
    <member type='way' ref='306771834' role='' />
    <member type='way' ref='20646274' role='' />
    <member type='way' ref='28681381' role='' />
    <member type='way' ref='256333800' role='' />
    <member type='way' ref='339931694' role='' />
    <member type='way' ref='288125054' role='' />
    <member type='way' ref='314601725' role='' />
    <member type='way' ref='314601724' role='' />
    <member type='way' ref='159828496' role='' />
    <member type='way' ref='262459059' role='' />
    <member type='way' ref='262459058' role='' />
    <member type='way' ref='349928283' role='' />
    <member type='way' ref='317270072' role='' />
    <member type='way' ref='317270073' role='' />
    <member type='way' ref='1289610801' role='' />
    <member type='way' ref='1289610802' role='' />
    <member type='way' ref='30533681' role='' />
    <member type='way' ref='1234932021' role='' />
    <member type='way' ref='861303754' role='' />
    <member type='way' ref='261316551' role='' />
    <member type='way' ref='238150910' role='' />
    <member type='way' ref='24793417' role='' />
    <member type='way' ref='25440546' role='' />
    <member type='way' ref='327683595' role='' />
    <tag k='colour' v='#ff0000' />
    <tag k='from' v='Bramwaldstraße' />
    <tag k='name' v='Bus E: Grone-Süd 07:04 =&gt; FKG, Schulzentrum Geismar' />
    <tag k='network' v='Verkehrsverbund Süd-Niedersachsen' />
    <tag k='network:short' v='VSN' />
    <tag k='network:wikidata' v='Q1360635' />
    <tag k='network:wikipedia' v='de:Verkehrsverbund Süd-Niedersachsen' />
    <tag k='note' v='internal numbers 32, 91, 11' />
    <tag k='operator' v='Göttinger Verkehrsbetriebe' />
    <tag k='public_transport:version' v='2' />
    <tag k='ref' v='E' />
    <tag k='route' v='bus' />
    <tag k='source' v='goevb.de 2024-12-09' />
    <tag k='to' v='Felix-Klein-Gymnasium, Schulzentrum Geismar' />
    <tag k='type' v='route' />
  </relation>
  <relation id='3219518' timestamp='2026-04-23T17:15:23Z' uid='1468043' user='jengelh' version='140' changeset='181729868'>
    <member type='node' ref='3334972419' role='stop' />
    <member type='node' ref='3148259945' role='platform' />
    <member type='node' ref='3334972422' role='stop' />
    <member type='node' ref='3334972427' role='platform' />
    <member type='node' ref='158712020' role='stop' />
    <member type='node' ref='3335011578' role='platform' />
    <member type='node' ref='3335011560' role='stop' />
    <member type='node' ref='3335011563' role='platform' />
    <member type='node' ref='2664050701' role='stop' />
    <member type='node' ref='3148239474' role='platform' />
    <member type='node' ref='2665376160' role='stop' />
    <member type='node' ref='3148239470' role='platform' />
    <member type='node' ref='3357812575' role='stop' />
    <member type='node' ref='3151385928' role='platform' />
    <member type='node' ref='3335510966' role='stop' />
    <member type='node' ref='3335510971' role='platform' />
    <member type='node' ref='3335577853' role='stop' />
    <member type='node' ref='3151360231' role='platform' />
    <member type='node' ref='28123553' role='stop' />
    <member type='node' ref='3335601810' role='platform' />
    <member type='node' ref='3335601795' role='stop' />
    <member type='node' ref='3335601797' role='platform' />
    <member type='node' ref='3336427694' role='stop' />
    <member type='node' ref='3336427702' role='platform' />
    <member type='node' ref='3299560166' role='stop' />
    <member type='node' ref='3299560225' role='platform' />
    <member type='node' ref='3299560170' role='stop' />
    <member type='node' ref='3299560216' role='platform' />
    <member type='node' ref='73066994' role='stop' />
    <member type='node' ref='3328581840' role='platform' />
    <member type='node' ref='3336897044' role='stop' />
    <member type='node' ref='3336897047' role='platform' />
    <member type='node' ref='3336821259' role='stop' />
    <member type='node' ref='3336821262' role='platform' />
    <member type='node' ref='3336814647' role='stop' />
    <member type='node' ref='3336814658' role='platform' />
    <member type='node' ref='3297572662' role='stop' />
    <member type='node' ref='3135029802' role='platform' />
    <member type='node' ref='3297598761' role='stop' />
    <member type='node' ref='3135029776' role='platform' />
    <member type='node' ref='3297625466' role='stop' />
    <member type='node' ref='3297625470' role='platform' />
    <member type='node' ref='3297686571' role='stop' />
    <member type='node' ref='3135029766' role='platform' />
    <member type='node' ref='33530941' role='stop' />
    <member type='node' ref='3309483600' role='platform' />
    <member type='node' ref='3309531112' role='stop' />
    <member type='node' ref='3309531152' role='platform' />
    <member type='node' ref='3309531114' role='stop' />
    <member type='node' ref='3309531131' role='platform' />
    <member type='node' ref='3309531109' role='stop' />
    <member type='node' ref='3309531123' role='platform' />
    <member type='node' ref='3309456951' role='stop' />
    <member type='node' ref='3309456955' role='platform' />
    <member type='node' ref='3298399495' role='stop' />
    <member type='node' ref='3145443714' role='platform' />
    <member type='node' ref='2460778638' role='stop' />
    <member type='node' ref='3200760137' role='platform' />
    <member type='way' ref='996081161' role='' />
    <member type='way' ref='15804118' role='' />
    <member type='way' ref='15804116' role='' />
    <member type='way' ref='28664841' role='' />
    <member type='way' ref='784627012' role='' />
    <member type='way' ref='784627011' role='' />
    <member type='way' ref='28664827' role='' />
    <member type='way' ref='871659771' role='' />
    <member type='way' ref='261106921' role='' />
    <member type='way' ref='871659772' role='' />
    <member type='way' ref='15804149' role='' />
    <member type='way' ref='260838394' role='' />
    <member type='way' ref='386360873' role='' />
    <member type='way' ref='542237663' role='' />
    <member type='way' ref='260838393' role='' />
    <member type='way' ref='248985085' role='' />
    <member type='way' ref='260942525' role='' />
    <member type='way' ref='15804157' role='' />
    <member type='way' ref='1502927252' role='' />
    <member type='way' ref='418625032' role='' />
    <member type='way' ref='290405158' role='' />
    <member type='way' ref='28664964' role='' />
    <member type='way' ref='225543411' role='' />
    <member type='way' ref='1053061982' role='' />
    <member type='way' ref='1053061983' role='' />
    <member type='way' ref='8573922' role='' />
    <member type='way' ref='270621368' role='' />
    <member type='way' ref='28665242' role='' />
    <member type='way' ref='4532230' role='' />
    <member type='way' ref='28665015' role='' />
    <member type='way' ref='242675528' role='' />
    <member type='way' ref='262724859' role='' />
    <member type='way' ref='23551111' role='' />
    <member type='way' ref='28665014' role='' />
    <member type='way' ref='28664795' role='' />
    <member type='way' ref='27541995' role='' />
    <member type='way' ref='46620835' role='' />
    <member type='way' ref='484423296' role='' />
    <member type='way' ref='286883177' role='' />
    <member type='way' ref='245606907' role='' />
    <member type='way' ref='418988397' role='' />
    <member type='way' ref='418988400' role='' />
    <member type='way' ref='245606911' role='' />
    <member type='way' ref='245606910' role='' />
    <member type='way' ref='306288559' role='' />
    <member type='way' ref='276272382' role='' />
    <member type='way' ref='27954034' role='' />
    <member type='way' ref='276272381' role='' />
    <member type='way' ref='245606908' role='' />
    <member type='way' ref='240576062' role='' />
    <member type='way' ref='1084242193' role='' />
    <member type='way' ref='1084242194' role='' />
    <member type='way' ref='160106230' role='' />
    <member type='way' ref='419434493' role='' />
    <member type='way' ref='419434495' role='' />
    <member type='way' ref='419434491' role='' />
    <member type='way' ref='419434494' role='' />
    <member type='way' ref='245606912' role='' />
    <member type='way' ref='419434499' role='' />
    <member type='way' ref='9246188' role='' />
    <member type='way' ref='419434498' role='' />
    <member type='way' ref='419434497' role='' />
    <member type='way' ref='240576067' role='' />
    <member type='way' ref='396726743' role='' />
    <member type='way' ref='419434492' role='' />
    <member type='way' ref='419434500' role='' />
    <member type='way' ref='322479655' role='' />
    <member type='way' ref='28445321' role='' />
    <member type='way' ref='27542089' role='' />
    <member type='way' ref='233231254' role='' />
    <member type='way' ref='23470928' role='' />
    <member type='way' ref='310552174' role='' />
    <member type='way' ref='28665635' role='' />
    <member type='way' ref='23470927' role='' />
    <member type='way' ref='233231255' role='' />
    <member type='way' ref='1418045388' role='' />
    <member type='way' ref='257966088' role='' />
    <member type='way' ref='8577048' role='' />
    <member type='way' ref='479366417' role='' />
    <member type='way' ref='9499216' role='' />
    <member type='way' ref='479366416' role='' />
    <member type='way' ref='1418044469' role='' />
    <member type='way' ref='305453617' role='' />
    <member type='way' ref='19888541' role='' />
    <member type='way' ref='16421339' role='' />
    <member type='way' ref='20171942' role='' />
    <member type='way' ref='24260521' role='' />
    <member type='way' ref='238152123' role='' />
    <member type='way' ref='437078496' role='' />
    <member type='way' ref='1493873658' role='' />
    <member type='way' ref='14807409' role='' />
    <member type='way' ref='22467423' role='' />
    <member type='way' ref='22467425' role='' />
    <member type='way' ref='1242230742' role='' />
    <member type='way' ref='295051772' role='' />
    <member type='way' ref='295051774' role='' />
    <member type='way' ref='1276614808' role='' />
    <member type='way' ref='581881522' role='' />
    <member type='way' ref='25299426' role='' />
    <member type='way' ref='28660887' role='' />
    <member type='way' ref='717156070' role='' />
    <member type='way' ref='717156074' role='' />
    <member type='way' ref='717156071' role='' />
    <member type='way' ref='717156075' role='' />
    <member type='way' ref='717156072' role='' />
    <member type='way' ref='1493873657' role='' />
    <member type='way' ref='79227065' role='' />
    <member type='way' ref='717156073' role='' />
    <member type='way' ref='230135123' role='' />
    <member type='way' ref='28777952' role='' />
    <member type='way' ref='211180201' role='' />
    <member type='way' ref='437576250' role='' />
    <member type='way' ref='791193463' role='' />
    <member type='way' ref='25466025' role='' />
    <member type='way' ref='38846449' role='' />
    <member type='way' ref='239017436' role='' />
    <member type='way' ref='262450254' role='' />
    <member type='way' ref='262450257' role='' />
    <member type='way' ref='230455311' role='' />
    <member type='way' ref='262450258' role='' />
    <member type='way' ref='369649966' role='' />
    <member type='way' ref='24874220' role='' />
    <member type='way' ref='764262129' role='' />
    <member type='way' ref='764262130' role='' />
    <member type='way' ref='764262127' role='' />
    <member type='way' ref='764262126' role='' />
    <member type='way' ref='764262125' role='' />
    <member type='way' ref='764262128' role='' />
    <member type='way' ref='764262132' role='' />
    <member type='way' ref='764262131' role='' />
    <member type='way' ref='24874222' role='' />
    <member type='way' ref='370602440' role='' />
    <member type='way' ref='28667548' role='' />
    <member type='way' ref='944046637' role='' />
    <member type='way' ref='395848798' role='' />
    <member type='way' ref='582137786' role='' />
    <member type='way' ref='24951468' role='' />
    <member type='way' ref='237838685' role='' />
    <member type='way' ref='14808767' role='' />
    <member type='way' ref='468797602' role='' />
    <member type='way' ref='468797606' role='' />
    <member type='way' ref='470243144' role='' />
    <member type='way' ref='491820944' role='' />
    <member type='way' ref='238239604' role='' />
    <member type='way' ref='470243145' role='' />
    <member type='way' ref='470243146' role='' />
    <member type='way' ref='470243147' role='' />
    <member type='way' ref='28680039' role='' />
    <member type='way' ref='14808690' role='' />
    <member type='way' ref='28680037' role='' />
    <member type='way' ref='14808382' role='' />
    <member type='way' ref='235712552' role='' />
    <member type='way' ref='262450290' role='' />
    <member type='way' ref='14806249' role='' />
    <member type='way' ref='28667772' role='' />
    <member type='way' ref='262450272' role='' />
    <member type='way' ref='238793638' role='' />
    <member type='way' ref='165096235' role='' />
    <member type='way' ref='28508459' role='' />
    <member type='way' ref='37674849' role='' />
    <member type='way' ref='37674850' role='' />
    <member type='way' ref='240829191' role='' />
    <member type='way' ref='262450276' role='' />
    <member type='way' ref='262450263' role='' />
    <member type='way' ref='85503845' role='' />
    <member type='way' ref='230196003' role='' />
    <member type='way' ref='262450251' role='' />
    <member type='way' ref='447857463' role='' />
    <member type='way' ref='241735428' role='' />
    <member type='way' ref='240829178' role='' />
    <member type='way' ref='238231773' role='' />
    <member type='way' ref='238231774' role='' />
    <tag k='colour' v='#94c11a' />
    <tag k='from' v='Friedhof Junkerberg' />
    <tag k='name' v='Bus 32: Weende-Nord =&gt; Kaufpark (HVZ)' />
    <tag k='network' v='Verkehrsverbund Süd-Niedersachsen' />
    <tag k='network:short' v='VSN' />
    <tag k='network:wikidata' v='Q1360635' />
    <tag k='network:wikipedia' v='de:Verkehrsverbund Süd-Niedersachsen' />
    <tag k='operator' v='Göttinger Verkehrsbetriebe' />
    <tag k='public_transport:version' v='2' />
    <tag k='ref' v='32' />
    <tag k='route' v='bus' />
    <tag k='source' v='goevb.de 2024-12-09' />
    <tag k='to' v='Kaufpark-Ost' />
    <tag k='type' v='route' />
  </relation>
  <relation id='3219519' timestamp='2026-04-23T17:15:23Z' uid='1468043' user='jengelh' version='141' changeset='181729868'>
    <member type='node' ref='3299525877' role='stop' />
    <member type='node' ref='3200760131' role='platform' />
    <member type='node' ref='3298399494' role='stop' />
    <member type='node' ref='3145443713' role='platform' />
    <member type='node' ref='3298399496' role='stop' />
    <member type='node' ref='2482401114' role='platform' />
    <member type='node' ref='3309456949' role='stop' />
    <member type='node' ref='3309456958' role='platform' />
    <member type='node' ref='3309531110' role='stop' />
    <member type='node' ref='3309531122' role='platform' />
    <member type='node' ref='3309531113' role='stop' />
    <member type='node' ref='3309531121' role='platform' />
    <member type='node' ref='3309531111' role='stop' />
    <member type='node' ref='3309531141' role='platform' />
    <member type='node' ref='3309483599' role='stop' />
    <member type='node' ref='3309483607' role='platform' />
    <member type='node' ref='28095642' role='stop' />
    <member type='node' ref='3297778869' role='platform' />
    <member type='node' ref='3297686572' role='stop' />
    <member type='node' ref='3135029769' role='platform' />
    <member type='node' ref='3297625467' role='stop' />
    <member type='node' ref='3135029772' role='platform' />
    <member type='node' ref='3297598762' role='stop' />
    <member type='node' ref='3135029788' role='platform' />
    <member type='node' ref='3297572661' role='stop' />
    <member type='node' ref='3135029790' role='platform' />
    <member type='node' ref='3336853673' role='stop' />
    <member type='node' ref='3336853678' role='platform' />
    <member type='node' ref='1849972812' role='stop' />
    <member type='node' ref='3121094363' role='platform' />
    <member type='node' ref='2509599533' role='stop' />
    <member type='node' ref='3121094371' role='platform' />
    <member type='node' ref='3299560168' role='stop' />
    <member type='node' ref='3299560209' role='platform' />
    <member type='node' ref='3299560167' role='stop' />
    <member type='node' ref='3299560231' role='platform' />
    <member type='node' ref='2527745042' role='stop' />
    <member type='node' ref='3336427701' role='platform' />
    <member type='node' ref='3335601796' role='stop' />
    <member type='node' ref='3335601808' role='platform' />
    <member type='node' ref='3335577850' role='stop' />
    <member type='node' ref='3335577856' role='platform' />
    <member type='node' ref='3335577854' role='stop' />
    <member type='node' ref='3151360239' role='platform' />
    <member type='node' ref='3335510965' role='stop' />
    <member type='node' ref='3335510970' role='platform' />
    <member type='node' ref='3335047910' role='stop' />
    <member type='node' ref='3151385929' role='platform' />
    <member type='node' ref='3335047909' role='stop' />
    <member type='node' ref='3148239473' role='platform' />
    <member type='node' ref='2664050718' role='stop' />
    <member type='node' ref='3148239477' role='platform' />
    <member type='node' ref='3335011561' role='stop' />
    <member type='node' ref='3335011571' role='platform' />
    <member type='node' ref='158712023' role='stop' />
    <member type='node' ref='3335011573' role='platform' />
    <member type='node' ref='3334972421' role='stop' />
    <member type='node' ref='3334972430' role='platform' />
    <member type='node' ref='3334972420' role='stop' />
    <member type='node' ref='3148259947' role='platform' />
    <member type='way' ref='238231773' role='' />
    <member type='way' ref='240829178' role='' />
    <member type='way' ref='241735428' role='' />
    <member type='way' ref='447857463' role='' />
    <member type='way' ref='204634134' role='' />
    <member type='way' ref='1479659047' role='' />
    <member type='way' ref='262450250' role='' />
    <member type='way' ref='230138209' role='' />
    <member type='way' ref='22728959' role='' />
    <member type='way' ref='204634135' role='' />
    <member type='way' ref='238793637' role='' />
    <member type='way' ref='426351351' role='' />
    <member type='way' ref='205448281' role='' />
    <member type='way' ref='262450266' role='' />
    <member type='way' ref='262450278' role='' />
    <member type='way' ref='1382751512' role='' />
    <member type='way' ref='262450265' role='' />
    <member type='way' ref='262450270' role='' />
    <member type='way' ref='37674851' role='' />
    <member type='way' ref='28667775' role='' />
    <member type='way' ref='262450280' role='' />
    <member type='way' ref='1168363253' role='' />
    <member type='way' ref='732971824' role='' />
    <member type='way' ref='262450273' role='' />
    <member type='way' ref='262450290' role='' />
    <member type='way' ref='235712552' role='' />
    <member type='way' ref='14808382' role='' />
    <member type='way' ref='28680038' role='' />
    <member type='way' ref='15124591' role='' />
    <member type='way' ref='470243151' role='' />
    <member type='way' ref='28680039' role='' />
    <member type='way' ref='470243147' role='' />
    <member type='way' ref='470243146' role='' />
    <member type='way' ref='470243145' role='' />
    <member type='way' ref='238239604' role='' />
    <member type='way' ref='491820944' role='' />
    <member type='way' ref='470243144' role='' />
    <member type='way' ref='468797606' role='' />
    <member type='way' ref='468797602' role='' />
    <member type='way' ref='14808767' role='' />
    <member type='way' ref='237838685' role='' />
    <member type='way' ref='24951468' role='' />
    <member type='way' ref='582137786' role='' />
    <member type='way' ref='395848798' role='' />
    <member type='way' ref='944046637' role='' />
    <member type='way' ref='395848801' role='' />
    <member type='way' ref='395848799' role='' />
    <member type='way' ref='28667547' role='' />
    <member type='way' ref='395848802' role='' />
    <member type='way' ref='395848800' role='' />
    <member type='way' ref='395848803' role='' />
    <member type='way' ref='455806224' role='' />
    <member type='way' ref='261746751' role='' />
    <member type='way' ref='455806223' role='' />
    <member type='way' ref='764262132' role='' />
    <member type='way' ref='764262128' role='' />
    <member type='way' ref='764262125' role='' />
    <member type='way' ref='764262126' role='' />
    <member type='way' ref='764262127' role='' />
    <member type='way' ref='764262130' role='' />
    <member type='way' ref='764262129' role='' />
    <member type='way' ref='369649972' role='' />
    <member type='way' ref='21361660' role='' />
    <member type='way' ref='262450255' role='' />
    <member type='way' ref='239017437' role='' />
    <member type='way' ref='262450253' role='' />
    <member type='way' ref='262450260' role='' />
    <member type='way' ref='262450256' role='' />
    <member type='way' ref='38846451' role='' />
    <member type='way' ref='27818226' role='' />
    <member type='way' ref='25299427' role='' />
    <member type='way' ref='323803698' role='' />
    <member type='way' ref='323803699' role='' />
    <member type='way' ref='28777953' role='' />
    <member type='way' ref='717156073' role='' />
    <member type='way' ref='79227065' role='' />
    <member type='way' ref='1493873657' role='' />
    <member type='way' ref='717156072' role='' />
    <member type='way' ref='717156075' role='' />
    <member type='way' ref='717156071' role='' />
    <member type='way' ref='717156074' role='' />
    <member type='way' ref='717156070' role='' />
    <member type='way' ref='1493873656' role='' />
    <member type='way' ref='237538025' role='' />
    <member type='way' ref='46620837' role='' />
    <member type='way' ref='28538231' role='' />
    <member type='way' ref='32687584' role='' />
    <member type='way' ref='230125952' role='' />
    <member type='way' ref='16420764' role='' />
    <member type='way' ref='350201823' role='' />
    <member type='way' ref='295051774' role='' />
    <member type='way' ref='295051772' role='' />
    <member type='way' ref='1242230742' role='' />
    <member type='way' ref='22467425' role='' />
    <member type='way' ref='22467423' role='' />
    <member type='way' ref='14807409' role='' />
    <member type='way' ref='1493873658' role='' />
    <member type='way' ref='437078496' role='' />
    <member type='way' ref='41085860' role='' />
    <member type='way' ref='260750324' role='' />
    <member type='way' ref='9499219' role='' />
    <member type='way' ref='9499226' role='' />
    <member type='way' ref='311749326' role='' />
    <member type='way' ref='9499224' role='' />
    <member type='way' ref='28444933' role='' />
    <member type='way' ref='502849880' role='' />
    <member type='way' ref='42300667' role='' />
    <member type='way' ref='502849879' role='' />
    <member type='way' ref='243567286' role='' />
    <member type='way' ref='664931899' role='' />
    <member type='way' ref='243567285' role='' />
    <member type='way' ref='664931900' role='' />
    <member type='way' ref='19888546' role='' />
    <member type='way' ref='143966419' role='' />
    <member type='way' ref='248030854' role='' />
    <member type='way' ref='479366415' role='' />
    <member type='way' ref='479366414' role='' />
    <member type='way' ref='8577048' role='' />
    <member type='way' ref='257966088' role='' />
    <member type='way' ref='1418045388' role='' />
    <member type='way' ref='233231255' role='' />
    <member type='way' ref='23470927' role='' />
    <member type='way' ref='4532229' role='' />
    <member type='way' ref='28445361' role='' />
    <member type='way' ref='310551753' role='' />
    <member type='way' ref='322479653' role='' />
    <member type='way' ref='322479654' role='' />
    <member type='way' ref='28445271' role='' />
    <member type='way' ref='265093749' role='' />
    <member type='way' ref='419434500' role='' />
    <member type='way' ref='419434492' role='' />
    <member type='way' ref='396726743' role='' />
    <member type='way' ref='240576067' role='' />
    <member type='way' ref='419434497' role='' />
    <member type='way' ref='419434498' role='' />
    <member type='way' ref='9246188' role='' />
    <member type='way' ref='419434499' role='' />
    <member type='way' ref='396726739' role='' />
    <member type='way' ref='419434496' role='' />
    <member type='way' ref='419434491' role='' />
    <member type='way' ref='419434495' role='' />
    <member type='way' ref='419434493' role='' />
    <member type='way' ref='160106230' role='' />
    <member type='way' ref='1084242194' role='' />
    <member type='way' ref='1084242193' role='' />
    <member type='way' ref='240576062' role='' />
    <member type='way' ref='245606908' role='' />
    <member type='way' ref='276272381' role='' />
    <member type='way' ref='245366929' role='' />
    <member type='way' ref='276272383' role='' />
    <member type='way' ref='240280270' role='' />
    <member type='way' ref='258031599' role='' />
    <member type='way' ref='418971696' role='' />
    <member type='way' ref='245606905' role='' />
    <member type='way' ref='418988402' role='' />
    <member type='way' ref='418988401' role='' />
    <member type='way' ref='418988398' role='' />
    <member type='way' ref='245606904' role='' />
    <member type='way' ref='418988399' role='' />
    <member type='way' ref='278591212' role='' />
    <member type='way' ref='278591211' role='' />
    <member type='way' ref='28664794' role='' />
    <member type='way' ref='27542014' role='' />
    <member type='way' ref='325196152' role='' />
    <member type='way' ref='325196153' role='' />
    <member type='way' ref='623483436' role='' />
    <member type='way' ref='242675527' role='' />
    <member type='way' ref='242675526' role='' />
    <member type='way' ref='270621377' role='' />
    <member type='way' ref='28665242' role='' />
    <member type='way' ref='270621368' role='' />
    <member type='way' ref='8573922' role='' />
    <member type='way' ref='1053061983' role='' />
    <member type='way' ref='1053061982' role='' />
    <member type='way' ref='225543411' role='' />
    <member type='way' ref='28664964' role='' />
    <member type='way' ref='290405158' role='' />
    <member type='way' ref='418625032' role='' />
    <member type='way' ref='1502927252' role='' />
    <member type='way' ref='15804157' role='' />
    <member type='way' ref='260942525' role='' />
    <member type='way' ref='248985085' role='' />
    <member type='way' ref='260838393' role='' />
    <member type='way' ref='542237663' role='' />
    <member type='way' ref='386360873' role='' />
    <member type='way' ref='240735328' role='' />
    <member type='way' ref='15804149' role='' />
    <member type='way' ref='871659772' role='' />
    <member type='way' ref='261106921' role='' />
    <member type='way' ref='871659771' role='' />
    <member type='way' ref='28664827' role='' />
    <member type='way' ref='784627011' role='' />
    <member type='way' ref='784627012' role='' />
    <member type='way' ref='15804130' role='' />
    <member type='way' ref='996081162' role='' />
    <member type='way' ref='418608632' role='' />
    <tag k='colour' v='#94c11a' />
    <tag k='from' v='Kaufpark-West' />
    <tag k='name' v='Bus 32: Kaufpark =&gt; Weende-Nord (HVZ)' />
    <tag k='network' v='Verkehrsverbund Süd-Niedersachsen' />
    <tag k='network:short' v='VSN' />
    <tag k='network:wikidata' v='Q1360635' />
    <tag k='network:wikipedia' v='de:Verkehrsverbund Süd-Niedersachsen' />
    <tag k='operator' v='Göttinger Verkehrsbetriebe' />
    <tag k='public_transport:version' v='2' />
    <tag k='ref' v='32' />
    <tag k='route' v='bus' />
    <tag k='source' v='goevb.de 2024-12-09' />
    <tag k='to' v='Friedhof Junkerberg' />
    <tag k='type' v='route' />
    <tag k='via' v='Zentrum' />
  </relation>
  <relation id='3283178' timestamp='2022-09-08T07:37:01Z' uid='12947456' user='hades0299' version='6' changeset='125930222'>
    <member type='way' ref='288010905' role='outer' />
    <member type='way' ref='122242017' role='inner' />
    <tag k='area' v='yes' />
    <tag k='highway' v='pedestrian' />
    <tag k='lit' v='yes' />
    <tag k='name' v='Jonaplatz' />
    <tag k='type' v='multipolygon' />
  </relation>
  <relation id='4083964' timestamp='2026-04-23T17:15:23Z' uid='1468043' user='jengelh' version='90' changeset='181729868'>
    <member type='node' ref='33530941' role='stop' />
    <member type='node' ref='3309483600' role='platform' />
    <member type='node' ref='3309531112' role='stop' />
    <member type='node' ref='3309531152' role='platform' />
    <member type='node' ref='3309531114' role='stop' />
    <member type='node' ref='3309531131' role='platform' />
    <member type='node' ref='3309531109' role='stop' />
    <member type='node' ref='3309531123' role='platform' />
    <member type='node' ref='3309456951' role='stop' />
    <member type='node' ref='3309456955' role='platform' />
    <member type='node' ref='3309555216' role='stop' />
    <member type='node' ref='3309555225' role='platform' />
    <member type='node' ref='3309555212' role='stop' />
    <member type='node' ref='3309555239' role='platform' />
    <member type='node' ref='3309555215' role='stop' />
    <member type='node' ref='3309555235' role='platform' />
    <member type='node' ref='28095642' role='stop' />
    <member type='node' ref='3297778869' role='platform' />
    <member type='node' ref='3297686572' role='stop' />
    <member type='node' ref='3135029769' role='platform' />
    <member type='node' ref='3297625467' role='stop' />
    <member type='node' ref='3135029772' role='platform' />
    <member type='node' ref='3297598762' role='stop' />
    <member type='node' ref='3135029788' role='platform' />
    <member type='node' ref='3297572661' role='stop' />
    <member type='node' ref='3135029790' role='platform' />
    <member type='node' ref='28095807' role='stop' />
    <member type='node' ref='3273248022' role='platform' />
    <member type='node' ref='3273248015' role='stop' />
    <member type='node' ref='3135029805' role='platform' />
    <member type='node' ref='3299560168' role='stop' />
    <member type='node' ref='3299560209' role='platform' />
    <member type='node' ref='3299560167' role='stop' />
    <member type='node' ref='3299560231' role='platform' />
    <member type='node' ref='2527745042' role='stop' />
    <member type='node' ref='3336427701' role='platform' />
    <member type='node' ref='3335601796' role='stop' />
    <member type='node' ref='3335601808' role='platform' />
    <member type='node' ref='3335577850' role='stop' />
    <member type='node' ref='3335577856' role='platform' />
    <member type='node' ref='3343914158' role='stop' />
    <member type='node' ref='3156156714' role='platform' />
    <member type='node' ref='10265526074' role='stop' />
    <member type='node' ref='10247571591' role='platform' />
    <member type='node' ref='10247571590' role='stop' />
    <member type='node' ref='8458694047' role='platform' />
    <member type='node' ref='3335062432' role='stop' />
    <member type='node' ref='3148867182' role='platform' />
    <member type='node' ref='3335047908' role='stop' />
    <member type='node' ref='3148867202' role='platform' />
    <member type='node' ref='3335047909' role='stop' />
    <member type='node' ref='3148239473' role='platform' />
    <member type='node' ref='2664050718' role='stop' />
    <member type='node' ref='3148239477' role='platform' />
    <member type='node' ref='3335011561' role='stop' />
    <member type='node' ref='3335011571' role='platform' />
    <member type='node' ref='158712023' role='stop' />
    <member type='node' ref='3335011573' role='platform' />
    <member type='node' ref='3334972421' role='stop' />
    <member type='node' ref='3334972430' role='platform' />
    <member type='node' ref='3334972420' role='stop' />
    <member type='node' ref='3148259947' role='platform' />
    <member type='way' ref='237838685' role='' />
    <member type='way' ref='14808767' role='' />
    <member type='way' ref='468797602' role='' />
    <member type='way' ref='468797606' role='' />
    <member type='way' ref='470243144' role='' />
    <member type='way' ref='491820944' role='' />
    <member type='way' ref='238239604' role='' />
    <member type='way' ref='470243145' role='' />
    <member type='way' ref='470243146' role='' />
    <member type='way' ref='470243147' role='' />
    <member type='way' ref='28680039' role='' />
    <member type='way' ref='14808690' role='' />
    <member type='way' ref='28680037' role='' />
    <member type='way' ref='14808382' role='' />
    <member type='way' ref='235712552' role='' />
    <member type='way' ref='262450290' role='' />
    <member type='way' ref='14806249' role='' />
    <member type='way' ref='28667769' role='' />
    <member type='way' ref='262450289' role='' />
    <member type='way' ref='43331374' role='' />
    <member type='way' ref='202727018' role='' />
    <member type='way' ref='202727019' role='' />
    <member type='way' ref='437445555' role='' />
    <member type='way' ref='19908707' role='' />
    <member type='way' ref='437445556' role='' />
    <member type='way' ref='437445557' role='' />
    <member type='way' ref='14806601' role='' />
    <member type='way' ref='270443253' role='' />
    <member type='way' ref='270443254' role='' />
    <member type='way' ref='14315752' role='' />
    <member type='way' ref='14346578' role='' />
    <member type='way' ref='43331373' role='' />
    <member type='way' ref='252841655' role='' />
    <member type='way' ref='28667548' role='' />
    <member type='way' ref='395848801' role='' />
    <member type='way' ref='395848799' role='' />
    <member type='way' ref='28667547' role='' />
    <member type='way' ref='395848802' role='' />
    <member type='way' ref='395848800' role='' />
    <member type='way' ref='395848803' role='' />
    <member type='way' ref='455806224' role='' />
    <member type='way' ref='261746751' role='' />
    <member type='way' ref='455806223' role='' />
    <member type='way' ref='764262132' role='' />
    <member type='way' ref='764262128' role='' />
    <member type='way' ref='764262125' role='' />
    <member type='way' ref='764262126' role='' />
    <member type='way' ref='764262127' role='' />
    <member type='way' ref='764262130' role='' />
    <member type='way' ref='764262129' role='' />
    <member type='way' ref='369649972' role='' />
    <member type='way' ref='21361660' role='' />
    <member type='way' ref='262450255' role='' />
    <member type='way' ref='239017437' role='' />
    <member type='way' ref='262450253' role='' />
    <member type='way' ref='262450260' role='' />
    <member type='way' ref='262450256' role='' />
    <member type='way' ref='38846451' role='' />
    <member type='way' ref='27818226' role='' />
    <member type='way' ref='25299427' role='' />
    <member type='way' ref='323803698' role='' />
    <member type='way' ref='323803699' role='' />
    <member type='way' ref='28777953' role='' />
    <member type='way' ref='717156073' role='' />
    <member type='way' ref='79227065' role='' />
    <member type='way' ref='1493873657' role='' />
    <member type='way' ref='717156072' role='' />
    <member type='way' ref='717156075' role='' />
    <member type='way' ref='717156071' role='' />
    <member type='way' ref='717156074' role='' />
    <member type='way' ref='717156070' role='' />
    <member type='way' ref='1493873656' role='' />
    <member type='way' ref='237538025' role='' />
    <member type='way' ref='46620837' role='' />
    <member type='way' ref='28538231' role='' />
    <member type='way' ref='1276614807' role='' />
    <member type='way' ref='28537994' role='' />
    <member type='way' ref='46620838' role='' />
    <member type='way' ref='26565007' role='' />
    <member type='way' ref='25458860' role='' />
    <member type='way' ref='652987711' role='' />
    <member type='way' ref='25458862' role='' />
    <member type='way' ref='418112784' role='' />
    <member type='way' ref='28538182' role='' />
    <member type='way' ref='236471957' role='' />
    <member type='way' ref='28538139' role='' />
    <member type='way' ref='28538138' role='' />
    <member type='way' ref='233231246' role='' />
    <member type='way' ref='170244259' role='' />
    <member type='way' ref='28539170' role='' />
    <member type='way' ref='28538183' role='' />
    <member type='way' ref='233231228' role='' />
    <member type='way' ref='233231245' role='' />
    <member type='way' ref='28445363' role='' />
    <member type='way' ref='4532229' role='' />
    <member type='way' ref='28445361' role='' />
    <member type='way' ref='310551753' role='' />
    <member type='way' ref='322479653' role='' />
    <member type='way' ref='322479654' role='' />
    <member type='way' ref='28445271' role='' />
    <member type='way' ref='265093749' role='' />
    <member type='way' ref='419434500' role='' />
    <member type='way' ref='419434492' role='' />
    <member type='way' ref='396726743' role='' />
    <member type='way' ref='240576067' role='' />
    <member type='way' ref='419434497' role='' />
    <member type='way' ref='419434498' role='' />
    <member type='way' ref='9246188' role='' />
    <member type='way' ref='419434499' role='' />
    <member type='way' ref='396726739' role='' />
    <member type='way' ref='419434496' role='' />
    <member type='way' ref='419434491' role='' />
    <member type='way' ref='419434495' role='' />
    <member type='way' ref='419434493' role='' />
    <member type='way' ref='160106230' role='' />
    <member type='way' ref='1084242194' role='' />
    <member type='way' ref='1084242193' role='' />
    <member type='way' ref='240576062' role='' />
    <member type='way' ref='245606908' role='' />
    <member type='way' ref='276272381' role='' />
    <member type='way' ref='245366929' role='' />
    <member type='way' ref='276272383' role='' />
    <member type='way' ref='240280270' role='' />
    <member type='way' ref='258031599' role='' />
    <member type='way' ref='418971696' role='' />
    <member type='way' ref='245606905' role='' />
    <member type='way' ref='418988402' role='' />
    <member type='way' ref='418988401' role='' />
    <member type='way' ref='418988398' role='' />
    <member type='way' ref='245606904' role='' />
    <member type='way' ref='418988399' role='' />
    <member type='way' ref='278591212' role='' />
    <member type='way' ref='278591211' role='' />
    <member type='way' ref='28664794' role='' />
    <member type='way' ref='27542014' role='' />
    <member type='way' ref='325196152' role='' />
    <member type='way' ref='325196153' role='' />
    <member type='way' ref='623483436' role='' />
    <member type='way' ref='242675527' role='' />
    <member type='way' ref='242675526' role='' />
    <member type='way' ref='28665016' role='' />
    <member type='way' ref='242675525' role='' />
    <member type='way' ref='230051452' role='' />
    <member type='way' ref='325196151' role='' />
    <member type='way' ref='1194833998' role='' />
    <member type='way' ref='484423298' role='' />
    <member type='way' ref='1194833997' role='' />
    <member type='way' ref='246253625' role='' />
    <member type='way' ref='240735329' role='' />
    <member type='way' ref='28193676' role='' />
    <member type='way' ref='23094125' role='' />
    <member type='way' ref='244208990' role='' />
    <member type='way' ref='559917517' role='' />
    <member type='way' ref='1120427094' role='' />
    <member type='way' ref='871659776' role='' />
    <member type='way' ref='1307844660' role='' />
    <member type='way' ref='870986699' role='' />
    <member type='way' ref='870986700' role='' />
    <member type='way' ref='1120427096' role='' />
    <member type='way' ref='248985087' role='' />
    <member type='way' ref='511351002' role='' />
    <member type='way' ref='174913528' role='' />
    <member type='way' ref='270621370' role='' />
    <member type='way' ref='759728608' role='' />
    <member type='way' ref='28664825' role='' />
    <member type='way' ref='759728610' role='' />
    <member type='way' ref='1502927252' role='' />
    <member type='way' ref='15804157' role='' />
    <member type='way' ref='260942525' role='' />
    <member type='way' ref='248985085' role='' />
    <member type='way' ref='260838393' role='' />
    <member type='way' ref='542237663' role='' />
    <member type='way' ref='386360873' role='' />
    <member type='way' ref='240735328' role='' />
    <member type='way' ref='15804149' role='' />
    <member type='way' ref='871659772' role='' />
    <member type='way' ref='261106921' role='' />
    <member type='way' ref='871659771' role='' />
    <member type='way' ref='28664827' role='' />
    <member type='way' ref='784627011' role='' />
    <member type='way' ref='784627012' role='' />
    <member type='way' ref='15804130' role='' />
    <member type='way' ref='996081162' role='' />
    <member type='way' ref='418608632' role='' />
    <tag k='colour' v='#009fe3' />
    <tag k='from' v='Deisterstraße' />
    <tag k='name' v='Bus F: Grone 05:11 =&gt; Weende-Nord' />
    <tag k='network' v='Verkehrsverbund Süd-Niedersachsen' />
    <tag k='network:short' v='VSN' />
    <tag k='network:wikidata' v='Q1360635' />
    <tag k='network:wikipedia' v='de:Verkehrsverbund Süd-Niedersachsen' />
    <tag k='note' v='internal numbers 31(H), 31(R)' />
    <tag k='operator' v='Göttinger Verkehrsbetriebe' />
    <tag k='public_transport:version' v='2' />
    <tag k='ref' v='31' />
    <tag k='route' v='bus' />
    <tag k='source' v='goevb.de 2024-12-09' />
    <tag k='to' v='Friedhof Junkerberg' />
    <tag k='type' v='route' />
  </relation>
  <relation id='4096427' timestamp='2026-04-23T17:15:23Z' uid='1468043' user='jengelh' version='104' changeset='181729868'>
    <member type='node' ref='3334972419' role='stop' />
    <member type='node' ref='3148259945' role='platform' />
    <member type='node' ref='3334972422' role='stop' />
    <member type='node' ref='3334972427' role='platform' />
    <member type='node' ref='158712020' role='stop' />
    <member type='node' ref='3335011578' role='platform' />
    <member type='node' ref='3335011560' role='stop' />
    <member type='node' ref='3335011563' role='platform' />
    <member type='node' ref='2664050701' role='stop' />
    <member type='node' ref='3148239474' role='platform' />
    <member type='node' ref='2665376160' role='stop' />
    <member type='node' ref='3148239470' role='platform' />
    <member type='node' ref='3335062433' role='stop' />
    <member type='node' ref='3148867194' role='platform' />
    <member type='node' ref='8851432331' role='platform' />
    <member type='node' ref='10265526075' role='stop' />
    <member type='node' ref='10247571592' role='platform' />
    <member type='node' ref='3343914159' role='stop' />
    <member type='node' ref='3156156711' role='platform' />
    <member type='node' ref='3335577853' role='stop' />
    <member type='node' ref='3151360231' role='platform' />
    <member type='node' ref='28123553' role='stop' />
    <member type='node' ref='3335601810' role='platform' />
    <member type='node' ref='3335601795' role='stop' />
    <member type='node' ref='3335601797' role='platform' />
    <member type='node' ref='3336427694' role='stop' />
    <member type='node' ref='3336427702' role='platform' />
    <member type='node' ref='3299560166' role='stop' />
    <member type='node' ref='3299560225' role='platform' />
    <member type='node' ref='3299560170' role='stop' />
    <member type='node' ref='3299560216' role='platform' />
    <member type='node' ref='73066994' role='stop' />
    <member type='node' ref='3328581840' role='platform' />
    <member type='node' ref='3336897044' role='stop' />
    <member type='node' ref='3336897047' role='platform' />
    <member type='node' ref='3336821259' role='stop' />
    <member type='node' ref='3336821262' role='platform' />
    <member type='node' ref='3336814647' role='stop' />
    <member type='node' ref='3336814658' role='platform' />
    <member type='node' ref='3297572662' role='stop' />
    <member type='node' ref='3135029802' role='platform' />
    <member type='node' ref='3297598761' role='stop' />
    <member type='node' ref='3135029776' role='platform' />
    <member type='node' ref='3297625466' role='stop' />
    <member type='node' ref='3297625470' role='platform' />
    <member type='node' ref='3297686571' role='stop' />
    <member type='node' ref='3135029766' role='platform' />
    <member type='node' ref='33530941' role='stop' />
    <member type='node' ref='3309483600' role='platform' />
    <member type='node' ref='3309531112' role='stop' />
    <member type='node' ref='3309531152' role='platform' />
    <member type='node' ref='3309531114' role='stop' />
    <member type='node' ref='3309531131' role='platform' />
    <member type='node' ref='3309531109' role='stop' />
    <member type='node' ref='3309531123' role='platform' />
    <member type='node' ref='3309456951' role='stop' />
    <member type='node' ref='3309456955' role='platform' />
    <member type='way' ref='996081161' role='' />
    <member type='way' ref='15804118' role='' />
    <member type='way' ref='15804116' role='' />
    <member type='way' ref='28664841' role='' />
    <member type='way' ref='784627012' role='' />
    <member type='way' ref='784627011' role='' />
    <member type='way' ref='28664827' role='' />
    <member type='way' ref='871659771' role='' />
    <member type='way' ref='261106921' role='' />
    <member type='way' ref='871659772' role='' />
    <member type='way' ref='15804149' role='' />
    <member type='way' ref='260838394' role='' />
    <member type='way' ref='386360873' role='' />
    <member type='way' ref='542237663' role='' />
    <member type='way' ref='260838393' role='' />
    <member type='way' ref='248985085' role='' />
    <member type='way' ref='260942525' role='' />
    <member type='way' ref='15804157' role='' />
    <member type='way' ref='1502927252' role='' />
    <member type='way' ref='759728610' role='' />
    <member type='way' ref='28664825' role='' />
    <member type='way' ref='759728608' role='' />
    <member type='way' ref='270621370' role='' />
    <member type='way' ref='174913528' role='' />
    <member type='way' ref='511351002' role='' />
    <member type='way' ref='248985087' role='' />
    <member type='way' ref='1120427096' role='' />
    <member type='way' ref='870986700' role='' />
    <member type='way' ref='870986699' role='' />
    <member type='way' ref='1307844660' role='' />
    <member type='way' ref='871659776' role='' />
    <member type='way' ref='963306852' role='' />
    <member type='way' ref='559917517' role='' />
    <member type='way' ref='244208990' role='' />
    <member type='way' ref='23094125' role='' />
    <member type='way' ref='28193676' role='' />
    <member type='way' ref='240735329' role='' />
    <member type='way' ref='246253625' role='' />
    <member type='way' ref='1194833997' role='' />
    <member type='way' ref='484423298' role='' />
    <member type='way' ref='1194833998' role='' />
    <member type='way' ref='325196151' role='' />
    <member type='way' ref='230051452' role='' />
    <member type='way' ref='238568416' role='' />
    <member type='way' ref='262724859' role='' />
    <member type='way' ref='23551111' role='' />
    <member type='way' ref='28665014' role='' />
    <member type='way' ref='28664795' role='' />
    <member type='way' ref='27541995' role='' />
    <member type='way' ref='46620835' role='' />
    <member type='way' ref='484423296' role='' />
    <member type='way' ref='286883177' role='' />
    <member type='way' ref='245606907' role='' />
    <member type='way' ref='418988397' role='' />
    <member type='way' ref='418988400' role='' />
    <member type='way' ref='245606911' role='' />
    <member type='way' ref='245606910' role='' />
    <member type='way' ref='306288559' role='' />
    <member type='way' ref='276272382' role='' />
    <member type='way' ref='27954034' role='' />
    <member type='way' ref='276272381' role='' />
    <member type='way' ref='245606908' role='' />
    <member type='way' ref='240576062' role='' />
    <member type='way' ref='1084242193' role='' />
    <member type='way' ref='1084242194' role='' />
    <member type='way' ref='160106230' role='' />
    <member type='way' ref='419434493' role='' />
    <member type='way' ref='419434495' role='' />
    <member type='way' ref='419434491' role='' />
    <member type='way' ref='419434494' role='' />
    <member type='way' ref='245606912' role='' />
    <member type='way' ref='419434499' role='' />
    <member type='way' ref='9246188' role='' />
    <member type='way' ref='419434498' role='' />
    <member type='way' ref='419434497' role='' />
    <member type='way' ref='240576067' role='' />
    <member type='way' ref='396726743' role='' />
    <member type='way' ref='419434492' role='' />
    <member type='way' ref='419434500' role='' />
    <member type='way' ref='322479655' role='' />
    <member type='way' ref='28445321' role='' />
    <member type='way' ref='27542089' role='' />
    <member type='way' ref='233231254' role='' />
    <member type='way' ref='23470928' role='' />
    <member type='way' ref='310552174' role='' />
    <member type='way' ref='28665635' role='' />
    <member type='way' ref='23470927' role='' />
    <member type='way' ref='233231255' role='' />
    <member type='way' ref='1418045388' role='' />
    <member type='way' ref='257966088' role='' />
    <member type='way' ref='8577048' role='' />
    <member type='way' ref='479366417' role='' />
    <member type='way' ref='9499216' role='' />
    <member type='way' ref='479366416' role='' />
    <member type='way' ref='1418044469' role='' />
    <member type='way' ref='305453617' role='' />
    <member type='way' ref='19888541' role='' />
    <member type='way' ref='16421339' role='' />
    <member type='way' ref='20171942' role='' />
    <member type='way' ref='24260521' role='' />
    <member type='way' ref='238152123' role='' />
    <member type='way' ref='437078496' role='' />
    <member type='way' ref='1493873658' role='' />
    <member type='way' ref='14807409' role='' />
    <member type='way' ref='22467423' role='' />
    <member type='way' ref='22467425' role='' />
    <member type='way' ref='1242230742' role='' />
    <member type='way' ref='295051772' role='' />
    <member type='way' ref='295051774' role='' />
    <member type='way' ref='1276614808' role='' />
    <member type='way' ref='581881522' role='' />
    <member type='way' ref='25299426' role='' />
    <member type='way' ref='28660887' role='' />
    <member type='way' ref='717156070' role='' />
    <member type='way' ref='717156074' role='' />
    <member type='way' ref='717156071' role='' />
    <member type='way' ref='717156075' role='' />
    <member type='way' ref='717156072' role='' />
    <member type='way' ref='1493873657' role='' />
    <member type='way' ref='79227065' role='' />
    <member type='way' ref='717156073' role='' />
    <member type='way' ref='230135123' role='' />
    <member type='way' ref='28777952' role='' />
    <member type='way' ref='211180201' role='' />
    <member type='way' ref='437576250' role='' />
    <member type='way' ref='791193463' role='' />
    <member type='way' ref='25466025' role='' />
    <member type='way' ref='38846449' role='' />
    <member type='way' ref='239017436' role='' />
    <member type='way' ref='262450254' role='' />
    <member type='way' ref='262450257' role='' />
    <member type='way' ref='230455311' role='' />
    <member type='way' ref='262450258' role='' />
    <member type='way' ref='369649966' role='' />
    <member type='way' ref='24874220' role='' />
    <member type='way' ref='764262129' role='' />
    <member type='way' ref='764262130' role='' />
    <member type='way' ref='764262127' role='' />
    <member type='way' ref='764262126' role='' />
    <member type='way' ref='764262125' role='' />
    <member type='way' ref='764262128' role='' />
    <member type='way' ref='764262132' role='' />
    <member type='way' ref='764262131' role='' />
    <member type='way' ref='24874222' role='' />
    <member type='way' ref='370602440' role='' />
    <member type='way' ref='28667548' role='' />
    <member type='way' ref='944046637' role='' />
    <member type='way' ref='395848798' role='' />
    <member type='way' ref='582137786' role='' />
    <member type='way' ref='24951468' role='' />
    <member type='way' ref='237838685' role='' />
    <member type='way' ref='14808767' role='' />
    <member type='way' ref='468797602' role='' />
    <member type='way' ref='468797606' role='' />
    <member type='way' ref='470243144' role='' />
    <member type='way' ref='491820944' role='' />
    <member type='way' ref='238239604' role='' />
    <member type='way' ref='470243145' role='' />
    <member type='way' ref='470243146' role='' />
    <member type='way' ref='470243147' role='' />
    <member type='way' ref='28680039' role='' />
    <member type='way' ref='14808690' role='' />
    <member type='way' ref='28680037' role='' />
    <tag k='colour' v='#94c11a' />
    <tag k='from' v='Friedhof Junkerberg' />
    <tag k='name' v='Bus 31: Weende-Nord =&gt; Grone-Süd (NVZ)' />
    <tag k='network' v='Verkehrsverbund Süd-Niedersachsen' />
    <tag k='network:short' v='VSN' />
    <tag k='network:wikidata' v='Q1360635' />
    <tag k='network:wikipedia' v='de:Verkehrsverbund Süd-Niedersachsen' />
    <tag k='operator' v='Göttinger Verkehrsbetriebe' />
    <tag k='public_transport:version' v='2' />
    <tag k='ref' v='31' />
    <tag k='route' v='bus' />
    <tag k='source' v='goevb.de 2024-12-09' />
    <tag k='to' v='Siekweg' />
    <tag k='type' v='route' />
  </relation>
  <relation id='4096429' timestamp='2026-04-23T17:15:23Z' uid='1468043' user='jengelh' version='95' changeset='181729868'>
    <member type='node' ref='3334972419' role='stop' />
    <member type='node' ref='3148259945' role='platform' />
    <member type='node' ref='3334972422' role='stop' />
    <member type='node' ref='3334972427' role='platform' />
    <member type='node' ref='158712020' role='stop' />
    <member type='node' ref='3335011578' role='platform' />
    <member type='node' ref='3335011560' role='stop' />
    <member type='node' ref='3335011563' role='platform' />
    <member type='node' ref='2664050701' role='stop' />
    <member type='node' ref='3148239474' role='platform' />
    <member type='node' ref='2665376160' role='stop' />
    <member type='node' ref='3148239470' role='platform' />
    <member type='node' ref='3357812575' role='stop' />
    <member type='node' ref='3151385928' role='platform' />
    <member type='node' ref='3335510966' role='stop' />
    <member type='node' ref='3335510971' role='platform' />
    <member type='node' ref='3335577853' role='stop' />
    <member type='node' ref='3151360231' role='platform' />
    <member type='node' ref='28123553' role='stop' />
    <member type='node' ref='3335601810' role='platform' />
    <member type='node' ref='3335601795' role='stop' />
    <member type='node' ref='3335601797' role='platform' />
    <member type='node' ref='3336427694' role='stop' />
    <member type='node' ref='3336427702' role='platform' />
    <member type='node' ref='3299560166' role='stop' />
    <member type='node' ref='3299560225' role='platform' />
    <member type='node' ref='3299560170' role='stop' />
    <member type='node' ref='3299560216' role='platform' />
    <member type='node' ref='73066994' role='stop' />
    <member type='node' ref='3328581840' role='platform' />
    <member type='node' ref='3336897044' role='stop' />
    <member type='node' ref='3336897047' role='platform' />
    <member type='node' ref='3336821259' role='stop' />
    <member type='node' ref='3336821262' role='platform' />
    <member type='node' ref='3336814647' role='stop' />
    <member type='node' ref='3336814658' role='platform' />
    <member type='node' ref='3297572662' role='stop' />
    <member type='node' ref='3135029802' role='platform' />
    <member type='node' ref='3297598761' role='stop' />
    <member type='node' ref='3135029776' role='platform' />
    <member type='node' ref='3297625466' role='stop' />
    <member type='node' ref='3297625470' role='platform' />
    <member type='node' ref='3297686571' role='stop' />
    <member type='node' ref='3135029766' role='platform' />
    <member type='node' ref='33530941' role='stop' />
    <member type='node' ref='3309483600' role='platform' />
    <member type='node' ref='3309531112' role='stop' />
    <member type='node' ref='3309531152' role='platform' />
    <member type='node' ref='3309531114' role='stop' />
    <member type='node' ref='3309531131' role='platform' />
    <member type='node' ref='3309531109' role='stop' />
    <member type='node' ref='3309531123' role='platform' />
    <member type='node' ref='3309456951' role='stop' />
    <member type='node' ref='3309456955' role='platform' />
    <member type='way' ref='996081161' role='' />
    <member type='way' ref='15804118' role='' />
    <member type='way' ref='15804116' role='' />
    <member type='way' ref='28664841' role='' />
    <member type='way' ref='784627012' role='' />
    <member type='way' ref='784627011' role='' />
    <member type='way' ref='28664827' role='' />
    <member type='way' ref='871659771' role='' />
    <member type='way' ref='261106921' role='' />
    <member type='way' ref='871659772' role='' />
    <member type='way' ref='15804149' role='' />
    <member type='way' ref='260838394' role='' />
    <member type='way' ref='386360873' role='' />
    <member type='way' ref='542237663' role='' />
    <member type='way' ref='260838393' role='' />
    <member type='way' ref='248985085' role='' />
    <member type='way' ref='260942525' role='' />
    <member type='way' ref='15804157' role='' />
    <member type='way' ref='1502927252' role='' />
    <member type='way' ref='418625032' role='' />
    <member type='way' ref='290405158' role='' />
    <member type='way' ref='28664964' role='' />
    <member type='way' ref='225543411' role='' />
    <member type='way' ref='1053061982' role='' />
    <member type='way' ref='1053061983' role='' />
    <member type='way' ref='8573922' role='' />
    <member type='way' ref='270621368' role='' />
    <member type='way' ref='28665242' role='' />
    <member type='way' ref='4532230' role='' />
    <member type='way' ref='28665015' role='' />
    <member type='way' ref='242675528' role='' />
    <member type='way' ref='262724859' role='' />
    <member type='way' ref='23551111' role='' />
    <member type='way' ref='28665014' role='' />
    <member type='way' ref='28664795' role='' />
    <member type='way' ref='27541995' role='' />
    <member type='way' ref='46620835' role='' />
    <member type='way' ref='484423296' role='' />
    <member type='way' ref='286883177' role='' />
    <member type='way' ref='245606907' role='' />
    <member type='way' ref='418988397' role='' />
    <member type='way' ref='418988400' role='' />
    <member type='way' ref='245606911' role='' />
    <member type='way' ref='245606910' role='' />
    <member type='way' ref='306288559' role='' />
    <member type='way' ref='276272382' role='' />
    <member type='way' ref='27954034' role='' />
    <member type='way' ref='276272381' role='' />
    <member type='way' ref='245606908' role='' />
    <member type='way' ref='240576062' role='' />
    <member type='way' ref='1084242193' role='' />
    <member type='way' ref='1084242194' role='' />
    <member type='way' ref='160106230' role='' />
    <member type='way' ref='419434493' role='' />
    <member type='way' ref='419434495' role='' />
    <member type='way' ref='419434491' role='' />
    <member type='way' ref='419434494' role='' />
    <member type='way' ref='245606912' role='' />
    <member type='way' ref='419434499' role='' />
    <member type='way' ref='9246188' role='' />
    <member type='way' ref='419434498' role='' />
    <member type='way' ref='419434497' role='' />
    <member type='way' ref='240576067' role='' />
    <member type='way' ref='396726743' role='' />
    <member type='way' ref='419434492' role='' />
    <member type='way' ref='419434500' role='' />
    <member type='way' ref='322479655' role='' />
    <member type='way' ref='28445321' role='' />
    <member type='way' ref='27542089' role='' />
    <member type='way' ref='233231254' role='' />
    <member type='way' ref='23470928' role='' />
    <member type='way' ref='310552174' role='' />
    <member type='way' ref='28665635' role='' />
    <member type='way' ref='23470927' role='' />
    <member type='way' ref='233231255' role='' />
    <member type='way' ref='1418045388' role='' />
    <member type='way' ref='257966088' role='' />
    <member type='way' ref='8577048' role='' />
    <member type='way' ref='479366417' role='' />
    <member type='way' ref='9499216' role='' />
    <member type='way' ref='479366416' role='' />
    <member type='way' ref='1418044469' role='' />
    <member type='way' ref='305453617' role='' />
    <member type='way' ref='19888541' role='' />
    <member type='way' ref='16421339' role='' />
    <member type='way' ref='20171942' role='' />
    <member type='way' ref='24260521' role='' />
    <member type='way' ref='238152123' role='' />
    <member type='way' ref='437078496' role='' />
    <member type='way' ref='1493873658' role='' />
    <member type='way' ref='14807409' role='' />
    <member type='way' ref='22467423' role='' />
    <member type='way' ref='22467425' role='' />
    <member type='way' ref='1242230742' role='' />
    <member type='way' ref='295051772' role='' />
    <member type='way' ref='295051774' role='' />
    <member type='way' ref='1276614808' role='' />
    <member type='way' ref='581881522' role='' />
    <member type='way' ref='25299426' role='' />
    <member type='way' ref='28660887' role='' />
    <member type='way' ref='717156070' role='' />
    <member type='way' ref='717156074' role='' />
    <member type='way' ref='717156071' role='' />
    <member type='way' ref='717156075' role='' />
    <member type='way' ref='717156072' role='' />
    <member type='way' ref='1493873657' role='' />
    <member type='way' ref='79227065' role='' />
    <member type='way' ref='717156073' role='' />
    <member type='way' ref='230135123' role='' />
    <member type='way' ref='28777952' role='' />
    <member type='way' ref='211180201' role='' />
    <member type='way' ref='437576250' role='' />
    <member type='way' ref='791193463' role='' />
    <member type='way' ref='25466025' role='' />
    <member type='way' ref='38846449' role='' />
    <member type='way' ref='239017436' role='' />
    <member type='way' ref='262450254' role='' />
    <member type='way' ref='262450257' role='' />
    <member type='way' ref='230455311' role='' />
    <member type='way' ref='262450258' role='' />
    <member type='way' ref='369649966' role='' />
    <member type='way' ref='24874220' role='' />
    <member type='way' ref='764262129' role='' />
    <member type='way' ref='764262130' role='' />
    <member type='way' ref='764262127' role='' />
    <member type='way' ref='764262126' role='' />
    <member type='way' ref='764262125' role='' />
    <member type='way' ref='764262128' role='' />
    <member type='way' ref='764262132' role='' />
    <member type='way' ref='764262131' role='' />
    <member type='way' ref='24874222' role='' />
    <member type='way' ref='370602440' role='' />
    <member type='way' ref='28667548' role='' />
    <member type='way' ref='944046637' role='' />
    <member type='way' ref='395848798' role='' />
    <member type='way' ref='582137786' role='' />
    <member type='way' ref='24951468' role='' />
    <member type='way' ref='237838685' role='' />
    <member type='way' ref='14808767' role='' />
    <member type='way' ref='468797602' role='' />
    <member type='way' ref='468797606' role='' />
    <member type='way' ref='470243144' role='' />
    <member type='way' ref='491820944' role='' />
    <member type='way' ref='238239604' role='' />
    <member type='way' ref='470243145' role='' />
    <member type='way' ref='470243146' role='' />
    <member type='way' ref='470243147' role='' />
    <member type='way' ref='28680039' role='' />
    <member type='way' ref='14808690' role='' />
    <member type='way' ref='28680037' role='' />
    <tag k='colour' v='#94c11a' />
    <tag k='from' v='Friedhof Junkerberg' />
    <tag k='name' v='Bus 32: Weende-Nord =&gt; Grone-Süd (NVZ)' />
    <tag k='network' v='Verkehrsverbund Süd-Niedersachsen' />
    <tag k='network:short' v='VSN' />
    <tag k='network:wikidata' v='Q1360635' />
    <tag k='network:wikipedia' v='de:Verkehrsverbund Süd-Niedersachsen' />
    <tag k='operator' v='Göttinger Verkehrsbetriebe' />
    <tag k='public_transport:version' v='2' />
    <tag k='ref' v='32' />
    <tag k='route' v='bus' />
    <tag k='source' v='goevb.de 2024-12-09' />
    <tag k='to' v='Siekweg' />
    <tag k='type' v='route' />
  </relation>
  <relation id='5912019' timestamp='2024-05-03T21:26:24Z' uid='2725798' user='lesekaffee' version='2' changeset='150856604'>
    <member type='way' ref='394075934' role='outer' />
    <member type='way' ref='394075932' role='inner' />
    <tag k='building' v='school' />
    <tag k='roof:shape' v='many' />
    <tag k='type' v='multipolygon' />
  </relation>
  <relation id='7021369' timestamp='2025-12-22T18:41:30Z' uid='42123' user='Ropino' version='10' changeset='176277478'>
    <member type='way' ref='477727450' role='outer' />
    <member type='way' ref='477727447' role='outer' />
    <member type='way' ref='477727449' role='outer' />
    <member type='way' ref='477727451' role='outer' />
    <member type='node' ref='2074217091' role='label' />
    <tag k='admin_level' v='11' />
    <tag k='boundary' v='statistical' />
    <tag k='name' v='Grone-Süd' />
    <tag k='population' v='4745' />
    <tag k='population:date' v='2024-12-31' />
    <tag k='ref' v='GÖ-091' />
    <tag k='type' v='boundary' />
  </relation>
  <relation id='9983149' timestamp='2023-03-26T13:16:29Z' uid='1468043' user='jengelh' version='4' changeset='134136090'>
    <member type='relation' ref='4096428' role='' />
    <member type='relation' ref='3219519' role='' />
    <member type='relation' ref='4083982' role='' />
    <member type='relation' ref='4096429' role='' />
    <member type='relation' ref='3219518' role='' />
    <tag k='colour' v='#8ac644' />
    <tag k='name' v='Bus 32: Grone-Süd &lt;=&gt; Weende-Nord' />
    <tag k='network' v='Verkehrsverbund Süd-Niedersachsen' />
    <tag k='network:short' v='VSN' />
    <tag k='network:wikidata' v='Q1360635' />
    <tag k='network:wikipedia' v='de:Verkehrsverbund Süd-Niedersachsen' />
    <tag k='operator' v='Göttinger Verkehrsbetriebe' />
    <tag k='ref' v='32' />
    <tag k='route_master' v='bus' />
    <tag k='type' v='route_master' />
  </relation>
  <relation id='9983150' timestamp='2024-12-06T23:21:36Z' uid='1468043' user='jengelh' version='5' changeset='160011728'>
    <member type='relation' ref='4083964' role='' />
    <member type='relation' ref='4096426' role='' />
    <member type='relation' ref='3219515' role='' />
    <member type='relation' ref='4096427' role='' />
    <member type='relation' ref='3219514' role='' />
    <member type='relation' ref='3210554' role='' />
    <tag k='colour' v='#8ac644' />
    <tag k='name' v='Bus 31: Grone &lt;=&gt; Weende-Nord' />
    <tag k='network' v='Verkehrsverbund Süd-Niedersachsen' />
    <tag k='network:short' v='VSN' />
    <tag k='network:wikidata' v='Q1360635' />
    <tag k='network:wikipedia' v='de:Verkehrsverbund Süd-Niedersachsen' />
    <tag k='operator' v='Göttinger Verkehrsbetriebe' />
    <tag k='ref' v='31' />
    <tag k='route_master' v='bus' />
    <tag k='type' v='route_master' />
  </relation>
</osm>
