<?xml version='1.0' encoding='UTF-8'?>
<osm version='0.6' generator='JOSM'>
  <bounds minlat='51.5608778' minlon='9.9668097' maxlat='51.5638925' maxlon='9.9725819' origin='openstreetmap-cgimap 2.1.0 (908584 spike-06.openstreetmap.org)' />
  <node id='-32737' action='modify' visible='true' lat='51.56282184741' lon='9.97101288708' />
  <node id='-32738' action='modify' visible='true' lat='51.56294653867' lon='9.97081232799' />
  <node id='-32739' action='modify' visible='true' lat='51.56291035962' lon='9.97087185437' />
  <node id='-32740' action='modify' visible='true' lat='51.56285826017' lon='9.97095485437' />
  <node id='-32741' action='modify' visible='true' lat='51.56282106057' lon='9.97101425437' />
  <node id='-32742' action='modify' visible='true' lat='51.56302595839' lon='9.97134625437' />
  <node id='-32743' action='modify' visible='true' lat='51.56311625743' lon='9.97120205437' />
  <node id='-32744' action='modify' visible='true' lat='51.56303915825' lon='9.97066615437' />
  <node id='-32745' action='modify' visible='true' lat='51.56315151126' lon='9.97099918085' />
  <node id='-32746' action='modify' visible='true' lat='51.56304601237' lon='9.97082838085' />
  <node id='-32747' action='modify' visible='true' lat='51.56291511374' lon='9.97103738085' />
  <node id='-32748' action='modify' visible='true' lat='51.56302061264' lon='9.97120828085' />
  <node id='-32749' action='modify' visible='true' lat='51.56322120412' lon='9.97138869702' />
  <node id='-32750' action='modify' visible='true' lat='51.56331150277' lon='9.97124449702' />
  <node id='-32751' action='modify' visible='true' lat='51.56343930086' lon='9.97104049702' />
  <node id='-32752' action='modify' visible='true' lat='51.56323440392' lon='9.97070859702' />
  <node id='-32753' action='modify' visible='true' lat='51.56314928415' lon='9.97084453963' />
  <node id='-32754' action='modify' visible='true' lat='51.56311109944' lon='9.97121029126' />
  <node id='-32755' action='modify' visible='true' lat='51.56332400415' lon='9.97104438641' />
  <node id='-32756' action='modify' visible='true' lat='51.56321850566' lon='9.97087358641' />
  <node id='-32757' action='modify' visible='true' lat='51.56324398618' lon='9.97099676225' />
  <node id='-32758' action='modify' visible='true' lat='51.56319310602' lon='9.97125348641' />
  <node id='-32759' action='modify' visible='true' lat='51.56319273568' lon='9.97091473239' />
  <node id='-32760' action='modify' visible='true' lat='51.56313813148' lon='9.97116702233' />
  <node id='-32777' action='modify' visible='true' lat='51.56272448834' lon='9.9708550379' />
  <node id='-32778' action='modify' visible='true' lat='51.5627244' lon='9.970855' />
  <node id='-32779' action='modify' visible='true' lat='51.5627244' lon='9.970855' />
  <node id='-32783' action='modify' visible='true' lat='51.5628357' lon='9.9706772' />
  <node id='-32784' action='modify' visible='true' lat='51.5628357' lon='9.9706772' />
  <node id='240961917' timestamp='2021-04-30T22:28:59Z' uid='1468043' user='jengelh' visible='true' version='3' changeset='103937608' lat='51.5635146' lon='9.9738887' />
  <node id='240961920' timestamp='2013-10-21T09:54:08Z' uid='16256' user='patzi' visible='true' version='5' changeset='18465808' lat='51.563928' lon='9.9710946' />
  <node id='240961922' timestamp='2020-10-04T22:29:01Z' uid='1468043' user='jengelh' visible='true' version='5' changeset='91947868' lat='51.5620257' lon='9.967498' />
  <node id='240961925' timestamp='2010-07-04T12:12:04Z' uid='253212' user='jwu-chris' visible='true' version='3' changeset='5132285' lat='51.5611647' lon='9.9641121' />
  <node id='240961927' timestamp='2017-04-08T22:32:55Z' uid='1468043' user='jengelh' visible='true' version='4' changeset='47580636' lat='51.5616022' lon='9.9619435' />
  <node id='240961929' timestamp='2015-12-10T12:26:42Z' uid='1468043' user='jengelh' visible='true' version='5' changeset='35864447' lat='51.5617783' lon='9.9617773' />
  <node id='240961931' timestamp='2014-10-27T10:17:21Z' uid='16256' user='patzi' visible='true' version='5' changeset='26359878' lat='51.5628765' lon='9.9607137' />
  <node id='258348371' timestamp='2015-06-18T14:37:50Z' uid='1468043' user='jengelh' visible='true' version='5' changeset='32052625' lat='51.5626665' lon='9.9644305' />
  <node id='258348372' timestamp='2015-06-18T14:37:50Z' uid='1468043' user='jengelh' visible='true' version='5' changeset='32052625' lat='51.5630557' lon='9.9658974' />
  <node id='258348373' timestamp='2015-06-18T14:37:50Z' uid='1468043' user='jengelh' visible='true' version='4' changeset='32052625' lat='51.5634435' lon='9.9669248' />
  <node id='258348374' timestamp='2015-06-18T14:50:41Z' uid='1468043' user='jengelh' visible='true' version='5' changeset='32052974' lat='51.5638729' lon='9.9680879' />
  <node id='258348375' timestamp='2015-06-18T14:50:41Z' uid='1468043' user='jengelh' visible='true' version='4' changeset='32052974' lat='51.5642986' lon='9.9690429' />
  <node id='258348376' timestamp='2015-06-18T14:50:41Z' uid='1468043' user='jengelh' visible='true' version='4' changeset='32052974' lat='51.5648862' lon='9.96988' />
  <node id='258348377' timestamp='2015-06-18T14:50:41Z' uid='1468043' user='jengelh' visible='true' version='3' changeset='32052974' lat='51.5662995' lon='9.9709715' />
  <node id='258348378' timestamp='2015-06-18T14:50:41Z' uid='1468043' user='jengelh' visible='true' version='6' changeset='32052974' lat='51.5667086' lon='9.9711667' />
  <node id='290723257' timestamp='2013-10-21T09:54:08Z' uid='16256' user='patzi' visible='true' version='4' changeset='18465808' lat='51.5642989' lon='9.9746923' />
  <node id='332378874' timestamp='2016-04-10T12:46:53Z' uid='1468043' user='jengelh' visible='true' version='4' changeset='38449795' lat='51.5687885' lon='9.9752695' />
  <node id='332378876' timestamp='2014-10-06T16:35:55Z' uid='1767617' user='GeoDoc' visible='true' version='4' changeset='25900702' lat='51.5668106' lon='9.9735432' />
  <node id='332378877' timestamp='2016-04-10T13:02:35Z' uid='1468043' user='jengelh' visible='true' version='5' changeset='38450115' lat='51.5643918' lon='9.9746396' />
  <node id='332378879' timestamp='2016-04-10T12:46:53Z' uid='1468043' user='jengelh' visible='true' version='4' changeset='38449795' lat='51.5679819' lon='9.9768607' />
  <node id='332378880' timestamp='2020-03-17T23:59:03Z' uid='1468043' user='jengelh' visible='true' version='4' changeset='82321439' lat='51.568448' lon='9.9762573' />
  <node id='346773821' timestamp='2013-10-21T09:54:08Z' uid='16256' user='patzi' visible='true' version='2' changeset='18465808' lat='51.5603281' lon='9.9664213' />
  <node id='346773859' timestamp='2019-11-25T17:21:50Z' uid='1468043' user='jengelh' visible='true' version='3' changeset='77536485' lat='51.5634108' lon='9.9712102' />
  <node id='346773867' timestamp='2013-10-21T09:54:08Z' uid='16256' user='patzi' visible='true' version='2' changeset='18465808' lat='51.5635391' lon='9.9714288' />
  <node id='346773873' timestamp='2015-12-10T12:26:42Z' uid='1468043' user='jengelh' visible='true' version='3' changeset='35864447' lat='51.5636121' lon='9.971558' />
  <node id='346773880' timestamp='2015-12-10T12:26:42Z' uid='1468043' user='jengelh' visible='true' version='2' changeset='35864447' lat='51.5636477' lon='9.9716884' />
  <node id='346773889' timestamp='2023-07-25T21:10:16Z' uid='1468043' user='jengelh' visible='true' version='3' changeset='139008565' lat='51.5636512' lon='9.9717945' />
  <node id='346773895' timestamp='2015-12-10T12:26:42Z' uid='1468043' user='jengelh' visible='true' version='2' changeset='35864447' lat='51.5636331' lon='9.9718755' />
  <node id='346773901' timestamp='2015-12-10T12:26:42Z' uid='1468043' user='jengelh' visible='true' version='2' changeset='35864447' lat='51.5635908' lon='9.9719635' />
  <node id='346773909' timestamp='2015-12-10T12:26:42Z' uid='1468043' user='jengelh' visible='true' version='2' changeset='35864447' lat='51.5635565' lon='9.9720008' />
  <node id='346773917' timestamp='2015-12-10T12:26:42Z' uid='1468043' user='jengelh' visible='true' version='3' changeset='35864447' lat='51.5634828' lon='9.9720334' />
  <node id='346773922' timestamp='2015-12-10T12:26:42Z' uid='1468043' user='jengelh' visible='true' version='3' changeset='35864447' lat='51.5633612' lon='9.9720083' />
  <node id='346773929' timestamp='2013-10-21T09:54:08Z' uid='16256' user='patzi' visible='true' version='4' changeset='18465808' lat='51.5630974' lon='9.9718383' />
  <node id='346773935' timestamp='2013-10-21T09:54:08Z' uid='16256' user='patzi' visible='true' version='4' changeset='18465808' lat='51.5628211' lon='9.9715929' />
  <node id='346773941' timestamp='2013-10-21T09:54:08Z' uid='16256' user='patzi' visible='true' version='2' changeset='18465808' lat='51.5626229' lon='9.9713717' />
  <node id='346773955' timestamp='2013-10-21T09:54:09Z' uid='16256' user='patzi' visible='true' version='2' changeset='18465808' lat='51.5611844' lon='9.9690127' />
  <node id='346773959' timestamp='2009-02-17T15:22:32Z' uid='16256' user='patzi' visible='true' version='1' changeset='513246' lat='51.5610853' lon='9.9687745' />
  <node id='346773965' timestamp='2009-02-17T15:22:32Z' uid='16256' user='patzi' visible='true' version='1' changeset='513246' lat='51.5610374' lon='9.9685784' />
  <node id='346773981' timestamp='2015-12-10T12:01:56Z' uid='1468043' user='jengelh' visible='true' version='5' changeset='35864022' lat='51.5608811' lon='9.967078' />
  <node id='377898602' timestamp='2018-09-30T10:21:09Z' uid='1468043' user='jengelh' visible='true' version='4' changeset='63059230' lat='51.5609382' lon='9.9721333' />
  <node id='377898611' timestamp='2014-02-06T20:38:16Z' uid='1767617' user='GeoDoc' visible='true' version='3' changeset='20419253' lat='51.5609687' lon='9.9717231' />
  <node id='377898618' timestamp='2018-09-30T10:21:09Z' uid='1468043' user='jengelh' visible='true' version='4' changeset='63059230' lat='51.5611036' lon='9.9710601' />
  <node id='377898675' timestamp='2015-02-08T16:21:28Z' uid='1468043' user='jengelh' visible='true' version='6' changeset='28705650' lat='51.5611966' lon='9.9707686' />
  <node id='377898689' timestamp='2015-02-08T16:21:28Z' uid='1468043' user='jengelh' visible='true' version='5' changeset='28705650' lat='51.5611526' lon='9.9712593' />
  <node id='377898701' timestamp='2015-02-08T16:21:28Z' uid='1468043' user='jengelh' visible='true' version='5' changeset='28705650' lat='51.5612131' lon='9.9718713' />
  <node id='377898716' timestamp='2017-06-25T00:19:32Z' uid='1468043' user='jengelh' visible='true' version='5' changeset='49804228' lat='51.5613823' lon='9.9723379' />
  <node id='377898727' timestamp='2017-06-25T00:19:32Z' uid='1468043' user='jengelh' visible='true' version='6' changeset='49804228' lat='51.5615233' lon='9.9726632' />
  <node id='377898739' timestamp='2013-10-21T09:54:09Z' uid='16256' user='patzi' visible='true' version='3' changeset='18465808' lat='51.5616451' lon='9.9735476' />
  <node id='377898776' timestamp='2018-09-30T10:21:09Z' uid='1468043' user='jengelh' visible='true' version='5' changeset='63059230' lat='51.5613498' lon='9.9707142' />
  <node id='377898786' timestamp='2023-07-25T21:10:16Z' uid='1468043' user='jengelh' visible='true' version='5' changeset='139008565' lat='51.5618493' lon='9.9715516' />
  <node id='409701127' timestamp='2018-09-30T10:21:09Z' uid='1468043' user='jengelh' visible='true' version='3' changeset='63059230' lat='51.5609544' lon='9.97326' />
  <node id='409701132' timestamp='2013-10-21T09:54:09Z' uid='16256' user='patzi' visible='true' version='3' changeset='18465808' lat='51.5619293' lon='9.9743659' />
  <node id='409701133' timestamp='2017-06-25T00:06:25Z' uid='1468043' user='jengelh' visible='true' version='5' changeset='49804147' lat='51.5619983' lon='9.9746724' />
  <node id='409701135' timestamp='2022-11-08T23:06:21Z' uid='1468043' user='jengelh' visible='true' version='6' changeset='128660941' lat='51.5616398' lon='9.974986' />
  <node id='409701139' timestamp='2018-09-30T10:21:09Z' uid='1468043' user='jengelh' visible='true' version='3' changeset='63059230' lat='51.5620895' lon='9.9719323' />
  <node id='409701140' timestamp='2015-12-10T12:30:45Z' uid='1468043' user='jengelh' visible='true' version='2' changeset='35864541' lat='51.5634572' lon='9.9739792' />
  <node id='409701155' timestamp='2016-04-10T13:02:36Z' uid='1468043' user='jengelh' visible='true' version='3' changeset='38450115' lat='51.5689207' lon='9.9752131' />
  <node id='433952686' timestamp='2016-04-01T14:29:19Z' uid='16256' user='patzi' visible='true' version='4' changeset='38227435' lat='51.5617944' lon='9.9687725' />
  <node id='433952689' timestamp='2016-04-01T14:29:19Z' uid='16256' user='patzi' visible='true' version='4' changeset='38227435' lat='51.561376' lon='9.968868' />
  <node id='433971563' timestamp='2016-04-01T14:29:19Z' uid='16256' user='patzi' visible='true' version='4' changeset='38227435' lat='51.5611634' lon='9.9685236' />
  <node id='434062755' timestamp='2024-04-24T19:30:13Z' uid='1468043' user='jengelh' visible='true' version='6' changeset='150464211' lat='51.560786' lon='9.9667982' />
  <node id='434062761' timestamp='2013-10-19T20:58:05Z' uid='1468043' user='jengelh' visible='true' version='3' changeset='18441192' lat='51.561897' lon='9.9685909' />
  <node id='434062763' timestamp='2013-10-19T20:58:05Z' uid='1468043' user='jengelh' visible='true' version='3' changeset='18441192' lat='51.5622057' lon='9.9690911' />
  <node id='434062765' timestamp='2013-10-19T20:58:05Z' uid='1468043' user='jengelh' visible='true' version='3' changeset='18441192' lat='51.5619609' lon='9.9684885' />
  <node id='434062766' timestamp='2013-10-19T20:58:05Z' uid='1468043' user='jengelh' visible='true' version='3' changeset='18441192' lat='51.5622699' lon='9.9689884' />
  <node id='434062768' timestamp='2022-09-07T14:37:33Z' uid='2573759' user='aeszter' visible='true' version='4' changeset='125905297' lat='51.5613928' lon='9.968956' />
  <node id='434062769' timestamp='2013-10-21T09:54:09Z' uid='16256' user='patzi' visible='true' version='3' changeset='18465808' lat='51.5610121' lon='9.968393' />
  <node id='434062772' timestamp='2012-04-08T17:29:49Z' uid='38286' user='t_u_b_o' visible='true' version='2' changeset='11228234' lat='51.5615021' lon='9.9687848' />
  <node id='434062773' timestamp='2013-10-21T09:54:09Z' uid='16256' user='patzi' visible='true' version='2' changeset='18465808' lat='51.5618344' lon='9.9686983' />
  <node id='434062775' timestamp='2016-04-01T14:29:19Z' uid='16256' user='patzi' visible='true' version='4' changeset='38227435' lat='51.5631287' lon='9.9708239' />
  <node id='434062776' timestamp='2016-04-01T14:29:19Z' uid='16256' user='patzi' visible='true' version='4' changeset='38227435' lat='51.5633404' lon='9.971167' />
  <node id='434062779' timestamp='2016-04-01T14:29:19Z' uid='16256' user='patzi' visible='true' version='4' changeset='38227435' lat='51.5631272' lon='9.9715076' />
  <node id='434062780' timestamp='2023-07-25T21:10:16Z' uid='1468043' user='jengelh' visible='true' version='3' changeset='139008565' lat='51.5630272' lon='9.9706429' />
  <node id='434062782' timestamp='2013-10-21T09:54:09Z' uid='16256' user='patzi' visible='true' version='3' changeset='18465808' lat='51.5631222' lon='9.9707501' />
  <node id='434062783' timestamp='2009-07-04T19:31:58Z' uid='124466' user='Heros' visible='true' version='1' changeset='1731975' lat='51.5619296' lon='9.9689452' />
  <node id='434062785' timestamp='2013-10-21T09:54:09Z' uid='16256' user='patzi' visible='true' version='3' changeset='18465808' lat='51.5618592' lon='9.9687843' />
  <node id='434062786' timestamp='2012-04-08T17:29:50Z' uid='38286' user='t_u_b_o' visible='true' version='2' changeset='11228234' lat='51.5618071' lon='9.9688694' />
  <node id='434062787' timestamp='2013-10-21T09:54:09Z' uid='16256' user='patzi' visible='true' version='3' changeset='18465808' lat='51.5627121' lon='9.9711197' />
  <node id='434062789' timestamp='2013-10-19T20:58:06Z' uid='1468043' user='jengelh' visible='true' version='3' changeset='18441192' lat='51.5626618' lon='9.9700696' />
  <node id='434062790' timestamp='2013-10-21T09:54:09Z' uid='16256' user='patzi' visible='true' version='4' changeset='18465808' lat='51.5622643' lon='9.9694137' />
  <node id='434062792' timestamp='2023-07-25T21:10:16Z' uid='1468043' user='jengelh' visible='true' version='4' changeset='139008565' lat='51.562776' lon='9.9698905' />
  <node id='459951959' timestamp='2025-12-17T10:40:48Z' uid='42123' user='Ropino' visible='true' version='3' changeset='176043160' lat='51.5709921' lon='9.9742055' />
  <node id='800364851' timestamp='2017-04-08T22:32:55Z' uid='1468043' user='jengelh' visible='true' version='2' changeset='47580636' lat='51.5609575' lon='9.9627669' />
  <node id='800364860' timestamp='2017-04-08T22:32:55Z' uid='1468043' user='jengelh' visible='true' version='2' changeset='47580636' lat='51.5610825' lon='9.9632055' />
  <node id='800364876' timestamp='2017-04-08T22:32:55Z' uid='1468043' user='jengelh' visible='true' version='2' changeset='47580636' lat='51.561143' lon='9.9634335' />
  <node id='800364888' timestamp='2011-05-25T21:09:24Z' uid='253212' user='jwu-chris' visible='true' version='2' changeset='8248794' lat='51.5612697' lon='9.9640547' />
  <node id='800364897' timestamp='2011-05-25T21:09:25Z' uid='253212' user='jwu-chris' visible='true' version='2' changeset='8248794' lat='51.5613364' lon='9.9642859' />
  <node id='800364901' timestamp='2011-05-25T21:09:25Z' uid='253212' user='jwu-chris' visible='true' version='2' changeset='8248794' lat='51.5614508' lon='9.9646834' />
  <node id='800364904' timestamp='2011-05-25T21:09:25Z' uid='253212' user='jwu-chris' visible='true' version='2' changeset='8248794' lat='51.5615505' lon='9.9650685' />
  <node id='800364909' timestamp='2011-05-25T21:09:27Z' uid='253212' user='jwu-chris' visible='true' version='2' changeset='8248794' lat='51.5616762' lon='9.9654655' />
  <node id='800364914' timestamp='2013-06-01T17:07:06Z' uid='253212' user='jwu-chris' visible='true' version='3' changeset='16379778' lat='51.5617891' lon='9.9658254' />
  <node id='800364916' timestamp='2013-06-01T17:07:06Z' uid='253212' user='jwu-chris' visible='true' version='3' changeset='16379778' lat='51.5618934' lon='9.9661704' />
  <node id='800364919' timestamp='2013-06-01T17:07:06Z' uid='253212' user='jwu-chris' visible='true' version='3' changeset='16379778' lat='51.5619823' lon='9.9665472' />
  <node id='800364924' timestamp='2011-05-25T21:09:25Z' uid='253212' user='jwu-chris' visible='true' version='2' changeset='8248794' lat='51.5620824' lon='9.9669702' />
  <node id='800364928' timestamp='2013-06-01T17:07:06Z' uid='253212' user='jwu-chris' visible='true' version='2' changeset='16379778' lat='51.5621601' lon='9.9672779' />
  <node id='800364929' timestamp='2010-07-04T12:11:59Z' uid='253212' user='jwu-chris' visible='true' version='1' changeset='5132285' lat='51.5622118' lon='9.9675078' />
  <node id='800364933' timestamp='2010-07-04T12:11:59Z' uid='253212' user='jwu-chris' visible='true' version='1' changeset='5132285' lat='51.5623952' lon='9.9680388' />
  <node id='800364944' timestamp='2013-06-01T17:07:06Z' uid='253212' user='jwu-chris' visible='true' version='2' changeset='16379778' lat='51.5626329' lon='9.9685345' />
  <node id='800364949' timestamp='2011-05-25T21:09:25Z' uid='253212' user='jwu-chris' visible='true' version='2' changeset='8248794' lat='51.5629642' lon='9.9692587' />
  <node id='800364953' timestamp='2011-05-25T21:09:26Z' uid='253212' user='jwu-chris' visible='true' version='2' changeset='8248794' lat='51.563332' lon='9.9699298' />
  <node id='800364958' timestamp='2012-08-14T20:37:41Z' uid='253212' user='jwu-chris' visible='true' version='3' changeset='12731497' lat='51.5636816' lon='9.9705511' />
  <node id='800364964' timestamp='2012-08-14T20:37:41Z' uid='253212' user='jwu-chris' visible='true' version='2' changeset='12731497' lat='51.5638814' lon='9.9708633' />
  <node id='800364967' timestamp='2010-07-04T12:12:00Z' uid='253212' user='jwu-chris' visible='true' version='1' changeset='5132285' lat='51.564196' lon='9.971295' />
  <node id='800364972' timestamp='2010-07-04T12:12:00Z' uid='253212' user='jwu-chris' visible='true' version='1' changeset='5132285' lat='51.5646996' lon='9.9717242' />
  <node id='800364976' timestamp='2012-08-14T20:37:41Z' uid='253212' user='jwu-chris' visible='true' version='2' changeset='12731497' lat='51.5650578' lon='9.9718643' />
  <node id='800364980' timestamp='2011-11-02T18:10:38Z' uid='253212' user='jwu-chris' visible='true' version='2' changeset='9724267' lat='51.5656198' lon='9.9723435' />
  <node id='800364985' timestamp='2010-07-04T12:12:00Z' uid='253212' user='jwu-chris' visible='true' version='1' changeset='5132285' lat='51.5661435' lon='9.9728722' />
  <node id='800364989' timestamp='2010-07-04T12:12:00Z' uid='253212' user='jwu-chris' visible='true' version='1' changeset='5132285' lat='51.5665903' lon='9.9732692' />
  <node id='800364993' timestamp='2012-08-14T20:37:41Z' uid='253212' user='jwu-chris' visible='true' version='2' changeset='12731497' lat='51.5668145' lon='9.973464' />
  <node id='800364998' timestamp='2012-08-14T20:37:41Z' uid='253212' user='jwu-chris' visible='true' version='3' changeset='12731497' lat='51.5672627' lon='9.9735868' />
  <node id='800365002' timestamp='2010-07-04T12:12:00Z' uid='253212' user='jwu-chris' visible='true' version='1' changeset='5132285' lat='51.5678007' lon='9.9742669' />
  <node id='800365006' timestamp='2010-07-04T12:12:00Z' uid='253212' user='jwu-chris' visible='true' version='1' changeset='5132285' lat='51.5680375' lon='9.9744761' />
  <node id='800365012' timestamp='2016-04-10T12:46:54Z' uid='1468043' user='jengelh' visible='true' version='2' changeset='38449795' lat='51.5684822' lon='9.9749033' />
  <node id='1042686370' timestamp='2014-02-06T20:38:16Z' uid='1767617' user='GeoDoc' visible='true' version='3' changeset='20419253' lat='51.5612865' lon='9.972121' />
  <node id='1042686376' timestamp='2013-10-21T09:54:01Z' uid='16256' user='patzi' visible='true' version='2' changeset='18465808' lat='51.5618484' lon='9.9741269' />
  <node id='1042686381' timestamp='2017-06-25T00:19:32Z' uid='1468043' user='jengelh' visible='true' version='4' changeset='49804228' lat='51.5615794' lon='9.9729092' />
  <node id='1042686382' timestamp='2013-10-21T09:54:01Z' uid='16256' user='patzi' visible='true' version='2' changeset='18465808' lat='51.5617483' lon='9.9738695' />
  <node id='1042686390' timestamp='2017-06-25T00:19:32Z' uid='1468043' user='jengelh' visible='true' version='4' changeset='49804228' lat='51.5614752' lon='9.9725395' />
  <node id='1042686401' timestamp='2017-06-25T00:19:32Z' uid='1468043' user='jengelh' visible='true' version='4' changeset='49804228' lat='51.5611556' lon='9.9708985' />
  <node id='1042686408' timestamp='2015-02-08T16:21:27Z' uid='1468043' user='jengelh' visible='true' version='4' changeset='28705650' lat='51.5611599' lon='9.9715481' />
  <node id='1042711270' timestamp='2018-09-30T10:21:09Z' uid='1468043' user='jengelh' visible='true' version='3' changeset='63059230' lat='51.5609991' lon='9.9714926' />
  <node id='1042711279' timestamp='2014-02-06T20:38:17Z' uid='1767617' user='GeoDoc' visible='true' version='2' changeset='20419253' lat='51.5609323' lon='9.972381' />
  <node id='1042711283' timestamp='2010-12-17T12:31:20Z' uid='167417' user='osm-sputnik' visible='true' version='1' changeset='6685666' lat='51.560943' lon='9.972797' />
  <node id='1042728004' timestamp='2013-10-21T09:54:01Z' uid='16256' user='patzi' visible='true' version='3' changeset='18465808' lat='51.5608911' lon='9.9714312' />
  <node id='1042728048' timestamp='2010-12-17T12:40:34Z' uid='167417' user='osm-sputnik' visible='true' version='1' changeset='6686296' lat='51.5599457' lon='9.9716806' />
  <node id='1042728059' timestamp='2018-09-30T10:21:09Z' uid='1468043' user='jengelh' visible='true' version='4' changeset='63059230' lat='51.560835' lon='9.971821' />
  <node id='1042728087' timestamp='2013-10-19T20:58:00Z' uid='1468043' user='jengelh' visible='true' version='2' changeset='18441192' lat='51.559952' lon='9.9710655' />
  <node id='1042728093' timestamp='2017-06-25T00:19:32Z' uid='1468043' user='jengelh' visible='true' version='3' changeset='49804228' lat='51.5611615' lon='9.9706395' />
  <node id='1042728110' timestamp='2013-10-21T09:54:01Z' uid='16256' user='patzi' visible='true' version='3' changeset='18465808' lat='51.5611068' lon='9.9706616' />
  <node id='1042728120' timestamp='2010-12-17T12:40:36Z' uid='167417' user='osm-sputnik' visible='true' version='1' changeset='6686296' lat='51.5606178' lon='9.972107' />
  <node id='1042728124' timestamp='2013-10-21T09:54:01Z' uid='16256' user='patzi' visible='true' version='3' changeset='18465808' lat='51.5608498' lon='9.9717045' />
  <node id='1042728147' timestamp='2021-04-06T18:15:20Z' uid='1468043' user='jengelh' visible='true' version='4' changeset='102425770' lat='51.5600378' lon='9.9693358' />
  <node id='1042728151' timestamp='2018-09-30T10:21:09Z' uid='1468043' user='jengelh' visible='true' version='5' changeset='63059230' lat='51.5600223' lon='9.9717982' />
  <node id='1042728192' timestamp='2013-10-19T20:58:00Z' uid='1468043' user='jengelh' visible='true' version='3' changeset='18441192' lat='51.5600916' lon='9.9693496' />
  <node id='1042728197' timestamp='2013-10-19T20:58:00Z' uid='1468043' user='jengelh' visible='true' version='3' changeset='18441192' lat='51.5602037' lon='9.9692948' />
  <node id='1042728204' timestamp='2013-10-21T09:54:01Z' uid='16256' user='patzi' visible='true' version='3' changeset='18465808' lat='51.5604454' lon='9.9721566' />
  <node id='1042728212' timestamp='2013-10-19T20:58:00Z' uid='1468043' user='jengelh' visible='true' version='2' changeset='18441192' lat='51.5599763' lon='9.9703041' />
  <node id='1042728254' timestamp='2013-10-19T20:58:00Z' uid='1468043' user='jengelh' visible='true' version='3' changeset='18441192' lat='51.5603252' lon='9.9692342' />
  <node id='1042728257' timestamp='2018-09-30T10:21:09Z' uid='1468043' user='jengelh' visible='true' version='3' changeset='63059230' lat='51.5604166' lon='9.9691561' />
  <node id='1042728263' timestamp='2013-10-21T09:54:01Z' uid='16256' user='patzi' visible='true' version='3' changeset='18465808' lat='51.5602973' lon='9.9721345' />
  <node id='1042759232' timestamp='2013-10-21T09:54:01Z' uid='16256' user='patzi' visible='true' version='2' changeset='18465808' lat='51.5612044' lon='9.974921' />
  <node id='1042759241' timestamp='2018-09-30T10:21:09Z' uid='1468043' user='jengelh' visible='true' version='3' changeset='63059230' lat='51.5609743' lon='9.9733056' />
  <node id='1042759290' timestamp='2022-11-08T23:06:21Z' uid='1468043' user='jengelh' visible='true' version='5' changeset='128660941' lat='51.5616679' lon='9.9747841' />
  <node id='1042759313' timestamp='2013-10-21T09:54:01Z' uid='16256' user='patzi' visible='true' version='3' changeset='18465808' lat='51.5618932' lon='9.9742859' />
  <node id='1042759335' timestamp='2018-09-30T10:21:09Z' uid='1468043' user='jengelh' visible='true' version='3' changeset='63059230' lat='51.5605881' lon='9.9722942' />
  <node id='1042759337' timestamp='2022-11-08T23:06:21Z' uid='1468043' user='jengelh' visible='true' version='3' changeset='128660941' lat='51.5612694' lon='9.9753447' />
  <node id='1042759344' timestamp='2018-09-30T10:21:09Z' uid='1468043' user='jengelh' visible='true' version='3' changeset='63059230' lat='51.5605882' lon='9.9725863' />
  <node id='1042759351' timestamp='2013-10-21T09:54:02Z' uid='16256' user='patzi' visible='true' version='2' changeset='18465808' lat='51.5616646' lon='9.9736389' />
  <node id='1042759354' timestamp='2022-11-08T23:06:21Z' uid='1468043' user='jengelh' visible='true' version='5' changeset='128660941' lat='51.561569' lon='9.9757556' />
  <node id='1042759357' timestamp='2018-09-30T10:21:09Z' uid='1468043' user='jengelh' visible='true' version='4' changeset='63059230' lat='51.5611825' lon='9.9710784' />
  <node id='1042759374' timestamp='2013-10-21T09:54:02Z' uid='16256' user='patzi' visible='true' version='2' changeset='18465808' lat='51.5607509' lon='9.9723916' />
  <node id='1042759379' timestamp='2022-11-08T23:06:21Z' uid='1468043' user='jengelh' visible='true' version='5' changeset='128660941' lat='51.5612759' lon='9.9758209' />
  <node id='1042759400' timestamp='2013-10-21T09:54:02Z' uid='16256' user='patzi' visible='true' version='2' changeset='18465808' lat='51.5605458' lon='9.9726733' />
  <node id='1042759423' timestamp='2013-10-21T09:54:02Z' uid='16256' user='patzi' visible='true' version='2' changeset='18465808' lat='51.5611277' lon='9.9744918' />
  <node id='1042759451' timestamp='2018-09-30T10:21:09Z' uid='1468043' user='jengelh' visible='true' version='3' changeset='63059230' lat='51.5609428' lon='9.9724117' />
  <node id='1042759456' timestamp='2013-10-21T09:54:02Z' uid='16256' user='patzi' visible='true' version='2' changeset='18465808' lat='51.5604007' lon='9.9724104' />
  <node id='1042759479' timestamp='2013-10-21T09:54:02Z' uid='16256' user='patzi' visible='true' version='2' changeset='18465808' lat='51.560269' lon='9.9721851' />
  <node id='1042759497' timestamp='2018-09-30T10:21:09Z' uid='1468043' user='jengelh' visible='true' version='3' changeset='63059230' lat='51.5609524' lon='9.9728025' />
  <node id='1042759538' timestamp='2013-10-21T09:54:02Z' uid='16256' user='patzi' visible='true' version='2' changeset='18465808' lat='51.5617547' lon='9.9739178' />
  <node id='1042759543' timestamp='2013-10-21T09:54:02Z' uid='16256' user='patzi' visible='true' version='2' changeset='18465808' lat='51.561061' lon='9.9740868' />
  <node id='1241854035' timestamp='2021-04-06T18:15:20Z' uid='1468043' user='jengelh' visible='true' version='5' changeset='102425770' lat='51.5608813' lon='9.9681438' />
  <node id='1241854036' timestamp='2021-04-06T18:15:20Z' uid='1468043' user='jengelh' visible='true' version='5' changeset='102425770' lat='51.5602847' lon='9.9681523' />
  <node id='1241854038' timestamp='2021-04-06T18:15:20Z' uid='1468043' user='jengelh' visible='true' version='5' changeset='102425770' lat='51.5605682' lon='9.9686273' />
  <node id='1241854039' timestamp='2021-04-06T18:15:20Z' uid='1468043' user='jengelh' visible='true' version='5' changeset='102425770' lat='51.5605978' lon='9.9676688' />
  <node id='1300173643' timestamp='2017-04-08T22:32:55Z' uid='1468043' user='jengelh' visible='true' version='2' changeset='47580636' lat='51.5607036' lon='9.9610205' />
  <node id='1300173681' timestamp='2017-04-08T22:32:55Z' uid='1468043' user='jengelh' visible='true' version='2' changeset='47580636' lat='51.5608191' lon='9.9620016' />
  <node id='1300173699' timestamp='2017-04-08T22:32:55Z' uid='1468043' user='jengelh' visible='true' version='2' changeset='47580636' lat='51.5606674' lon='9.9609647' />
  <node id='1300173703' timestamp='2013-10-05T20:35:39Z' uid='1468043' user='jengelh' visible='true' version='3' changeset='18202563' lat='51.5604536' lon='9.9606878' />
  <node id='1300173713' timestamp='2017-04-08T22:32:55Z' uid='1468043' user='jengelh' visible='true' version='2' changeset='47580636' lat='51.5607603' lon='9.9615771' />
  <node id='1300173719' timestamp='2017-04-08T22:32:55Z' uid='1468043' user='jengelh' visible='true' version='3' changeset='47580636' lat='51.5608359' lon='9.9625604' />
  <node id='1309319016' timestamp='2024-02-08T14:28:12Z' uid='1468043' user='jengelh' visible='true' version='5' changeset='147220321' lat='51.5607049' lon='9.9685081' />
  <node id='1309319017' timestamp='2021-04-06T18:15:20Z' uid='1468043' user='jengelh' visible='true' version='7' changeset='102425770' lat='51.5603466' lon='9.9680567'>
    <tag k='entrance' v='yes' />
  </node>
  <node id='1309319020' timestamp='2024-02-08T14:28:12Z' uid='1468043' user='jengelh' visible='true' version='5' changeset='147220321' lat='51.5606406' lon='9.9685955' />
  <node id='1309319021' timestamp='2021-04-06T18:15:20Z' uid='1468043' user='jengelh' visible='true' version='7' changeset='102425770' lat='51.560634' lon='9.9685257'>
    <tag k='entrance' v='yes' />
  </node>
  <node id='1309319035' timestamp='2021-04-06T18:15:20Z' uid='1468043' user='jengelh' visible='true' version='3' changeset='102425770' lat='51.5607726' lon='9.9684672' />
  <node id='1309319044' timestamp='2015-12-10T12:01:56Z' uid='1468043' user='jengelh' visible='true' version='4' changeset='35864022' lat='51.560922' lon='9.967547' />
  <node id='1309319046' timestamp='2022-09-09T14:10:03Z' uid='2573759' user='aeszter' visible='true' version='5' changeset='125983216' lat='51.5603796' lon='9.9664486'>
    <tag k='check_date:crossing' v='2022-09-09' />
    <tag k='crossing' v='uncontrolled' />
    <tag k='highway' v='crossing' />
    <tag k='source' v='bing' />
    <tag k='tactile_paving' v='no' />
  </node>
  <node id='1309319053' timestamp='2013-10-21T09:54:03Z' uid='16256' user='patzi' visible='true' version='2' changeset='18465808' lat='51.5610361' lon='9.9673727' />
  <node id='1309319054' timestamp='2013-10-21T09:54:03Z' uid='16256' user='patzi' visible='true' version='3' changeset='18465808' lat='51.5609777' lon='9.9681406' />
  <node id='1309319058' timestamp='2013-10-21T09:54:03Z' uid='16256' user='patzi' visible='true' version='3' changeset='18465808' lat='51.5609687' lon='9.9680419' />
  <node id='1309319059' timestamp='2011-06-02T17:12:07Z' uid='181582' user='quazgar' visible='true' version='1' changeset='8322159' lat='51.5609442' lon='9.968068' />
  <node id='1309319062' timestamp='2012-04-08T17:29:44Z' uid='38286' user='t_u_b_o' visible='true' version='2' changeset='11228234' lat='51.5609136' lon='9.9680631' />
  <node id='1309319066' timestamp='2021-04-06T18:15:20Z' uid='1468043' user='jengelh' visible='true' version='7' changeset='102425770' lat='51.5605486' lon='9.9677448'>
    <tag k='entrance' v='yes' />
  </node>
  <node id='1309319067' timestamp='2013-05-08T07:52:39Z' uid='16256' user='patzi' visible='true' version='3' changeset='16024781' lat='51.5608166' lon='9.9678918' />
  <node id='1309319071' timestamp='2021-04-06T18:15:20Z' uid='1468043' user='jengelh' visible='true' version='7' changeset='102425770' lat='51.5607751' lon='9.9679659'>
    <tag k='entrance' v='yes' />
  </node>
  <node id='1309341039' timestamp='2021-04-06T18:15:20Z' uid='1468043' user='jengelh' visible='true' version='4' changeset='102425770' lat='51.5608686' lon='9.9683281' />
  <node id='1310655020' timestamp='2022-09-05T11:06:31Z' uid='2573759' user='aeszter' visible='true' version='3' changeset='125809484' lat='51.5609273' lon='9.968221'>
    <tag k='barrier' v='bollard' />
    <tag k='bicycle' v='yes' />
    <tag k='bollard' v='removable' />
    <tag k='foot' v='yes' />
    <tag k='horse' v='yes' />
    <tag k='motorcycle' v='yes' />
  </node>
  <node id='1310673182' timestamp='2024-04-24T19:30:13Z' uid='1468043' user='jengelh' visible='true' version='5' changeset='150464211' lat='51.5609035' lon='9.966099' />
  <node id='1320077520' timestamp='2013-10-21T09:54:03Z' uid='16256' user='patzi' visible='true' version='3' changeset='18465808' lat='51.5606019' lon='9.9666038' />
  <node id='1500272784' timestamp='2019-11-25T17:21:50Z' uid='1468043' user='jengelh' visible='true' version='3' changeset='77536485' lat='51.5615359' lon='9.9696049' />
  <node id='1500272807' timestamp='2021-04-06T18:15:20Z' uid='1468043' user='jengelh' visible='true' version='5' changeset='102425770' lat='51.5612528' lon='9.970623' />
  <node id='1690082970' timestamp='2018-09-30T10:21:09Z' uid='1468043' user='jengelh' visible='true' version='2' changeset='63059230' lat='51.5612939' lon='9.9705912' />
  <node id='1690082972' timestamp='2017-06-25T00:19:32Z' uid='1468043' user='jengelh' visible='true' version='4' changeset='49804228' lat='51.5616413' lon='9.9735214' />
  <node id='1690082973' timestamp='2018-09-30T10:21:09Z' uid='1468043' user='jengelh' visible='true' version='2' changeset='63059230' lat='51.5620332' lon='9.9717707' />
  <node id='1690082974' timestamp='2022-11-08T23:06:21Z' uid='1468043' user='jengelh' visible='true' version='5' changeset='128660941' lat='51.5620723' lon='9.9744937' />
  <node id='1690082975' timestamp='2022-11-08T23:06:21Z' uid='1468043' user='jengelh' visible='true' version='3' changeset='128660941' lat='51.5626719' lon='9.9740072' />
  <node id='1690082976' timestamp='2022-11-08T23:06:21Z' uid='1468043' user='jengelh' visible='true' version='3' changeset='128660941' lat='51.5628618' lon='9.9741387' />
  <node id='1690082977' timestamp='2020-10-04T22:29:01Z' uid='1468043' user='jengelh' visible='true' version='3' changeset='91947868' lat='51.5629037' lon='9.9726995' />
  <node id='1690082990' timestamp='2016-04-10T13:02:33Z' uid='1468043' user='jengelh' visible='true' version='2' changeset='38450115' lat='51.5656086' lon='9.9752046' />
  <node id='1690082993' timestamp='2016-04-10T13:51:27Z' uid='1468043' user='jengelh' visible='true' version='3' changeset='38452164' lat='51.5661232' lon='9.975951' />
  <node id='1690083006' timestamp='2013-10-21T09:54:04Z' uid='16256' user='patzi' visible='true' version='2' changeset='18465808' lat='51.5686248' lon='9.975737' />
  <node id='1707439244' timestamp='2015-12-10T12:26:41Z' uid='1468043' user='jengelh' visible='true' version='3' changeset='35864447' lat='51.5608852' lon='9.9669635' />
  <node id='1707439246' timestamp='2015-12-10T12:26:41Z' uid='1468043' user='jengelh' visible='true' version='3' changeset='35864447' lat='51.5609103' lon='9.9669244' />
  <node id='1707439248' timestamp='2024-04-24T19:30:13Z' uid='1468043' user='jengelh' visible='true' version='4' changeset='150464211' lat='51.560948' lon='9.9665467' />
  <node id='1707439255' timestamp='2024-04-24T19:30:13Z' uid='1468043' user='jengelh' visible='true' version='4' changeset='150464211' lat='51.5609654' lon='9.9665559' />
  <node id='1707439256' timestamp='2024-04-24T19:30:13Z' uid='1468043' user='jengelh' visible='true' version='4' changeset='150464211' lat='51.560959' lon='9.9665657' />
  <node id='1707439258' timestamp='2024-04-24T19:30:13Z' uid='1468043' user='jengelh' visible='true' version='4' changeset='150464211' lat='51.5610182' lon='9.9666431' />
  <node id='1707439259' timestamp='2015-12-10T12:26:41Z' uid='1468043' user='jengelh' visible='true' version='3' changeset='35864447' lat='51.5610411' lon='9.9671423' />
  <node id='1707439260' timestamp='2015-12-10T12:26:41Z' uid='1468043' user='jengelh' visible='true' version='3' changeset='35864447' lat='51.5610509' lon='9.9671272' />
  <node id='1707439269' timestamp='2016-05-18T11:00:44Z' uid='1468043' user='jengelh' visible='true' version='3' changeset='39397851' lat='51.5610528' lon='9.9693634' />
  <node id='1707439273' timestamp='2024-04-24T19:30:13Z' uid='1468043' user='jengelh' visible='true' version='4' changeset='150464211' lat='51.5610941' lon='9.9665252' />
  <node id='1707439274' timestamp='2015-12-10T12:26:41Z' uid='1468043' user='jengelh' visible='true' version='3' changeset='35864447' lat='51.5610987' lon='9.9666991' />
  <node id='1707439275' timestamp='2016-05-18T11:00:44Z' uid='1468043' user='jengelh' visible='true' version='3' changeset='39397851' lat='51.5610973' lon='9.9694366' />
  <node id='1707439278' timestamp='2016-05-18T11:00:44Z' uid='1468043' user='jengelh' visible='true' version='4' changeset='39397851' lat='51.561054' lon='9.9695045' />
  <node id='1707439281' timestamp='2016-05-18T11:00:44Z' uid='1468043' user='jengelh' visible='true' version='3' changeset='39397851' lat='51.5611183' lon='9.9692606' />
  <node id='1707439289' timestamp='2016-05-18T11:00:44Z' uid='1468043' user='jengelh' visible='true' version='4' changeset='39397851' lat='51.5611005' lon='9.9695812' />
  <node id='1707439292' timestamp='2015-12-10T12:26:41Z' uid='1468043' user='jengelh' visible='true' version='3' changeset='35864447' lat='51.5611503' lon='9.9666189' />
  <node id='1707439293' timestamp='2016-05-18T11:00:44Z' uid='1468043' user='jengelh' visible='true' version='3' changeset='39397851' lat='51.5611437' lon='9.9695132' />
  <node id='1707439294' timestamp='2016-05-18T11:00:44Z' uid='1468043' user='jengelh' visible='true' version='4' changeset='39397851' lat='51.5611446' lon='9.9696538' />
  <node id='1707439295' timestamp='2013-10-19T20:58:01Z' uid='1468043' user='jengelh' visible='true' version='2' changeset='18441192' lat='51.5611776' lon='9.968016' />
  <node id='1707439296' timestamp='2016-05-18T11:00:44Z' uid='1468043' user='jengelh' visible='true' version='3' changeset='39397851' lat='51.5611879' lon='9.9695859' />
  <node id='1707439311' timestamp='2015-12-10T12:26:41Z' uid='1468043' user='jengelh' visible='true' version='3' changeset='35864447' lat='51.5611971' lon='9.9668631' />
  <node id='1707439312' timestamp='2016-04-01T14:29:18Z' uid='16256' user='patzi' visible='true' version='3' changeset='38227435' lat='51.5611923' lon='9.9682453' />
  <node id='1707439313' timestamp='2016-05-18T11:00:44Z' uid='1468043' user='jengelh' visible='true' version='4' changeset='39397851' lat='51.5611912' lon='9.9697306' />
  <node id='1707439325' timestamp='2013-10-19T20:58:01Z' uid='1468043' user='jengelh' visible='true' version='2' changeset='18441192' lat='51.5612417' lon='9.9679128' />
  <node id='1707439326' timestamp='2013-10-19T20:58:01Z' uid='1468043' user='jengelh' visible='true' version='2' changeset='18441192' lat='51.5612294' lon='9.9680991' />
  <node id='1707439329' timestamp='2015-12-10T12:26:41Z' uid='1468043' user='jengelh' visible='true' version='3' changeset='35864447' lat='51.5612636' lon='9.9667599' />
  <node id='1707439330' timestamp='2016-04-01T14:29:18Z' uid='16256' user='patzi' visible='true' version='3' changeset='38227435' lat='51.5612645' lon='9.9683622' />
  <node id='1707439333' timestamp='2013-10-19T20:58:02Z' uid='1468043' user='jengelh' visible='true' version='2' changeset='18441192' lat='51.5612934' lon='9.9679958' />
  <node id='1707439334' timestamp='2016-05-18T11:00:44Z' uid='1468043' user='jengelh' visible='true' version='4' changeset='39397851' lat='51.5612506' lon='9.9695263' />
  <node id='1707439343' timestamp='2015-12-10T12:26:41Z' uid='1468043' user='jengelh' visible='true' version='3' changeset='35864447' lat='51.5613234' lon='9.967699' />
  <node id='1707439350' timestamp='2015-12-10T12:26:41Z' uid='1468043' user='jengelh' visible='true' version='3' changeset='35864447' lat='51.561341' lon='9.9670757' />
  <node id='1707439351' timestamp='2015-12-10T12:26:41Z' uid='1468043' user='jengelh' visible='true' version='3' changeset='35864447' lat='51.56136' lon='9.9676422' />
  <node id='1707439352' timestamp='2016-04-01T14:29:18Z' uid='16256' user='patzi' visible='true' version='3' changeset='38227435' lat='51.5613317' lon='9.9680227' />
  <node id='1707439358' timestamp='2015-12-10T12:26:42Z' uid='1468043' user='jengelh' visible='true' version='3' changeset='35864447' lat='51.5613991' lon='9.9669856' />
  <node id='1707439359' timestamp='2023-07-25T21:10:16Z' uid='1468043' user='jengelh' visible='true' version='2' changeset='139008565' lat='51.5613972' lon='9.9702603' />
  <node id='1707439362' timestamp='2023-07-25T21:10:16Z' uid='1468043' user='jengelh' visible='true' version='2' changeset='139008565' lat='51.5614222' lon='9.9702185' />
  <node id='1707439363' timestamp='2015-12-10T12:26:42Z' uid='1468043' user='jengelh' visible='true' version='3' changeset='35864447' lat='51.561448' lon='9.9676523' />
  <node id='1707439364' timestamp='2016-04-01T14:29:18Z' uid='16256' user='patzi' visible='true' version='3' changeset='38227435' lat='51.5615041' lon='9.9686633' />
  <node id='1707439366' timestamp='2024-02-24T14:34:01Z' uid='1468043' user='jengelh' visible='true' version='3' changeset='147857774' lat='51.5614482' lon='9.9697768' />
  <node id='1707439367' timestamp='2023-07-25T21:10:16Z' uid='1468043' user='jengelh' visible='true' version='2' changeset='139008565' lat='51.5615637' lon='9.9706183' />
  <node id='1707439374' timestamp='2023-07-25T21:10:16Z' uid='1468043' user='jengelh' visible='true' version='2' changeset='139008565' lat='51.5614928' lon='9.9704087' />
  <node id='1707439375' timestamp='2023-07-25T21:10:16Z' uid='1468043' user='jengelh' visible='true' version='2' changeset='139008565' lat='51.5615833' lon='9.9705867' />
  <node id='1707439383' timestamp='2015-12-10T12:26:42Z' uid='1468043' user='jengelh' visible='true' version='3' changeset='35864447' lat='51.5615273' lon='9.9673861' />
  <node id='1707439384' timestamp='2015-12-10T12:26:42Z' uid='1468043' user='jengelh' visible='true' version='3' changeset='35864447' lat='51.5615063' lon='9.9674187' />
  <node id='1707439385' timestamp='2015-12-10T12:26:42Z' uid='1468043' user='jengelh' visible='true' version='3' changeset='35864447' lat='51.5615166' lon='9.9680209' />
  <node id='1707439386' timestamp='2024-02-24T14:34:01Z' uid='1468043' user='jengelh' visible='true' version='3' changeset='147857774' lat='51.5615057' lon='9.9696852' />
  <node id='1707439387' timestamp='2024-02-24T14:34:01Z' uid='1468043' user='jengelh' visible='true' version='3' changeset='147857774' lat='51.5615019' lon='9.9698642' />
  <node id='1707439388' timestamp='2024-02-24T14:34:01Z' uid='1468043' user='jengelh' visible='true' version='3' changeset='147857774' lat='51.5615141' lon='9.9698873' />
  <node id='1707439389' timestamp='2023-07-25T21:10:16Z' uid='1468043' user='jengelh' visible='true' version='2' changeset='139008565' lat='51.561518' lon='9.9703669' />
  <node id='1707439390' timestamp='2023-07-25T21:10:16Z' uid='1468043' user='jengelh' visible='true' version='2' changeset='139008565' lat='51.5615987' lon='9.9706741' />
  <node id='1707439397' timestamp='2015-12-10T12:26:42Z' uid='1468043' user='jengelh' visible='true' version='3' changeset='35864447' lat='51.5615508' lon='9.9674928' />
  <node id='1707439398' timestamp='2016-04-01T14:29:18Z' uid='16256' user='patzi' visible='true' version='3' changeset='38227435' lat='51.5615877' lon='9.9687987' />
  <node id='1707439399' timestamp='2024-02-24T14:34:01Z' uid='1468043' user='jengelh' visible='true' version='3' changeset='147857774' lat='51.5615403' lon='9.9698031' />
  <node id='1707439400' timestamp='2023-07-25T21:10:16Z' uid='1468043' user='jengelh' visible='true' version='2' changeset='139008565' lat='51.5616182' lon='9.9706424' />
  <node id='1707439405' timestamp='2024-02-24T14:34:01Z' uid='1468043' user='jengelh' visible='true' version='3' changeset='147857774' lat='51.5615547' lon='9.9697802' />
  <node id='1707439406' timestamp='2024-02-24T14:34:01Z' uid='1468043' user='jengelh' visible='true' version='3' changeset='147857774' lat='51.5615595' lon='9.9697727' />
  <node id='1707439407' timestamp='2024-02-24T14:34:01Z' uid='1468043' user='jengelh' visible='true' version='3' changeset='147857774' lat='51.5615722' lon='9.969795' />
  <node id='1707439408' timestamp='2024-02-24T14:34:01Z' uid='1468043' user='jengelh' visible='true' version='3' changeset='147857774' lat='51.5615679' lon='9.9698017' />
  <node id='1707439409' timestamp='2024-02-24T14:34:01Z' uid='1468043' user='jengelh' visible='true' version='3' changeset='147857774' lat='51.5615535' lon='9.9698246' />
  <node id='1707439412' timestamp='2015-12-10T12:26:42Z' uid='1468043' user='jengelh' visible='true' version='3' changeset='35864447' lat='51.5615956' lon='9.9678982' />
  <node id='1707439413' timestamp='2024-02-24T14:34:01Z' uid='1468043' user='jengelh' visible='true' version='3' changeset='147857774' lat='51.5615895' lon='9.9700099' />
  <node id='1707439418' timestamp='2024-02-24T14:34:01Z' uid='1468043' user='jengelh' visible='true' version='3' changeset='147857774' lat='51.5616099' lon='9.9700431' />
  <node id='1707439421' timestamp='2024-02-24T14:34:01Z' uid='1468043' user='jengelh' visible='true' version='3' changeset='147857774' lat='51.5616475' lon='9.9699176' />
  <node id='1707439422' timestamp='2024-02-24T14:34:01Z' uid='1468043' user='jengelh' visible='true' version='3' changeset='147857774' lat='51.5616427' lon='9.9699253' />
  <node id='1707439425' timestamp='2024-02-24T14:34:01Z' uid='1468043' user='jengelh' visible='true' version='3' changeset='147857774' lat='51.5616673' lon='9.9699517' />
  <node id='1707439426' timestamp='2024-02-24T14:34:01Z' uid='1468043' user='jengelh' visible='true' version='3' changeset='147857774' lat='51.5616631' lon='9.9699585' />
  <node id='1707439427' timestamp='2024-02-24T14:34:01Z' uid='1468043' user='jengelh' visible='true' version='3' changeset='147857774' lat='51.5616692' lon='9.9701396' />
  <node id='1707439436' timestamp='2016-04-01T14:29:18Z' uid='16256' user='patzi' visible='true' version='3' changeset='38227435' lat='51.5617329' lon='9.9688707' />
  <node id='1707439437' timestamp='2024-02-24T14:34:01Z' uid='1468043' user='jengelh' visible='true' version='3' changeset='147857774' lat='51.5617267' lon='9.9700482' />
  <node id='1707439441' timestamp='2024-02-24T14:34:01Z' uid='1468043' user='jengelh' visible='true' version='3' changeset='147857774' lat='51.5617655' lon='9.9705492' />
  <node id='1707439451' timestamp='2024-02-24T14:34:01Z' uid='1468043' user='jengelh' visible='true' version='3' changeset='147857774' lat='51.5618915' lon='9.9703488' />
  <node id='1707439461' timestamp='2024-02-24T14:34:01Z' uid='1468043' user='jengelh' visible='true' version='3' changeset='147857774' lat='51.5620135' lon='9.9710079' />
  <node id='1707439465' timestamp='2016-04-01T14:29:18Z' uid='16256' user='patzi' visible='true' version='3' changeset='38227435' lat='51.5616448' lon='9.9687634' />
  <node id='1707439466' timestamp='2024-02-24T14:34:01Z' uid='1468043' user='jengelh' visible='true' version='3' changeset='147857774' lat='51.5620393' lon='9.9709668' />
  <node id='1707439471' timestamp='2024-02-24T14:34:01Z' uid='1468043' user='jengelh' visible='true' version='3' changeset='147857774' lat='51.5620955' lon='9.9711413' />
  <node id='1707439474' timestamp='2024-02-24T14:34:01Z' uid='1468043' user='jengelh' visible='true' version='3' changeset='147857774' lat='51.562132' lon='9.9708194' />
  <node id='1707439479' timestamp='2013-10-21T09:54:06Z' uid='16256' user='patzi' visible='true' version='2' changeset='18465808' lat='51.5621568' lon='9.96923' />
  <node id='1707439480' timestamp='2024-02-24T14:34:01Z' uid='1468043' user='jengelh' visible='true' version='3' changeset='147857774' lat='51.5621567' lon='9.9707801' />
  <node id='1707439481' timestamp='2024-02-24T14:34:01Z' uid='1468043' user='jengelh' visible='true' version='3' changeset='147857774' lat='51.5621487' lon='9.9711041' />
  <node id='1707439489' timestamp='2013-10-21T09:54:06Z' uid='16256' user='patzi' visible='true' version='2' changeset='18465808' lat='51.5621987' lon='9.9691643' />
  <node id='1707439490' timestamp='2024-02-24T14:34:01Z' uid='1468043' user='jengelh' visible='true' version='3' changeset='147857774' lat='51.562214' lon='9.9709528' />
  <node id='1707439491' timestamp='2024-02-24T14:34:01Z' uid='1468043' user='jengelh' visible='true' version='3' changeset='147857774' lat='51.5622045' lon='9.9710145' />
  <node id='1707439498' timestamp='2013-10-21T09:54:06Z' uid='16256' user='patzi' visible='true' version='2' changeset='18465808' lat='51.5622332' lon='9.969356' />
  <node id='1707439502' timestamp='2024-02-24T14:34:01Z' uid='1468043' user='jengelh' visible='true' version='3' changeset='147857774' lat='51.5622436' lon='9.9712571' />
  <node id='1707439509' timestamp='2013-10-21T09:54:06Z' uid='16256' user='patzi' visible='true' version='2' changeset='18465808' lat='51.5622751' lon='9.9692903' />
  <node id='1707439512' timestamp='2024-02-24T14:34:01Z' uid='1468043' user='jengelh' visible='true' version='3' changeset='147857774' lat='51.5622994' lon='9.9711674' />
  <node id='1707439515' timestamp='2016-04-01T14:50:45Z' uid='16256' user='patzi' visible='true' version='3' changeset='38227977' lat='51.562357' lon='9.9711701' />
  <node id='1707439533' timestamp='2016-04-01T14:50:45Z' uid='16256' user='patzi' visible='true' version='3' changeset='38227977' lat='51.5625053' lon='9.9714088' />
  <node id='1707439534' timestamp='2016-04-01T14:50:45Z' uid='16256' user='patzi' visible='true' version='3' changeset='38227977' lat='51.5625124' lon='9.9717115' />
  <node id='1707439535' timestamp='2016-04-01T14:50:45Z' uid='16256' user='patzi' visible='true' version='3' changeset='38227977' lat='51.5624977' lon='9.9717352' />
  <node id='1707439539' timestamp='2016-04-01T14:50:45Z' uid='16256' user='patzi' visible='true' version='3' changeset='38227977' lat='51.5625499' lon='9.9713371' />
  <node id='1707439540' timestamp='2016-04-01T14:50:45Z' uid='16256' user='patzi' visible='true' version='3' changeset='38227977' lat='51.5625442' lon='9.9718062' />
  <node id='1707439557' timestamp='2016-04-01T14:50:45Z' uid='16256' user='patzi' visible='true' version='3' changeset='38227977' lat='51.562597' lon='9.9718537' />
  <node id='1707439562' timestamp='2016-04-01T14:50:45Z' uid='16256' user='patzi' visible='true' version='3' changeset='38227977' lat='51.5626561' lon='9.9718747' />
  <node id='1707439570' timestamp='2016-04-01T14:50:46Z' uid='16256' user='patzi' visible='true' version='3' changeset='38227977' lat='51.5627164' lon='9.9718675' />
  <node id='1707439589' timestamp='2016-04-01T14:50:46Z' uid='16256' user='patzi' visible='true' version='3' changeset='38227977' lat='51.5627729' lon='9.9718327' />
  <node id='1707439610' timestamp='2016-04-01T14:50:46Z' uid='16256' user='patzi' visible='true' version='3' changeset='38227977' lat='51.5628208' lon='9.9717732' />
  <node id='1707439643' timestamp='2016-04-01T14:29:18Z' uid='16256' user='patzi' visible='true' version='3' changeset='38227435' lat='51.5630413' lon='9.9709635' />
  <node id='1707439749' timestamp='2013-10-19T20:58:04Z' uid='1468043' user='jengelh' visible='true' version='2' changeset='18441192' lat='51.5632854' lon='9.9715087' />
  <node id='1707439784' timestamp='2013-10-19T20:58:04Z' uid='1468043' user='jengelh' visible='true' version='2' changeset='18441192' lat='51.5633236' lon='9.9715724' />
  <node id='1707439826' timestamp='2013-10-19T20:58:04Z' uid='1468043' user='jengelh' visible='true' version='2' changeset='18441192' lat='51.5633857' lon='9.9713528' />
  <node id='1707439858' timestamp='2013-10-19T20:58:04Z' uid='1468043' user='jengelh' visible='true' version='2' changeset='18441192' lat='51.563424' lon='9.9714166' />
  <node id='1866343937' timestamp='2012-08-14T20:37:38Z' uid='253212' user='jwu-chris' visible='true' version='1' changeset='12731497' lat='51.5642525' lon='9.9699208' />
  <node id='1866343967' timestamp='2012-08-14T20:37:39Z' uid='253212' user='jwu-chris' visible='true' version='1' changeset='12731497' lat='51.5645753' lon='9.9703295' />
  <node id='1866343969' timestamp='2012-08-14T20:37:39Z' uid='253212' user='jwu-chris' visible='true' version='1' changeset='12731497' lat='51.564502' lon='9.9702222' />
  <node id='1866343973' timestamp='2012-08-14T20:37:39Z' uid='253212' user='jwu-chris' visible='true' version='1' changeset='12731497' lat='51.5640391' lon='9.9694701' />
  <node id='1866343974' timestamp='2012-08-14T20:37:39Z' uid='253212' user='jwu-chris' visible='true' version='1' changeset='12731497' lat='51.5641218' lon='9.9696321' />
  <node id='1866343975' timestamp='2012-08-14T20:37:39Z' uid='253212' user='jwu-chris' visible='true' version='1' changeset='12731497' lat='51.5639124' lon='9.9692556' />
  <node id='1866343976' timestamp='2012-08-14T20:37:39Z' uid='253212' user='jwu-chris' visible='true' version='1' changeset='12731497' lat='51.5636016' lon='9.9687309' />
  <node id='1866343977' timestamp='2012-08-14T20:37:39Z' uid='253212' user='jwu-chris' visible='true' version='1' changeset='12731497' lat='51.5634749' lon='9.968291' />
  <node id='1866343978' timestamp='2012-08-14T20:37:39Z' uid='253212' user='jwu-chris' visible='true' version='1' changeset='12731497' lat='51.5637416' lon='9.9689455' />
  <node id='1866343979' timestamp='2012-08-14T20:37:39Z' uid='253212' user='jwu-chris' visible='true' version='1' changeset='12731497' lat='51.5634682' lon='9.9679799' />
  <node id='1866343981' timestamp='2012-08-14T20:37:39Z' uid='253212' user='jwu-chris' visible='true' version='1' changeset='12731497' lat='51.5643886' lon='9.9701149' />
  <node id='2052717669' timestamp='2024-08-05T12:32:07Z' uid='2573759' user='aeszter' visible='true' version='4' changeset='154848831' lat='51.5611126' lon='9.9672301'>
    <tag k='entrance' v='main' />
    <tag k='ref' v='T18' />
  </node>
  <node id='2052717732' timestamp='2024-08-05T12:32:07Z' uid='2573759' user='aeszter' visible='true' version='4' changeset='154848831' lat='51.5630537' lon='9.9709437'>
    <tag k='entrance' v='main' />
    <tag k='level' v='0' />
    <tag k='ref' v='T14' />
  </node>
  <node id='2052752543' timestamp='2026-02-06T20:13:38Z' uid='1468043' user='jengelh' visible='true' version='3' changeset='178204117' lat='51.5643189' lon='9.9746144' />
  <node id='2052752553' timestamp='2026-02-06T20:13:38Z' uid='1468043' user='jengelh' visible='true' version='3' changeset='178204117' lat='51.5647487' lon='9.9742162' />
  <node id='2052752559' timestamp='2016-04-10T13:02:35Z' uid='1468043' user='jengelh' visible='true' version='2' changeset='38450115' lat='51.5640042' lon='9.9744025' />
  <node id='2052752560' timestamp='2012-12-06T13:13:10Z' uid='1026754' user='dfragment' visible='true' version='1' changeset='14174912' lat='51.5618967' lon='9.9732792' />
  <node id='2052752566' timestamp='2013-10-21T09:54:07Z' uid='16256' user='patzi' visible='true' version='2' changeset='18465808' lat='51.5641831' lon='9.9738205' />
  <node id='2149289312' timestamp='2013-02-10T17:45:53Z' uid='253212' user='jwu-chris' visible='true' version='1' changeset='14984112' lat='51.5665143' lon='9.9732016' />
  <node id='2250164810' timestamp='2015-02-08T16:21:28Z' uid='1468043' user='jengelh' visible='true' version='3' changeset='28705650' lat='51.5611687' lon='9.9703787' />
  <node id='2250164815' timestamp='2013-10-21T09:54:07Z' uid='16256' user='patzi' visible='true' version='2' changeset='18465808' lat='51.5611269' lon='9.9688887' />
  <node id='2250164816' timestamp='2018-07-26T20:47:24Z' uid='2551686' user='gausserrorfunction' visible='true' version='3' changeset='61100645' lat='51.560871' lon='9.9692779' />
  <node id='2250164818' timestamp='2024-04-24T19:30:13Z' uid='1468043' user='jengelh' visible='true' version='3' changeset='150464211' lat='51.5610325' lon='9.96887' />
  <node id='2250164819' timestamp='2024-04-24T19:30:13Z' uid='1468043' user='jengelh' visible='true' version='2' changeset='150464211' lat='51.5611297' lon='9.9690385' />
  <node id='2250164820' timestamp='2024-04-24T19:30:13Z' uid='1468043' user='jengelh' visible='true' version='2' changeset='150464211' lat='51.5609101' lon='9.9693662' />
  <node id='2250164821' timestamp='2024-04-24T19:30:13Z' uid='1468043' user='jengelh' visible='true' version='2' changeset='150464211' lat='51.560813' lon='9.9691977' />
  <node id='2250164822' timestamp='2013-04-05T10:06:50Z' uid='214512' user='Steve8x8' visible='true' version='1' changeset='15617827' lat='51.5610212' lon='9.9696926' />
  <node id='2250164823' timestamp='2018-07-26T20:47:24Z' uid='2551686' user='gausserrorfunction' visible='true' version='2' changeset='61100645' lat='51.5612292' lon='9.9702942' />
  <node id='2250164824' timestamp='2013-04-05T10:06:50Z' uid='214512' user='Steve8x8' visible='true' version='1' changeset='15617827' lat='51.565341' lon='9.9721058' />
  <node id='2250383170' timestamp='2016-05-18T11:00:44Z' uid='1468043' user='jengelh' visible='true' version='3' changeset='39397851' lat='51.5612851' lon='9.9695831' />
  <node id='2250383171' timestamp='2016-05-18T11:00:44Z' uid='1468043' user='jengelh' visible='true' version='3' changeset='39397851' lat='51.5612654' lon='9.9695031' />
  <node id='2250383173' timestamp='2016-05-18T11:00:44Z' uid='1468043' user='jengelh' visible='true' version='3' changeset='39397851' lat='51.5612092' lon='9.9694105' />
  <node id='2250383174' timestamp='2016-05-18T11:00:44Z' uid='1468043' user='jengelh' visible='true' version='3' changeset='39397851' lat='51.5611731' lon='9.9693509' />
  <node id='2250383175' timestamp='2016-05-18T11:00:44Z' uid='1468043' user='jengelh' visible='true' version='3' changeset='39397851' lat='51.5611569' lon='9.9693763' />
  <node id='2250383177' timestamp='2016-05-18T11:00:44Z' uid='1468043' user='jengelh' visible='true' version='3' changeset='39397851' lat='51.561193' lon='9.9694358' />
  <node id='2272361645' timestamp='2018-09-30T10:21:09Z' uid='1468043' user='jengelh' visible='true' version='3' changeset='63059230' lat='51.5612113' lon='9.9709418'>
    <tag k='historic' v='memorial' />
    <tag k='memorial' v='cross' />
    <tag k='survey:date' v='2018-09-29' />
  </node>
  <node id='2295507395' timestamp='2024-04-24T19:30:13Z' uid='1468043' user='jengelh' visible='true' version='2' changeset='150464211' lat='51.5607275' lon='9.9675048' />
  <node id='2295507397' timestamp='2013-05-08T07:52:38Z' uid='16256' user='patzi' visible='true' version='1' changeset='16024781' lat='51.5608753' lon='9.9677513' />
  <node id='2295507398' timestamp='2013-05-08T07:52:38Z' uid='16256' user='patzi' visible='true' version='1' changeset='16024781' lat='51.5608997' lon='9.9679582' />
  <node id='2420157103' timestamp='2017-04-08T22:32:56Z' uid='1468043' user='jengelh' visible='true' version='2' changeset='47580636' lat='51.560923' lon='9.962662' />
  <node id='2502054026' timestamp='2013-10-21T09:54:08Z' uid='16256' user='patzi' visible='true' version='2' changeset='18465808' lat='51.5610397' lon='9.9662985' />
  <node id='2502054032' timestamp='2023-07-25T21:10:16Z' uid='1468043' user='jengelh' visible='true' version='3' changeset='139008565' lat='51.5611275' lon='9.9663278' />
  <node id='2502054034' timestamp='2013-10-21T09:54:08Z' uid='16256' user='patzi' visible='true' version='2' changeset='18465808' lat='51.5612428' lon='9.9664224' />
  <node id='2502054036' timestamp='2016-04-01T14:29:18Z' uid='16256' user='patzi' visible='true' version='2' changeset='38227435' lat='51.5613787' lon='9.9681798' />
  <node id='2502054038' timestamp='2016-04-01T14:29:18Z' uid='16256' user='patzi' visible='true' version='2' changeset='38227435' lat='51.5613788' lon='9.9691322' />
  <node id='2502054039' timestamp='2013-10-19T20:57:49Z' uid='1468043' user='jengelh' visible='true' version='1' changeset='18441192' lat='51.5614004' lon='9.9666804' />
  <node id='2502054041' timestamp='2016-04-01T14:29:18Z' uid='16256' user='patzi' visible='true' version='2' changeset='38227435' lat='51.561415' lon='9.9691909' />
  <node id='2502054043' timestamp='2013-10-19T20:57:49Z' uid='1468043' user='jengelh' visible='true' version='1' changeset='18441192' lat='51.5614893' lon='9.9668528' />
  <node id='2502054045' timestamp='2016-04-01T14:29:18Z' uid='16256' user='patzi' visible='true' version='2' changeset='38227435' lat='51.5615913' lon='9.9685242' />
  <node id='2502054047' timestamp='2016-04-01T14:29:18Z' uid='16256' user='patzi' visible='true' version='2' changeset='38227435' lat='51.5616306' lon='9.9695402' />
  <node id='2502054049' timestamp='2016-04-01T14:29:18Z' uid='16256' user='patzi' visible='true' version='2' changeset='38227435' lat='51.5616327' lon='9.9688432' />
  <node id='2502054050' timestamp='2015-12-10T12:26:42Z' uid='1468043' user='jengelh' visible='true' version='2' changeset='35864447' lat='51.561681' lon='9.9670999' />
  <node id='2502054052' timestamp='2015-12-10T12:26:42Z' uid='1468043' user='jengelh' visible='true' version='2' changeset='35864447' lat='51.5617483' lon='9.9672158' />
  <node id='2502054054' timestamp='2016-04-01T14:29:18Z' uid='16256' user='patzi' visible='true' version='2' changeset='38227435' lat='51.5617597' lon='9.9698727' />
  <node id='2502054056' timestamp='2016-04-01T14:29:18Z' uid='16256' user='patzi' visible='true' version='2' changeset='38227435' lat='51.5618096' lon='9.9692543' />
  <node id='2502054058' timestamp='2016-04-01T14:29:18Z' uid='16256' user='patzi' visible='true' version='2' changeset='38227435' lat='51.5618483' lon='9.9691925' />
  <node id='2502054069' timestamp='2013-10-19T20:57:49Z' uid='1468043' user='jengelh' visible='true' version='1' changeset='18441192' lat='51.561919' lon='9.9686684' />
  <node id='2502054071' timestamp='2013-10-19T20:57:49Z' uid='1468043' user='jengelh' visible='true' version='1' changeset='18441192' lat='51.561932' lon='9.9686476' />
  <node id='2502054072' timestamp='2013-10-19T20:57:49Z' uid='1468043' user='jengelh' visible='true' version='1' changeset='18441192' lat='51.561963' lon='9.968801' />
  <node id='2502054074' timestamp='2016-04-01T14:29:18Z' uid='16256' user='patzi' visible='true' version='2' changeset='38227435' lat='51.5619656' lon='9.9702064' />
  <node id='2502054076' timestamp='2016-04-01T14:29:18Z' uid='16256' user='patzi' visible='true' version='2' changeset='38227435' lat='51.5619771' lon='9.9695256' />
  <node id='2502054078' timestamp='2013-10-19T20:57:49Z' uid='1468043' user='jengelh' visible='true' version='1' changeset='18441192' lat='51.5619821' lon='9.9687704' />
  <node id='2502054080' timestamp='2013-10-19T20:57:49Z' uid='1468043' user='jengelh' visible='true' version='1' changeset='18441192' lat='51.5619986' lon='9.9688587' />
  <node id='2502054081' timestamp='2013-10-19T20:57:49Z' uid='1468043' user='jengelh' visible='true' version='1' changeset='18441192' lat='51.5620305' lon='9.9688077' />
  <node id='2502054082' timestamp='2016-04-01T14:29:18Z' uid='16256' user='patzi' visible='true' version='2' changeset='38227435' lat='51.5620428' lon='9.9700832' />
  <node id='2502054083' timestamp='2016-04-01T14:29:19Z' uid='16256' user='patzi' visible='true' version='2' changeset='38227435' lat='51.5621119' lon='9.9694849' />
  <node id='2502054084' timestamp='2016-04-01T14:29:19Z' uid='16256' user='patzi' visible='true' version='2' changeset='38227435' lat='51.5621277' lon='9.9694597' />
  <node id='2502054086' timestamp='2016-04-01T14:29:19Z' uid='16256' user='patzi' visible='true' version='3' changeset='38227435' lat='51.562183' lon='9.9698592' />
  <node id='2502054087' timestamp='2023-07-25T21:10:16Z' uid='1468043' user='jengelh' visible='true' version='3' changeset='139008565' lat='51.5621923' lon='9.9682952' />
  <node id='2502054088' timestamp='2016-04-01T14:29:19Z' uid='16256' user='patzi' visible='true' version='2' changeset='38227435' lat='51.5622412' lon='9.9696436' />
  <node id='2502054089' timestamp='2016-04-01T14:29:19Z' uid='16256' user='patzi' visible='true' version='2' changeset='38227435' lat='51.5622437' lon='9.9704088' />
  <node id='2502054090' timestamp='2016-04-01T14:29:19Z' uid='16256' user='patzi' visible='true' version='2' changeset='38227435' lat='51.5622558' lon='9.969743' />
  <node id='2502054091' timestamp='2016-04-01T14:29:19Z' uid='16256' user='patzi' visible='true' version='2' changeset='38227435' lat='51.5622638' lon='9.9696076' />
  <node id='2502054092' timestamp='2024-02-24T14:34:01Z' uid='1468043' user='jengelh' visible='true' version='3' changeset='147857774' lat='51.5622665' lon='9.9713155' />
  <node id='2502054101' timestamp='2016-04-01T14:29:19Z' uid='16256' user='patzi' visible='true' version='2' changeset='38227435' lat='51.5622874' lon='9.9703391' />
  <node id='2502054103' timestamp='2024-04-24T19:30:13Z' uid='1468043' user='jengelh' visible='true' version='3' changeset='150464211' lat='51.5623367' lon='9.9707062' />
  <node id='2502054105' timestamp='2023-07-25T21:10:16Z' uid='1468043' user='jengelh' visible='true' version='3' changeset='139008565' lat='51.5623485' lon='9.9685371' />
  <node id='2502054108' timestamp='2024-04-24T19:30:13Z' uid='1468043' user='jengelh' visible='true' version='3' changeset='150464211' lat='51.562426' lon='9.9705638' />
  <node id='2502054110' timestamp='2013-10-21T09:54:08Z' uid='16256' user='patzi' visible='true' version='2' changeset='18465808' lat='51.5624315' lon='9.9691515' />
  <node id='2502054112' timestamp='2016-04-01T14:29:19Z' uid='16256' user='patzi' visible='true' version='2' changeset='38227435' lat='51.5624568' lon='9.9700686' />
  <node id='2502054116' timestamp='2013-10-19T20:57:50Z' uid='1468043' user='jengelh' visible='true' version='1' changeset='18441192' lat='51.5624629' lon='9.969232' />
  <node id='2502054117' timestamp='2013-10-19T20:57:50Z' uid='1468043' user='jengelh' visible='true' version='1' changeset='18441192' lat='51.5624718' lon='9.969218' />
  <node id='2502054118' timestamp='2013-10-19T20:57:50Z' uid='1468043' user='jengelh' visible='true' version='1' changeset='18441192' lat='51.5624962' lon='9.9693132' />
  <node id='2502054119' timestamp='2013-10-19T20:57:50Z' uid='1468043' user='jengelh' visible='true' version='1' changeset='18441192' lat='51.5625044' lon='9.9693004' />
  <node id='2502054120' timestamp='2013-10-19T20:57:50Z' uid='1468043' user='jengelh' visible='true' version='1' changeset='18441192' lat='51.5625306' lon='9.9693946' />
  <node id='2502054121' timestamp='2013-10-19T20:57:50Z' uid='1468043' user='jengelh' visible='true' version='1' changeset='18441192' lat='51.5625383' lon='9.9693826' />
  <node id='2502054122' timestamp='2016-04-01T14:29:19Z' uid='16256' user='patzi' visible='true' version='2' changeset='38227435' lat='51.5625416' lon='9.9710382' />
  <node id='2502054128' timestamp='2024-04-24T19:30:13Z' uid='1468043' user='jengelh' visible='true' version='3' changeset='150464211' lat='51.5625548' lon='9.9703581' />
  <node id='2502054130' timestamp='2013-10-19T20:57:50Z' uid='1468043' user='jengelh' visible='true' version='1' changeset='18441192' lat='51.5625623' lon='9.969476' />
  <node id='2502054132' timestamp='2016-04-01T14:29:19Z' uid='16256' user='patzi' visible='true' version='2' changeset='38227435' lat='51.5625633' lon='9.9702357' />
  <node id='2502054133' timestamp='2013-10-19T20:57:50Z' uid='1468043' user='jengelh' visible='true' version='1' changeset='18441192' lat='51.5625713' lon='9.9694618' />
  <node id='2502054134' timestamp='2024-04-24T19:30:13Z' uid='1468043' user='jengelh' visible='true' version='3' changeset='150464211' lat='51.5625937' lon='9.9710926' />
  <node id='2502054135' timestamp='2013-10-19T20:57:50Z' uid='1468043' user='jengelh' visible='true' version='1' changeset='18441192' lat='51.5625974' lon='9.9695594' />
  <node id='2502054136' timestamp='2013-10-19T20:57:50Z' uid='1468043' user='jengelh' visible='true' version='1' changeset='18441192' lat='51.5626053' lon='9.969547' />
  <node id='2502054137' timestamp='2016-04-01T14:29:19Z' uid='16256' user='patzi' visible='true' version='2' changeset='38227435' lat='51.5626077' lon='9.9701648' />
  <node id='2502054138' timestamp='2013-10-19T20:57:50Z' uid='1468043' user='jengelh' visible='true' version='1' changeset='18441192' lat='51.5626272' lon='9.9696449' />
  <node id='2502054139' timestamp='2016-04-01T14:29:19Z' uid='16256' user='patzi' visible='true' version='2' changeset='38227435' lat='51.5626319' lon='9.970894' />
  <node id='2502054140' timestamp='2013-10-19T20:57:51Z' uid='1468043' user='jengelh' visible='true' version='1' changeset='18441192' lat='51.5626385' lon='9.9696272' />
  <node id='2502054141' timestamp='2016-04-01T14:50:46Z' uid='16256' user='patzi' visible='true' version='2' changeset='38227977' lat='51.5626715' lon='9.9715328' />
  <node id='2502054143' timestamp='2024-04-24T19:30:13Z' uid='1468043' user='jengelh' visible='true' version='3' changeset='150464211' lat='51.5626343' lon='9.9711582' />
  <node id='2502054144' timestamp='2016-04-01T14:29:19Z' uid='16256' user='patzi' visible='true' version='2' changeset='38227435' lat='51.5626657' lon='9.9709488' />
  <node id='2502054146' timestamp='2016-04-01T14:29:19Z' uid='16256' user='patzi' visible='true' version='2' changeset='38227435' lat='51.5626799' lon='9.970955' />
  <node id='2502054147' timestamp='2016-04-01T14:29:19Z' uid='16256' user='patzi' visible='true' version='2' changeset='38227435' lat='51.5627204' lon='9.9710207' />
  <node id='2502054148' timestamp='2016-04-01T14:29:19Z' uid='16256' user='patzi' visible='true' version='2' changeset='38227435' lat='51.5627244' lon='9.970855' />
  <node id='2502054149' timestamp='2016-04-01T14:29:19Z' uid='16256' user='patzi' visible='true' version='2' changeset='38227435' lat='51.5627597' lon='9.97069' />
  <node id='2502054151' timestamp='2013-10-21T09:54:08Z' uid='16256' user='patzi' visible='true' version='2' changeset='18465808' lat='51.5628169' lon='9.9704001' />
  <node id='2502054152' timestamp='2016-04-01T14:29:19Z' uid='16256' user='patzi' visible='true' version='2' changeset='38227435' lat='51.5628357' lon='9.9706772' />
  <node id='2502054153' timestamp='2024-04-24T19:30:13Z' uid='1468043' user='jengelh' visible='true' version='3' changeset='150464211' lat='51.5628503' lon='9.970654' />
  <node id='2502054156' timestamp='2023-07-25T21:10:16Z' uid='1468043' user='jengelh' visible='true' version='3' changeset='139008565' lat='51.5628555' lon='9.9694451' />
  <node id='2502054161' timestamp='2016-04-01T14:29:19Z' uid='16256' user='patzi' visible='true' version='2' changeset='38227435' lat='51.5629154' lon='9.9711645' />
  <node id='2502054163' timestamp='2023-07-25T21:10:16Z' uid='1468043' user='jengelh' visible='true' version='2' changeset='139008565' lat='51.5630468' lon='9.9696284' />
  <node id='2502054165' timestamp='2023-07-25T21:10:16Z' uid='1468043' user='jengelh' visible='true' version='2' changeset='139008565' lat='51.5631539' lon='9.9698743' />
  <node id='2502054167' timestamp='2023-07-25T21:10:16Z' uid='1468043' user='jengelh' visible='true' version='2' changeset='139008565' lat='51.5632122' lon='9.9699604' />
  <node id='2502054169' timestamp='2023-07-25T21:10:16Z' uid='1468043' user='jengelh' visible='true' version='2' changeset='139008565' lat='51.5632929' lon='9.9701666' />
  <node id='2502054171' timestamp='2023-07-25T21:10:16Z' uid='1468043' user='jengelh' visible='true' version='2' changeset='139008565' lat='51.5633602' lon='9.9702766' />
  <node id='2502054173' timestamp='2023-07-25T21:10:16Z' uid='1468043' user='jengelh' visible='true' version='2' changeset='139008565' lat='51.5634584' lon='9.9703963' />
  <node id='2502054174' timestamp='2023-07-25T21:10:16Z' uid='1468043' user='jengelh' visible='true' version='2' changeset='139008565' lat='51.5635036' lon='9.9704595' />
  <node id='2502054176' timestamp='2023-07-25T21:10:16Z' uid='1468043' user='jengelh' visible='true' version='2' changeset='139008565' lat='51.5636375' lon='9.9707427' />
  <node id='2502054178' timestamp='2013-10-19T20:57:51Z' uid='1468043' user='jengelh' visible='true' version='1' changeset='18441192' lat='51.5636844' lon='9.9708328' />
  <node id='2502054180' timestamp='2023-07-25T21:10:16Z' uid='1468043' user='jengelh' visible='true' version='2' changeset='139008565' lat='51.563786' lon='9.9710134' />
  <node id='2502054186' timestamp='2023-07-25T21:10:16Z' uid='1468043' user='jengelh' visible='true' version='2' changeset='139008565' lat='51.5638445' lon='9.9710725' />
  <node id='2502054187' timestamp='2015-12-10T12:26:42Z' uid='1468043' user='jengelh' visible='true' version='2' changeset='35864447' lat='51.5639171' lon='9.9711261' />
  <node id='2503657466' timestamp='2024-04-24T19:30:13Z' uid='1468043' user='jengelh' visible='true' version='2' changeset='150464211' lat='51.560578' lon='9.9665661' />
  <node id='2503657493' timestamp='2022-10-03T16:58:15Z' uid='1468043' user='jengelh' visible='true' version='2' changeset='126949438' lat='51.5608653' lon='9.9658862' />
  <node id='2503657494' timestamp='2022-10-03T16:58:15Z' uid='1468043' user='jengelh' visible='true' version='2' changeset='126949438' lat='51.5608684' lon='9.9660006' />
  <node id='2503657497' timestamp='2024-04-24T19:30:13Z' uid='1468043' user='jengelh' visible='true' version='3' changeset='150464211' lat='51.5608871' lon='9.9661947' />
  <node id='2503657498' timestamp='2022-10-03T16:58:15Z' uid='1468043' user='jengelh' visible='true' version='2' changeset='126949438' lat='51.5609142' lon='9.9658227' />
  <node id='2503657499' timestamp='2022-10-03T16:58:15Z' uid='1468043' user='jengelh' visible='true' version='2' changeset='126949438' lat='51.5609091' lon='9.9659865' />
  <node id='2503657500' timestamp='2013-10-21T09:53:52Z' uid='16256' user='patzi' visible='true' version='1' changeset='18465808' lat='51.5610821' lon='9.9684561' />
  <node id='2503657501' timestamp='2023-07-25T21:10:16Z' uid='1468043' user='jengelh' visible='true' version='2' changeset='139008565' lat='51.5611864' lon='9.966366' />
  <node id='2503657502' timestamp='2017-06-25T00:06:25Z' uid='1468043' user='jengelh' visible='true' version='2' changeset='49804147' lat='51.5618798' lon='9.9735501' />
  <node id='2503657503' timestamp='2017-06-25T00:06:25Z' uid='1468043' user='jengelh' visible='true' version='2' changeset='49804147' lat='51.5620219' lon='9.9741705' />
  <node id='2503657505' timestamp='2020-10-04T22:29:01Z' uid='1468043' user='jengelh' visible='true' version='2' changeset='91947868' lat='51.5622673' lon='9.9682778' />
  <node id='2503657511' timestamp='2020-10-04T22:29:01Z' uid='1468043' user='jengelh' visible='true' version='2' changeset='91947868' lat='51.562403' lon='9.9684449' />
  <node id='2503657512' timestamp='2013-10-21T09:53:52Z' uid='16256' user='patzi' visible='true' version='1' changeset='18465808' lat='51.5624866' lon='9.9685376' />
  <node id='2503657514' timestamp='2013-10-21T09:53:52Z' uid='16256' user='patzi' visible='true' version='1' changeset='18465808' lat='51.5626754' lon='9.9701815' />
  <node id='2503657517' timestamp='2013-10-21T09:53:52Z' uid='16256' user='patzi' visible='true' version='1' changeset='18465808' lat='51.5630063' lon='9.9717745' />
  <node id='2503657518' timestamp='2019-11-25T17:21:50Z' uid='1468043' user='jengelh' visible='true' version='2' changeset='77536485' lat='51.5630758' lon='9.9717079' />
  <node id='2503657519' timestamp='2013-10-21T09:53:52Z' uid='16256' user='patzi' visible='true' version='1' changeset='18465808' lat='51.563246' lon='9.9719418' />
  <node id='2503657520' timestamp='2015-12-10T12:26:42Z' uid='1468043' user='jengelh' visible='true' version='2' changeset='35864447' lat='51.5634425' lon='9.9720324' />
  <node id='2503657528' timestamp='2013-10-21T09:53:52Z' uid='16256' user='patzi' visible='true' version='1' changeset='18465808' lat='51.5646339' lon='9.9719463' />
  <node id='2503657531' timestamp='2013-10-21T09:53:52Z' uid='16256' user='patzi' visible='true' version='1' changeset='18465808' lat='51.5650485' lon='9.9719418' />
  <node id='2503657533' timestamp='2013-10-21T09:53:53Z' uid='16256' user='patzi' visible='true' version='1' changeset='18465808' lat='51.5653581' lon='9.9721649' />
  <node id='2519259985' timestamp='2015-06-18T14:50:41Z' uid='1468043' user='jengelh' visible='true' version='2' changeset='32052974' lat='51.5664657' lon='9.9710418' />
  <node id='2519259986' timestamp='2015-06-18T14:50:41Z' uid='1468043' user='jengelh' visible='true' version='2' changeset='32052974' lat='51.5666025' lon='9.9710956' />
  <node id='2519259987' timestamp='2013-11-03T22:44:25Z' uid='1767617' user='GeoDoc' visible='true' version='1' changeset='18703984' lat='51.5659032' lon='9.9707626' />
  <node id='2519259988' timestamp='2013-11-03T22:44:25Z' uid='1767617' user='GeoDoc' visible='true' version='1' changeset='18703984' lat='51.5655197' lon='9.9704568' />
  <node id='2519259989' timestamp='2015-06-18T14:37:50Z' uid='1468043' user='jengelh' visible='true' version='2' changeset='32052625' lat='51.5627964' lon='9.9650894' />
  <node id='2519259990' timestamp='2015-06-18T14:37:50Z' uid='1468043' user='jengelh' visible='true' version='2' changeset='32052625' lat='51.5627265' lon='9.964821' />
  <node id='2597825707' timestamp='2021-04-06T18:15:20Z' uid='1468043' user='jengelh' visible='true' version='2' changeset='102425770' lat='51.5602034' lon='9.9680975' />
  <node id='2597825710' timestamp='2021-04-06T18:15:20Z' uid='1468043' user='jengelh' visible='true' version='2' changeset='102425770' lat='51.56035' lon='9.9670866' />
  <node id='2597825712' timestamp='2015-02-08T16:21:28Z' uid='1468043' user='jengelh' visible='true' version='2' changeset='28705650' lat='51.5604303' lon='9.9662565' />
  <node id='2597825714' timestamp='2015-12-13T17:50:01Z' uid='1468043' user='jengelh' visible='true' version='3' changeset='35930366' lat='51.5605371' lon='9.9658103' />
  <node id='2597825715' timestamp='2013-12-28T03:26:58Z' uid='1468043' user='jengelh' visible='true' version='1' changeset='19673097' lat='51.5606416' lon='9.9688937' />
  <node id='2597825716' timestamp='2015-02-08T16:21:28Z' uid='1468043' user='jengelh' visible='true' version='2' changeset='28705650' lat='51.5605894' lon='9.9649441' />
  <node id='2597825717' timestamp='2015-02-08T16:21:28Z' uid='1468043' user='jengelh' visible='true' version='2' changeset='28705650' lat='51.5606126' lon='9.963434' />
  <node id='2597825718' timestamp='2015-02-08T16:21:28Z' uid='1468043' user='jengelh' visible='true' version='2' changeset='28705650' lat='51.560628' lon='9.9639298' />
  <node id='2597825721' timestamp='2013-12-28T03:26:58Z' uid='1468043' user='jengelh' visible='true' version='1' changeset='19673097' lat='51.5610684' lon='9.963345' />
  <node id='2597825722' timestamp='2024-02-24T14:34:01Z' uid='1468043' user='jengelh' visible='true' version='2' changeset='147857774' lat='51.5611228' lon='9.9705863' />
  <node id='2597825723' timestamp='2013-12-28T03:26:58Z' uid='1468043' user='jengelh' visible='true' version='1' changeset='19673097' lat='51.5633621' lon='9.9725204' />
  <node id='2597825726' timestamp='2013-12-28T03:26:58Z' uid='1468043' user='jengelh' visible='true' version='1' changeset='19673097' lat='51.5642663' lon='9.9715028' />
  <node id='2967553697' timestamp='2014-07-17T13:30:04Z' uid='1767617' user='GeoDoc' visible='true' version='1' changeset='24201475' lat='51.5623992' lon='9.9616907' />
  <node id='2967553698' timestamp='2014-07-17T13:30:04Z' uid='1767617' user='GeoDoc' visible='true' version='1' changeset='24201475' lat='51.5627131' lon='9.9630455' />
  <node id='2967553699' timestamp='2014-07-17T13:30:04Z' uid='1767617' user='GeoDoc' visible='true' version='1' changeset='24201475' lat='51.5626908' lon='9.9644133' />
  <node id='2967553700' timestamp='2018-03-17T19:16:24Z' uid='1468043' user='jengelh' visible='true' version='2' changeset='57274078' lat='51.5620139' lon='9.9623524' />
  <node id='2967553702' timestamp='2014-07-17T13:30:05Z' uid='1767617' user='GeoDoc' visible='true' version='1' changeset='24201475' lat='51.562047' lon='9.9618926' />
  <node id='2967553703' timestamp='2014-07-17T13:30:05Z' uid='1767617' user='GeoDoc' visible='true' version='1' changeset='24201475' lat='51.562213' lon='9.9631334' />
  <node id='2967553705' timestamp='2014-07-17T13:30:05Z' uid='1767617' user='GeoDoc' visible='true' version='1' changeset='24201475' lat='51.5624158' lon='9.9616057' />
  <node id='2967553706' timestamp='2014-07-17T13:30:05Z' uid='1767617' user='GeoDoc' visible='true' version='1' changeset='24201475' lat='51.5625278' lon='9.9615003' />
  <node id='2967553707' timestamp='2014-07-17T13:30:05Z' uid='1767617' user='GeoDoc' visible='true' version='1' changeset='24201475' lat='51.5626692' lon='9.9613046' />
  <node id='2967553708' timestamp='2014-07-17T13:30:05Z' uid='1767617' user='GeoDoc' visible='true' version='1' changeset='24201475' lat='51.5627589' lon='9.9611227' />
  <node id='2967553709' timestamp='2014-10-27T10:17:21Z' uid='16256' user='patzi' visible='true' version='3' changeset='26359878' lat='51.5628312' lon='9.960918' />
  <node id='2967554518' timestamp='2014-07-17T13:33:04Z' uid='1767617' user='GeoDoc' visible='true' version='1' changeset='24201543' lat='51.5626347' lon='9.9644532' />
  <node id='2967554526' timestamp='2014-07-17T13:33:04Z' uid='1767617' user='GeoDoc' visible='true' version='1' changeset='24201543' lat='51.5625713' lon='9.9642537' />
  <node id='2967554528' timestamp='2014-07-17T13:33:04Z' uid='1767617' user='GeoDoc' visible='true' version='1' changeset='24201543' lat='51.5625855' lon='9.9644882' />
  <node id='2967554530' timestamp='2014-07-17T13:33:04Z' uid='1767617' user='GeoDoc' visible='true' version='1' changeset='24201543' lat='51.5626059' lon='9.9644737' />
  <node id='2967554532' timestamp='2014-07-17T13:33:04Z' uid='1767617' user='GeoDoc' visible='true' version='1' changeset='24201543' lat='51.5626223' lon='9.964462' />
  <node id='3048097306' timestamp='2014-08-28T20:16:45Z' uid='253212' user='jwu-chris' visible='true' version='1' changeset='25082664' lat='51.5618351' lon='9.9730705' />
  <node id='3048097307' timestamp='2014-08-28T20:16:45Z' uid='253212' user='jwu-chris' visible='true' version='1' changeset='25082664' lat='51.5617874' lon='9.972768' />
  <node id='3048097308' timestamp='2014-08-28T20:16:45Z' uid='253212' user='jwu-chris' visible='true' version='1' changeset='25082664' lat='51.561677' lon='9.9723071' />
  <node id='3048097309' timestamp='2014-08-28T20:16:45Z' uid='253212' user='jwu-chris' visible='true' version='1' changeset='25082664' lat='51.5615635' lon='9.9720526' />
  <node id='3048097310' timestamp='2014-08-28T20:16:45Z' uid='253212' user='jwu-chris' visible='true' version='1' changeset='25082664' lat='51.5614979' lon='9.9719758' />
  <node id='3048097311' timestamp='2014-08-28T20:16:45Z' uid='253212' user='jwu-chris' visible='true' version='1' changeset='25082664' lat='51.5614859' lon='9.9718077' />
  <node id='3048097312' timestamp='2014-08-28T20:16:45Z' uid='253212' user='jwu-chris' visible='true' version='1' changeset='25082664' lat='51.5614591' lon='9.9717213' />
  <node id='3048097313' timestamp='2014-08-28T20:16:45Z' uid='253212' user='jwu-chris' visible='true' version='1' changeset='25082664' lat='51.5614382' lon='9.9714621' />
  <node id='3048097314' timestamp='2014-08-28T20:16:45Z' uid='253212' user='jwu-chris' visible='true' version='1' changeset='25082664' lat='51.5613785' lon='9.9711836' />
  <node id='3048097315' timestamp='2014-08-28T20:16:46Z' uid='253212' user='jwu-chris' visible='true' version='1' changeset='25082664' lat='51.561321' lon='9.9709233' />
  <node id='3048097316' timestamp='2014-08-28T20:16:46Z' uid='253212' user='jwu-chris' visible='true' version='1' changeset='25082664' lat='51.5612968' lon='9.9708154' />
  <node id='3048097321' timestamp='2018-09-30T10:21:10Z' uid='1468043' user='jengelh' visible='true' version='2' changeset='63059230' lat='51.561211' lon='9.970784' />
  <node id='3115092631' timestamp='2016-04-10T12:46:53Z' uid='1468043' user='jengelh' visible='true' version='2' changeset='38449795' lat='51.5672499' lon='9.9736229' />
  <node id='3151734768' timestamp='2014-10-27T10:17:21Z' uid='16256' user='patzi' visible='true' version='2' changeset='26359878' lat='51.5629463' lon='9.9602478' />
  <node id='3151734773' timestamp='2014-10-27T10:17:21Z' uid='16256' user='patzi' visible='true' version='2' changeset='26359878' lat='51.5631261' lon='9.9574438' />
  <node id='3293438099' timestamp='2015-02-08T16:21:28Z' uid='1468043' user='jengelh' visible='true' version='2' changeset='28705650' lat='51.5612898' lon='9.9694329' />
  <node id='3293438100' timestamp='2015-02-08T16:21:28Z' uid='1468043' user='jengelh' visible='true' version='2' changeset='28705650' lat='51.56136' lon='9.9693118' />
  <node id='3293438102' timestamp='2015-02-08T16:21:28Z' uid='1468043' user='jengelh' visible='true' version='2' changeset='28705650' lat='51.5613347' lon='9.9694928' />
  <node id='3293438103' timestamp='2024-07-08T12:59:23Z' uid='161619' user='FvGordon' visible='true' version='3' changeset='153703149' lat='51.5613033' lon='9.9695032' />
  <node id='3293438104' timestamp='2015-01-16T23:25:08Z' uid='1260731' user='t2425b' visible='true' version='1' changeset='28198264' lat='51.5611483' lon='9.9692092' />
  <node id='3293438106' timestamp='2015-02-08T16:21:28Z' uid='1468043' user='jengelh' visible='true' version='2' changeset='28705650' lat='51.561241' lon='9.9693832' />
  <node id='3293438107' timestamp='2015-02-08T16:21:28Z' uid='1468043' user='jengelh' visible='true' version='2' changeset='28705650' lat='51.5614006' lon='9.9693826' />
  <node id='3338062724' timestamp='2015-12-13T17:50:02Z' uid='1468043' user='jengelh' visible='true' version='2' changeset='35930366' lat='51.5605066' lon='9.9658822' />
  <node id='3338062725' timestamp='2015-12-13T17:50:02Z' uid='1468043' user='jengelh' visible='true' version='2' changeset='35930366' lat='51.5605194' lon='9.9658029' />
  <node id='3338062726' timestamp='2015-12-13T17:50:02Z' uid='1468043' user='jengelh' visible='true' version='2' changeset='35930366' lat='51.5605243' lon='9.9658896' />
  <node id='3338172487' timestamp='2023-08-20T13:26:39Z' uid='1468043' user='jengelh' visible='true' version='5' changeset='140132860' lat='51.5629233' lon='9.9711007'>
    <tag k='amenity' v='bench' />
    <tag k='backrest' v='no' />
    <tag k='material' v='wood' />
    <tag k='survey:date' v='2023-07-10' />
  </node>
  <node id='3338172593' timestamp='2015-02-08T16:21:22Z' uid='1468043' user='jengelh' visible='true' version='1' changeset='28705650' lat='51.5605203' lon='9.9655827' />
  <node id='3338172597' timestamp='2015-02-08T16:21:22Z' uid='1468043' user='jengelh' visible='true' version='1' changeset='28705650' lat='51.560619' lon='9.964489' />
  <node id='3338172598' timestamp='2024-04-24T19:30:13Z' uid='1468043' user='jengelh' visible='true' version='2' changeset='150464211' lat='51.5606332' lon='9.9667303' />
  <node id='3338172599' timestamp='2021-04-06T18:15:20Z' uid='1468043' user='jengelh' visible='true' version='2' changeset='102425770' lat='51.5607726' lon='9.9684844' />
  <node id='3338172600' timestamp='2021-04-06T18:15:20Z' uid='1468043' user='jengelh' visible='true' version='2' changeset='102425770' lat='51.5607896' lon='9.9685114' />
  <node id='3338172603' timestamp='2024-04-24T19:30:13Z' uid='1468043' user='jengelh' visible='true' version='2' changeset='150464211' lat='51.5608417' lon='9.9670689' />
  <node id='3338172605' timestamp='2021-04-06T18:15:20Z' uid='1468043' user='jengelh' visible='true' version='2' changeset='102425770' lat='51.5608856' lon='9.9683551' />
  <node id='3338172606' timestamp='2017-06-25T00:19:32Z' uid='1468043' user='jengelh' visible='true' version='2' changeset='49804228' lat='51.5611528' lon='9.9710939' />
  <node id='3338172609' timestamp='2015-02-08T16:21:22Z' uid='1468043' user='jengelh' visible='true' version='1' changeset='28705650' lat='51.5611747' lon='9.9717028' />
  <node id='3338172610' timestamp='2024-02-08T14:28:12Z' uid='1468043' user='jengelh' visible='true' version='2' changeset='147220321' lat='51.5611557' lon='9.9691873' />
  <node id='3338172611' timestamp='2024-02-08T14:28:12Z' uid='1468043' user='jengelh' visible='true' version='2' changeset='147220321' lat='51.5611877' lon='9.9691372' />
  <node id='3338172612' timestamp='2015-02-08T16:21:22Z' uid='1468043' user='jengelh' visible='true' version='1' changeset='28705650' lat='51.5612376' lon='9.9693645' />
  <node id='3338172613' timestamp='2015-02-08T16:21:22Z' uid='1468043' user='jengelh' visible='true' version='1' changeset='28705650' lat='51.5612485' lon='9.9693698' />
  <node id='3338172614' timestamp='2015-02-08T16:21:22Z' uid='1468043' user='jengelh' visible='true' version='1' changeset='28705650' lat='51.561262' lon='9.9694285' />
  <node id='3338172616' timestamp='2024-02-08T14:28:12Z' uid='1468043' user='jengelh' visible='true' version='2' changeset='147220321' lat='51.5612899' lon='9.9694089' />
  <node id='3338172617' timestamp='2024-02-08T14:28:12Z' uid='1468043' user='jengelh' visible='true' version='2' changeset='147220321' lat='51.5613025' lon='9.9694297' />
  <node id='3338172618' timestamp='2024-02-08T14:28:12Z' uid='1468043' user='jengelh' visible='true' version='2' changeset='147220321' lat='51.5613219' lon='9.9693587' />
  <node id='3338172620' timestamp='2024-02-08T14:28:12Z' uid='1468043' user='jengelh' visible='true' version='2' changeset='147220321' lat='51.5613323' lon='9.9694789' />
  <node id='3338172621' timestamp='2024-02-08T14:28:12Z' uid='1468043' user='jengelh' visible='true' version='2' changeset='147220321' lat='51.5613345' lon='9.9693795' />
  <node id='3338172622' timestamp='2024-02-08T14:28:12Z' uid='1468043' user='jengelh' visible='true' version='2' changeset='147220321' lat='51.5613643' lon='9.9694287' />
  <node id='3338172623' timestamp='2024-02-24T14:34:01Z' uid='1468043' user='jengelh' visible='true' version='2' changeset='147857774' lat='51.5619221' lon='9.9707761' />
  <node id='3338172624' timestamp='2024-02-24T14:34:01Z' uid='1468043' user='jengelh' visible='true' version='2' changeset='147857774' lat='51.5620394' lon='9.9705894' />
  <node id='3338172625' timestamp='2024-04-24T19:30:13Z' uid='1468043' user='jengelh' visible='true' version='2' changeset='150464211' lat='51.5632446' lon='9.9718949' />
  <node id='3338172626' timestamp='2024-04-24T19:30:13Z' uid='1468043' user='jengelh' visible='true' version='2' changeset='150464211' lat='51.5632602' lon='9.971824' />
  <node id='3338172627' timestamp='2024-04-24T19:30:13Z' uid='1468043' user='jengelh' visible='true' version='2' changeset='150464211' lat='51.563374' lon='9.9719681' />
  <node id='3338172628' timestamp='2024-04-24T19:30:13Z' uid='1468043' user='jengelh' visible='true' version='2' changeset='150464211' lat='51.5633795' lon='9.9713326' />
  <node id='3338172629' timestamp='2024-04-24T19:30:13Z' uid='1468043' user='jengelh' visible='true' version='2' changeset='150464211' lat='51.5633895' lon='9.9718971' />
  <node id='3338172630' timestamp='2015-02-08T16:21:23Z' uid='1468043' user='jengelh' visible='true' version='1' changeset='28705650' lat='51.5633995' lon='9.9719755' />
  <node id='3338172631' timestamp='2024-04-24T19:30:13Z' uid='1468043' user='jengelh' visible='true' version='2' changeset='150464211' lat='51.5634139' lon='9.9712788' />
  <node id='3338172632' timestamp='2015-02-08T16:21:23Z' uid='1468043' user='jengelh' visible='true' version='1' changeset='28705650' lat='51.56343' lon='9.9719078' />
  <node id='3338172633' timestamp='2015-02-08T16:21:23Z' uid='1468043' user='jengelh' visible='true' version='1' changeset='28705650' lat='51.5634478' lon='9.971987' />
  <node id='3338172634' timestamp='2024-04-24T19:30:13Z' uid='1468043' user='jengelh' visible='true' version='2' changeset='150464211' lat='51.5634727' lon='9.9719084' />
  <node id='3338172635' timestamp='2024-04-24T19:30:13Z' uid='1468043' user='jengelh' visible='true' version='2' changeset='150464211' lat='51.5634977' lon='9.9719822' />
  <node id='3338172636' timestamp='2024-04-24T19:30:13Z' uid='1468043' user='jengelh' visible='true' version='2' changeset='150464211' lat='51.5634935' lon='9.9719054' />
  <node id='3338172637' timestamp='2024-04-24T19:30:13Z' uid='1468043' user='jengelh' visible='true' version='2' changeset='150464211' lat='51.563513' lon='9.9715535' />
  <node id='3338172638' timestamp='2015-02-08T16:21:23Z' uid='1468043' user='jengelh' visible='true' version='1' changeset='28705650' lat='51.5635252' lon='9.9719703' />
  <node id='3338172639' timestamp='2024-04-24T19:30:13Z' uid='1468043' user='jengelh' visible='true' version='2' changeset='150464211' lat='51.5635271' lon='9.9718884' />
  <node id='3338172640' timestamp='2024-04-24T19:30:13Z' uid='1468043' user='jengelh' visible='true' version='2' changeset='150464211' lat='51.5635418' lon='9.9716124' />
  <node id='3338172641' timestamp='2024-04-24T19:30:13Z' uid='1468043' user='jengelh' visible='true' version='2' changeset='150464211' lat='51.5635448' lon='9.9718678' />
  <node id='3338172642' timestamp='2024-04-24T19:30:13Z' uid='1468043' user='jengelh' visible='true' version='2' changeset='150464211' lat='51.5635502' lon='9.9719546' />
  <node id='3338172643' timestamp='2024-04-24T19:30:13Z' uid='1468043' user='jengelh' visible='true' version='2' changeset='150464211' lat='51.5635573' lon='9.9718426' />
  <node id='3338172644' timestamp='2024-04-24T19:30:13Z' uid='1468043' user='jengelh' visible='true' version='2' changeset='150464211' lat='51.5635474' lon='9.9714996' />
  <node id='3338172646' timestamp='2024-04-24T19:30:13Z' uid='1468043' user='jengelh' visible='true' version='2' changeset='150464211' lat='51.5635726' lon='9.9717204' />
  <node id='3338172647' timestamp='2015-02-08T16:21:23Z' uid='1468043' user='jengelh' visible='true' version='1' changeset='28705650' lat='51.5635715' lon='9.9717852' />
  <node id='3338172648' timestamp='2024-04-24T19:30:13Z' uid='1468043' user='jengelh' visible='true' version='2' changeset='150464211' lat='51.5635742' lon='9.9717531' />
  <node id='3338172649' timestamp='2024-04-24T19:30:13Z' uid='1468043' user='jengelh' visible='true' version='2' changeset='150464211' lat='51.5635736' lon='9.9719233' />
  <node id='3338172650' timestamp='2024-04-24T19:30:13Z' uid='1468043' user='jengelh' visible='true' version='2' changeset='150464211' lat='51.5635805' lon='9.9715701' />
  <node id='3338172651' timestamp='2024-04-24T19:30:13Z' uid='1468043' user='jengelh' visible='true' version='2' changeset='150464211' lat='51.5635951' lon='9.9718842' />
  <node id='3338172652' timestamp='2024-04-24T19:30:13Z' uid='1468043' user='jengelh' visible='true' version='2' changeset='150464211' lat='51.5635965' lon='9.9716124' />
  <node id='3338172653' timestamp='2024-04-24T19:30:13Z' uid='1468043' user='jengelh' visible='true' version='2' changeset='150464211' lat='51.56361' lon='9.9718425' />
  <node id='3338172654' timestamp='2024-04-24T19:30:13Z' uid='1468043' user='jengelh' visible='true' version='2' changeset='150464211' lat='51.5636123' lon='9.9716625' />
  <node id='3338172655' timestamp='2024-04-24T19:30:13Z' uid='1468043' user='jengelh' visible='true' version='2' changeset='150464211' lat='51.5636177' lon='9.9718013' />
  <node id='3338172656' timestamp='2024-04-24T19:30:13Z' uid='1468043' user='jengelh' visible='true' version='2' changeset='150464211' lat='51.5636194' lon='9.9717123' />
  <node id='3338172657' timestamp='2024-04-24T19:30:13Z' uid='1468043' user='jengelh' visible='true' version='2' changeset='150464211' lat='51.5636204' lon='9.9717576' />
  <node id='3602775444' timestamp='2015-06-18T14:37:43Z' uid='1468043' user='jengelh' visible='true' version='1' changeset='32052625' lat='51.5626769' lon='9.9645503' />
  <node id='3602775447' timestamp='2015-06-18T14:37:44Z' uid='1468043' user='jengelh' visible='true' version='1' changeset='32052625' lat='51.5629052' lon='9.9654689' />
  <node id='3602775448' timestamp='2015-06-18T14:37:44Z' uid='1468043' user='jengelh' visible='true' version='1' changeset='32052625' lat='51.5629644' lon='9.9656581' />
  <node id='3602775449' timestamp='2015-06-18T14:37:44Z' uid='1468043' user='jengelh' visible='true' version='1' changeset='32052625' lat='51.5632421' lon='9.9663751' />
  <node id='3602831971' timestamp='2015-06-18T14:50:38Z' uid='1468043' user='jengelh' visible='true' version='1' changeset='32052974' lat='51.564087' lon='9.968618' />
  <node id='3602831972' timestamp='2015-06-18T14:50:38Z' uid='1468043' user='jengelh' visible='true' version='1' changeset='32052974' lat='51.5643893' lon='9.9692139' />
  <node id='3602831973' timestamp='2015-06-18T14:50:38Z' uid='1468043' user='jengelh' visible='true' version='1' changeset='32052974' lat='51.5646583' lon='9.9695919' />
  <node id='3602831974' timestamp='2015-06-18T14:50:38Z' uid='1468043' user='jengelh' visible='true' version='1' changeset='32052974' lat='51.5651427' lon='9.9701285' />
  <node id='3602831975' timestamp='2015-06-18T14:50:38Z' uid='1468043' user='jengelh' visible='true' version='1' changeset='32052974' lat='51.5660924' lon='9.970876' />
  <node id='3885936695' timestamp='2015-12-10T12:04:42Z' uid='1468043' user='jengelh' visible='true' version='1' changeset='35864071' lat='51.560947' lon='9.9675362' />
  <node id='3885936696' timestamp='2015-12-10T12:04:42Z' uid='1468043' user='jengelh' visible='true' version='1' changeset='35864071' lat='51.5609602' lon='9.967678' />
  <node id='3885936697' timestamp='2015-12-10T12:04:42Z' uid='1468043' user='jengelh' visible='true' version='1' changeset='35864071' lat='51.5609844' lon='9.9674775' />
  <node id='3885936698' timestamp='2015-12-10T12:04:42Z' uid='1468043' user='jengelh' visible='true' version='1' changeset='35864071' lat='51.5610077' lon='9.9676659' />
  <node id='3885936699' timestamp='2015-12-10T12:04:42Z' uid='1468043' user='jengelh' visible='true' version='1' changeset='35864071' lat='51.5610108' lon='9.967521' />
  <node id='3885936700' timestamp='2015-12-10T12:04:42Z' uid='1468043' user='jengelh' visible='true' version='1' changeset='35864071' lat='51.5610111' lon='9.9681945' />
  <node id='3885936701' timestamp='2015-12-10T12:04:42Z' uid='1468043' user='jengelh' visible='true' version='1' changeset='35864071' lat='51.561032' lon='9.9682921' />
  <node id='3885936702' timestamp='2023-07-25T20:53:39Z' uid='1468043' user='jengelh' visible='true' version='2' changeset='139007873' lat='51.5610368' lon='9.967961' />
  <node id='3885936703' timestamp='2015-12-10T12:04:42Z' uid='1468043' user='jengelh' visible='true' version='1' changeset='35864071' lat='51.5610456' lon='9.9683303' />
  <node id='3885936704' timestamp='2015-12-10T12:04:42Z' uid='1468043' user='jengelh' visible='true' version='1' changeset='35864071' lat='51.5610476' lon='9.9674633' />
  <node id='3885936705' timestamp='2015-12-10T12:04:42Z' uid='1468043' user='jengelh' visible='true' version='1' changeset='35864071' lat='51.5610586' lon='9.9681824' />
  <node id='3885936706' timestamp='2015-12-10T12:04:42Z' uid='1468043' user='jengelh' visible='true' version='1' changeset='35864071' lat='51.5610632' lon='9.968362' />
  <node id='3885936707' timestamp='2015-12-10T12:04:42Z' uid='1468043' user='jengelh' visible='true' version='1' changeset='35864071' lat='51.5610689' lon='9.9682406' />
  <node id='3885936708' timestamp='2015-12-10T12:04:42Z' uid='1468043' user='jengelh' visible='true' version='1' changeset='35864071' lat='51.5610799' lon='9.9682763' />
  <node id='3885936709' timestamp='2024-04-24T19:30:13Z' uid='1468043' user='jengelh' visible='true' version='2' changeset='150464211' lat='51.5610979' lon='9.9683071' />
  <node id='3885936710' timestamp='2015-12-10T12:04:43Z' uid='1468043' user='jengelh' visible='true' version='1' changeset='35864071' lat='51.561154' lon='9.9685104' />
  <node id='3885936711' timestamp='2015-12-10T12:04:43Z' uid='1468043' user='jengelh' visible='true' version='1' changeset='35864071' lat='51.5611585' lon='9.9679624' />
  <node id='3885936712' timestamp='2015-12-10T12:04:43Z' uid='1468043' user='jengelh' visible='true' version='1' changeset='35864071' lat='51.5611887' lon='9.9684553' />
  <node id='3885936713' timestamp='2024-04-24T19:30:13Z' uid='1468043' user='jengelh' visible='true' version='2' changeset='150464211' lat='51.5612187' lon='9.9678639' />
  <node id='3885936714' timestamp='2015-12-10T12:04:43Z' uid='1468043' user='jengelh' visible='true' version='1' changeset='35864071' lat='51.5613005' lon='9.9679989' />
  <node id='3885936715' timestamp='2015-12-10T12:04:43Z' uid='1468043' user='jengelh' visible='true' version='1' changeset='35864071' lat='51.5613373' lon='9.9679412' />
  <node id='3885936716' timestamp='2015-12-10T12:26:42Z' uid='1468043' user='jengelh' visible='true' version='2' changeset='35864447' lat='51.5615673' lon='9.9681946' />
  <node id='3885936717' timestamp='2015-12-10T12:26:42Z' uid='1468043' user='jengelh' visible='true' version='2' changeset='35864447' lat='51.5616049' lon='9.9681355' />
  <node id='3885936718' timestamp='2015-12-10T12:26:42Z' uid='1468043' user='jengelh' visible='true' version='2' changeset='35864447' lat='51.5618581' lon='9.9686733' />
  <node id='3885936719' timestamp='2015-12-10T12:26:42Z' uid='1468043' user='jengelh' visible='true' version='2' changeset='35864447' lat='51.5618958' lon='9.9686141' />
  <node id='3885963008' timestamp='2015-12-10T12:26:33Z' uid='1468043' user='jengelh' visible='true' version='1' changeset='35864447' lat='51.5607111' lon='9.9634148' />
  <node id='3885963011' timestamp='2015-12-10T12:26:33Z' uid='1468043' user='jengelh' visible='true' version='1' changeset='35864447' lat='51.5608602' lon='9.9633857' />
  <node id='3885963018' timestamp='2015-12-10T12:26:33Z' uid='1468043' user='jengelh' visible='true' version='1' changeset='35864447' lat='51.560955' lon='9.9659121' />
  <node id='3885963026' timestamp='2024-04-24T19:30:13Z' uid='1468043' user='jengelh' visible='true' version='2' changeset='150464211' lat='51.5610754' lon='9.9665543' />
  <node id='3885963034' timestamp='2015-12-10T12:26:33Z' uid='1468043' user='jengelh' visible='true' version='1' changeset='35864447' lat='51.5611171' lon='9.9665635' />
  <node id='3885963040' timestamp='2015-12-10T12:26:33Z' uid='1468043' user='jengelh' visible='true' version='1' changeset='35864447' lat='51.5611991' lon='9.9664361' />
  <node id='3885963050' timestamp='2015-12-10T12:26:34Z' uid='1468043' user='jengelh' visible='true' version='1' changeset='35864447' lat='51.5612877' lon='9.9663695' />
  <node id='3885963051' timestamp='2015-12-10T12:26:34Z' uid='1468043' user='jengelh' visible='true' version='1' changeset='35864447' lat='51.5613194' lon='9.9668528' />
  <node id='3885963056' timestamp='2015-12-10T12:26:34Z' uid='1468043' user='jengelh' visible='true' version='1' changeset='35864447' lat='51.5613788' lon='9.966939' />
  <node id='3885963757' timestamp='2015-12-10T12:26:34Z' uid='1468043' user='jengelh' visible='true' version='1' changeset='35864447' lat='51.5613865' lon='9.9667485' />
  <node id='3885963758' timestamp='2015-12-10T12:26:34Z' uid='1468043' user='jengelh' visible='true' version='1' changeset='35864447' lat='51.5614212' lon='9.9670024' />
  <node id='3885963760' timestamp='2015-12-10T12:26:34Z' uid='1468043' user='jengelh' visible='true' version='1' changeset='35864447' lat='51.5614941' lon='9.9681333' />
  <node id='3885963761' timestamp='2015-12-10T12:26:34Z' uid='1468043' user='jengelh' visible='true' version='1' changeset='35864447' lat='51.5615158' lon='9.9667313' />
  <node id='3885963762' timestamp='2015-12-10T12:26:34Z' uid='1468043' user='jengelh' visible='true' version='1' changeset='35864447' lat='51.5615234' lon='9.9680945' />
  <node id='3885963763' timestamp='2015-12-10T12:26:34Z' uid='1468043' user='jengelh' visible='true' version='1' changeset='35864447' lat='51.5615237' lon='9.9680854' />
  <node id='3885963764' timestamp='2015-12-10T12:26:34Z' uid='1468043' user='jengelh' visible='true' version='1' changeset='35864447' lat='51.5615567' lon='9.9679586' />
  <node id='3885963765' timestamp='2015-12-10T12:26:34Z' uid='1468043' user='jengelh' visible='true' version='1' changeset='35864447' lat='51.5615745' lon='9.9680034' />
  <node id='3885963766' timestamp='2024-04-24T19:30:13Z' uid='1468043' user='jengelh' visible='true' version='2' changeset='150464211' lat='51.5615759' lon='9.968181' />
  <node id='3885963767' timestamp='2015-12-10T12:26:34Z' uid='1468043' user='jengelh' visible='true' version='1' changeset='35864447' lat='51.5615826' lon='9.9680013' />
  <node id='3885963768' timestamp='2015-12-10T12:26:34Z' uid='1468043' user='jengelh' visible='true' version='1' changeset='35864447' lat='51.5615833' lon='9.9679891' />
  <node id='3885963769' timestamp='2015-12-10T12:26:34Z' uid='1468043' user='jengelh' visible='true' version='1' changeset='35864447' lat='51.5615856' lon='9.9669655' />
  <node id='3885963771' timestamp='2015-12-10T12:26:34Z' uid='1468043' user='jengelh' visible='true' version='1' changeset='35864447' lat='51.5616355' lon='9.9681858' />
  <node id='3885963772' timestamp='2015-12-10T12:26:34Z' uid='1468043' user='jengelh' visible='true' version='1' changeset='35864447' lat='51.5616658' lon='9.9681381' />
  <node id='3885963773' timestamp='2015-12-10T12:26:34Z' uid='1468043' user='jengelh' visible='true' version='1' changeset='35864447' lat='51.5616789' lon='9.9677499' />
  <node id='3885963774' timestamp='2015-12-21T12:22:16Z' uid='1468043' user='jengelh' visible='true' version='2' changeset='36084138' lat='51.5616822' lon='9.9681504' />
  <node id='3885963776' timestamp='2015-12-10T12:26:34Z' uid='1468043' user='jengelh' visible='true' version='1' changeset='35864447' lat='51.5616991' lon='9.9676744' />
  <node id='3885963777' timestamp='2015-12-10T12:26:34Z' uid='1468043' user='jengelh' visible='true' version='1' changeset='35864447' lat='51.5617069' lon='9.9681481' />
  <node id='3885963778' timestamp='2015-12-10T12:26:34Z' uid='1468043' user='jengelh' visible='true' version='1' changeset='35864447' lat='51.561722' lon='9.9676247' />
  <node id='3885963779' timestamp='2015-12-10T12:26:34Z' uid='1468043' user='jengelh' visible='true' version='1' changeset='35864447' lat='51.5617535' lon='9.9675741' />
  <node id='3885963780' timestamp='2020-10-04T22:29:01Z' uid='1468043' user='jengelh' visible='true' version='2' changeset='91947868' lat='51.5618404' lon='9.9667783' />
  <node id='3885963781' timestamp='2015-12-10T12:26:34Z' uid='1468043' user='jengelh' visible='true' version='1' changeset='35864447' lat='51.5617649' lon='9.968052' />
  <node id='3885963782' timestamp='2015-12-10T12:26:34Z' uid='1468043' user='jengelh' visible='true' version='1' changeset='35864447' lat='51.5617897' lon='9.9675218' />
  <node id='3885963783' timestamp='2015-12-10T12:26:34Z' uid='1468043' user='jengelh' visible='true' version='1' changeset='35864447' lat='51.5618154' lon='9.9683176' />
  <node id='3885963784' timestamp='2015-12-10T12:26:34Z' uid='1468043' user='jengelh' visible='true' version='1' changeset='35864447' lat='51.5618425' lon='9.9674612' />
  <node id='3885963785' timestamp='2015-12-10T12:26:34Z' uid='1468043' user='jengelh' visible='true' version='1' changeset='35864447' lat='51.5618734' lon='9.9682214' />
  <node id='3885963786' timestamp='2015-12-10T12:26:34Z' uid='1468043' user='jengelh' visible='true' version='1' changeset='35864447' lat='51.5619283' lon='9.9618012' />
  <node id='3885963787' timestamp='2015-12-10T12:26:34Z' uid='1468043' user='jengelh' visible='true' version='1' changeset='35864447' lat='51.5620199' lon='9.9618081' />
  <node id='3885963788' timestamp='2015-12-10T12:26:34Z' uid='1468043' user='jengelh' visible='true' version='1' changeset='35864447' lat='51.5621998' lon='9.9691005' />
  <node id='3885963789' timestamp='2015-12-10T12:26:34Z' uid='1468043' user='jengelh' visible='true' version='1' changeset='35864447' lat='51.5623298' lon='9.968695' />
  <node id='3885963790' timestamp='2025-07-07T16:10:26Z' uid='2573759' user='aeszter' visible='true' version='2' changeset='168613066' lat='51.5623299' lon='9.9693109'>
    <tag k='entrance' v='yes' />
    <tag k='ref' v='T25' />
  </node>
  <node id='3885963791' timestamp='2023-07-25T21:10:16Z' uid='1468043' user='jengelh' visible='true' version='2' changeset='139008565' lat='51.5623334' lon='9.9686576' />
  <node id='3885963792' timestamp='2015-12-10T12:26:34Z' uid='1468043' user='jengelh' visible='true' version='1' changeset='35864447' lat='51.5623362' lon='9.9687266' />
  <node id='3885963793' timestamp='2023-07-25T21:10:16Z' uid='1468043' user='jengelh' visible='true' version='2' changeset='139008565' lat='51.5623523' lon='9.9685699' />
  <node id='3885963794' timestamp='2015-12-10T12:26:34Z' uid='1468043' user='jengelh' visible='true' version='1' changeset='35864447' lat='51.5623584' lon='9.9687781' />
  <node id='3885963795' timestamp='2015-12-10T12:26:34Z' uid='1468043' user='jengelh' visible='true' version='1' changeset='35864447' lat='51.5625167' lon='9.969089' />
  <node id='3885963802' timestamp='2015-12-10T12:26:34Z' uid='1468043' user='jengelh' visible='true' version='1' changeset='35864447' lat='51.5627021' lon='9.969447' />
  <node id='3885963813' timestamp='2023-07-25T21:10:16Z' uid='1468043' user='jengelh' visible='true' version='3' changeset='139008565' lat='51.5627795' lon='9.9702253' />
  <node id='3885963817' timestamp='2023-07-25T21:10:16Z' uid='1468043' user='jengelh' visible='true' version='3' changeset='139008565' lat='51.5630575' lon='9.9705383' />
  <node id='3885963818' timestamp='2015-12-10T12:26:35Z' uid='1468043' user='jengelh' visible='true' version='1' changeset='35864447' lat='51.562891' lon='9.9692549' />
  <node id='3885963822' timestamp='2024-04-24T19:30:13Z' uid='1468043' user='jengelh' visible='true' version='2' changeset='150464211' lat='51.5630587' lon='9.9706314' />
  <node id='3885963826' timestamp='2024-04-24T19:30:13Z' uid='1468043' user='jengelh' visible='true' version='2' changeset='150464211' lat='51.5630881' lon='9.9705735' />
  <node id='3885963827' timestamp='2024-04-24T19:30:13Z' uid='1468043' user='jengelh' visible='true' version='2' changeset='150464211' lat='51.5632287' lon='9.9708546' />
  <node id='3885963828' timestamp='2024-04-24T19:30:13Z' uid='1468043' user='jengelh' visible='true' version='2' changeset='150464211' lat='51.5632616' lon='9.9708999' />
  <node id='3885963829' timestamp='2024-04-24T19:30:13Z' uid='1468043' user='jengelh' visible='true' version='2' changeset='150464211' lat='51.5632954' lon='9.9708446' />
  <node id='3885963830' timestamp='2015-12-10T12:26:35Z' uid='1468043' user='jengelh' visible='true' version='1' changeset='35864447' lat='51.5634015' lon='9.9720239' />
  <node id='3885963831' timestamp='2024-04-24T19:30:13Z' uid='1468043' user='jengelh' visible='true' version='2' changeset='150464211' lat='51.5634523' lon='9.9712024' />
  <node id='3885963832' timestamp='2024-04-24T19:30:13Z' uid='1468043' user='jengelh' visible='true' version='2' changeset='150464211' lat='51.5634882' lon='9.9711502' />
  <node id='3885963833' timestamp='2015-12-10T12:26:35Z' uid='1468043' user='jengelh' visible='true' version='1' changeset='35864447' lat='51.5635247' lon='9.9720215' />
  <node id='3885963834' timestamp='2015-12-10T12:26:35Z' uid='1468043' user='jengelh' visible='true' version='1' changeset='35864447' lat='51.5636136' lon='9.9719227' />
  <node id='3885963835' timestamp='2024-04-24T19:30:13Z' uid='1468043' user='jengelh' visible='true' version='2' changeset='150464211' lat='51.5636275' lon='9.9715125' />
  <node id='3885963836' timestamp='2015-12-10T12:26:35Z' uid='1468043' user='jengelh' visible='true' version='1' changeset='35864447' lat='51.5636332' lon='9.971619' />
  <node id='3885963837' timestamp='2015-12-10T12:26:35Z' uid='1468043' user='jengelh' visible='true' version='1' changeset='35864447' lat='51.5636433' lon='9.971549' />
  <node id='3885963838' timestamp='2015-12-10T12:26:35Z' uid='1468043' user='jengelh' visible='true' version='1' changeset='35864447' lat='51.5636475' lon='9.9718239' />
  <node id='3885963839' timestamp='2024-04-24T19:30:13Z' uid='1468043' user='jengelh' visible='true' version='2' changeset='150464211' lat='51.5636636' lon='9.9716118' />
  <node id='3885963840' timestamp='2024-04-24T19:30:13Z' uid='1468043' user='jengelh' visible='true' version='2' changeset='150464211' lat='51.5636638' lon='9.9714592' />
  <node id='3885963841' timestamp='2015-12-10T12:26:35Z' uid='1468043' user='jengelh' visible='true' version='1' changeset='35864447' lat='51.5636779' lon='9.9716756' />
  <node id='3885963842' timestamp='2015-12-10T12:26:35Z' uid='1468043' user='jengelh' visible='true' version='1' changeset='35864447' lat='51.563684' lon='9.9715065' />
  <node id='3885963843' timestamp='2015-12-10T12:26:35Z' uid='1468043' user='jengelh' visible='true' version='1' changeset='35864447' lat='51.5636847' lon='9.9717405' />
  <node id='3885963844' timestamp='2015-12-10T12:26:35Z' uid='1468043' user='jengelh' visible='true' version='1' changeset='35864447' lat='51.5636956' lon='9.9715435' />
  <node id='3885963845' timestamp='2022-09-02T14:15:40Z' uid='2573759' user='aeszter' visible='true' version='2' changeset='125701132' lat='51.5637423' lon='9.9718622' />
  <node id='3885963846' timestamp='2015-12-10T12:26:35Z' uid='1468043' user='jengelh' visible='true' version='1' changeset='35864447' lat='51.5637175' lon='9.9716193' />
  <node id='3885963847' timestamp='2015-12-10T12:26:35Z' uid='1468043' user='jengelh' visible='true' version='1' changeset='35864447' lat='51.5637292' lon='9.971695' />
  <node id='3885963848' timestamp='2015-12-10T12:26:35Z' uid='1468043' user='jengelh' visible='true' version='1' changeset='35864447' lat='51.5637311' lon='9.9717326' />
  <node id='3885963851' timestamp='2023-07-25T21:10:16Z' uid='1468043' user='jengelh' visible='true' version='3' changeset='139008565' lat='51.563885' lon='9.9719633'>
    <tag k='noexit' v='yes' />
  </node>
  <node id='3885963852' timestamp='2023-07-25T21:10:16Z' uid='1468043' user='jengelh' visible='true' version='3' changeset='139008565' lat='51.5638034' lon='9.9717159' />
  <node id='3885963853' timestamp='2023-07-25T21:10:16Z' uid='1468043' user='jengelh' visible='true' version='3' changeset='139008565' lat='51.5638274' lon='9.9717205' />
  <node id='3885963854' timestamp='2023-07-25T21:10:16Z' uid='1468043' user='jengelh' visible='true' version='2' changeset='139008565' lat='51.563906' lon='9.9716895' />
  <node id='3885963855' timestamp='2023-07-25T21:10:16Z' uid='1468043' user='jengelh' visible='true' version='2' changeset='139008565' lat='51.5639457' lon='9.9716604' />
  <node id='3885963856' timestamp='2023-07-25T21:10:16Z' uid='1468043' user='jengelh' visible='true' version='2' changeset='139008565' lat='51.5640304' lon='9.9712713' />
  <node id='3885963857' timestamp='2023-07-25T21:10:16Z' uid='1468043' user='jengelh' visible='true' version='3' changeset='139008565' lat='51.5640534' lon='9.9713972' />
  <node id='3885964376' timestamp='2015-12-10T12:30:43Z' uid='1468043' user='jengelh' visible='true' version='1' changeset='35864541' lat='51.5630737' lon='9.9725006' />
  <node id='3885964377' timestamp='2015-12-10T12:30:43Z' uid='1468043' user='jengelh' visible='true' version='1' changeset='35864541' lat='51.5631739' lon='9.9724728' />
  <node id='3885964378' timestamp='2015-12-10T12:30:43Z' uid='1468043' user='jengelh' visible='true' version='1' changeset='35864541' lat='51.5632576' lon='9.9725031' />
  <node id='3885964379' timestamp='2015-12-10T12:30:43Z' uid='1468043' user='jengelh' visible='true' version='1' changeset='35864541' lat='51.5637983' lon='9.9743183' />
  <node id='3885964382' timestamp='2015-12-10T12:30:43Z' uid='1468043' user='jengelh' visible='true' version='1' changeset='35864541' lat='51.5640598' lon='9.9745329' />
  <node id='3885964384' timestamp='2015-12-10T12:30:43Z' uid='1468043' user='jengelh' visible='true' version='1' changeset='35864541' lat='51.5644171' lon='9.9739842' />
  <node id='3885964387' timestamp='2015-12-10T12:30:43Z' uid='1468043' user='jengelh' visible='true' version='1' changeset='35864541' lat='51.5648271' lon='9.9738167' />
  <node id='3885964388' timestamp='2015-12-10T12:30:43Z' uid='1468043' user='jengelh' visible='true' version='1' changeset='35864541' lat='51.5652474' lon='9.9720851' />
  <node id='3890700949' timestamp='2015-12-13T17:49:45Z' uid='1468043' user='jengelh' visible='true' version='1' changeset='35930366' lat='51.5604768' lon='9.9660714' />
  <node id='3902766583' timestamp='2025-10-12T15:19:54Z' uid='2725798' user='lesekaffee' visible='true' version='9' changeset='173185711' lat='51.5611' lon='9.9668845'>
    <tag k='addr:city' v='Göttingen' />
    <tag k='addr:country' v='DE' />
    <tag k='addr:housenumber' v='11' />
    <tag k='addr:postcode' v='37077' />
    <tag k='addr:street' v='Am Faßberg' />
    <tag k='addr:suburb' v='Nikolausberg' />
    <tag k='amenity' v='restaurant' />
    <tag k='capacity' v='300' />
    <tag k='check_date:opening_hours' v='2025-07-03' />
    <tag k='contact:phone' v='+49 551 2011208' />
    <tag k='diet:vegetarian' v='yes' />
    <tag k='name' v='Kantine MPI' />
    <tag k='opening_hours' v='Mo-Fr 07:00-10:00,11:30-13:30' />
    <tag k='operator' v='Göttinger Werkstätten gGmbH' />
  </node>
  <node id='3902840933' timestamp='2015-12-21T12:22:11Z' uid='1468043' user='jengelh' visible='true' version='1' changeset='36084138' lat='51.5609865' lon='9.9671371' />
  <node id='3902840934' timestamp='2015-12-21T12:22:12Z' uid='1468043' user='jengelh' visible='true' version='1' changeset='36084138' lat='51.5610035' lon='9.9671124' />
  <node id='3902840935' timestamp='2015-12-21T12:22:12Z' uid='1468043' user='jengelh' visible='true' version='1' changeset='36084138' lat='51.5610093' lon='9.9671776' />
  <node id='3902840936' timestamp='2015-12-21T12:22:12Z' uid='1468043' user='jengelh' visible='true' version='1' changeset='36084138' lat='51.5610137' lon='9.9671845' />
  <node id='3902840937' timestamp='2015-12-21T12:22:12Z' uid='1468043' user='jengelh' visible='true' version='1' changeset='36084138' lat='51.5610263' lon='9.9671528' />
  <node id='3902840938' timestamp='2024-01-28T19:58:14Z' uid='1468043' user='jengelh' visible='true' version='5' changeset='146793434' lat='51.5611301' lon='9.9672859'>
    <tag k='covered' v='yes' />
    <tag k='leisure' v='picnic_table' />
    <tag k='material' v='wood' />
    <tag k='seats' v='6' />
    <tag k='survey:date' v='2022-08-25' />
  </node>
  <node id='3902840939' timestamp='2015-12-21T12:22:12Z' uid='1468043' user='jengelh' visible='true' version='1' changeset='36084138' lat='51.5611307' lon='9.9673809' />
  <node id='3902840940' timestamp='2015-12-21T12:22:12Z' uid='1468043' user='jengelh' visible='true' version='1' changeset='36084138' lat='51.5611683' lon='9.9673229' />
  <node id='3902840941' timestamp='2023-08-20T13:26:39Z' uid='1468043' user='jengelh' visible='true' version='5' changeset='140132860' lat='51.5612268' lon='9.9674604'>
    <tag k='amenity' v='bench' />
    <tag k='backrest' v='no' />
    <tag k='survey:date' v='2022-08-25' />
  </node>
  <node id='3902840942' timestamp='2023-08-20T13:29:10Z' uid='1468043' user='jengelh' visible='true' version='4' changeset='140133029' lat='51.5612351' lon='9.9675417'>
    <tag k='amenity' v='waste_basket' />
    <tag k='survey:date' v='2022-08-25' />
  </node>
  <node id='3902840943' timestamp='2023-08-20T13:26:39Z' uid='1468043' user='jengelh' visible='true' version='5' changeset='140132860' lat='51.5612456' lon='9.9675231'>
    <tag k='amenity' v='bench' />
    <tag k='backrest' v='no' />
    <tag k='survey:date' v='2022-08-25' />
  </node>
  <node id='3902840944' timestamp='2015-12-21T12:22:12Z' uid='1468043' user='jengelh' visible='true' version='1' changeset='36084138' lat='51.5614695' lon='9.9676577' />
  <node id='3902840945' timestamp='2015-12-21T12:22:12Z' uid='1468043' user='jengelh' visible='true' version='1' changeset='36084138' lat='51.5616244' lon='9.9679223' />
  <node id='3902840946' timestamp='2015-12-21T12:22:12Z' uid='1468043' user='jengelh' visible='true' version='1' changeset='36084138' lat='51.5616549' lon='9.9681936' />
  <node id='3902840947' timestamp='2023-08-20T13:26:39Z' uid='1468043' user='jengelh' visible='true' version='5' changeset='140132860' lat='51.5617381' lon='9.9677328'>
    <tag k='amenity' v='bench' />
    <tag k='backrest' v='yes' />
    <tag k='material' v='metal' />
    <tag k='seats' v='2' />
    <tag k='survey:date' v='2022-09-01' />
  </node>
  <node id='3902840948' timestamp='2015-12-21T12:22:12Z' uid='1468043' user='jengelh' visible='true' version='1' changeset='36084138' lat='51.5617744' lon='9.9683886' />
  <node id='3902840951' timestamp='2023-08-20T13:26:39Z' uid='1468043' user='jengelh' visible='true' version='5' changeset='140132860' lat='51.5619224' lon='9.96802'>
    <tag k='amenity' v='bench' />
    <tag k='backrest' v='yes' />
    <tag k='material' v='metal' />
    <tag k='seats' v='2' />
    <tag k='survey:date' v='2022-09-01' />
  </node>
  <node id='3902840952' timestamp='2024-01-28T19:58:14Z' uid='1468043' user='jengelh' visible='true' version='6' changeset='146793434' lat='51.5627525' lon='9.969769'>
    <tag k='covered' v='no' />
    <tag k='leisure' v='picnic_table' />
    <tag k='material' v='wood' />
    <tag k='seats' v='6' />
    <tag k='survey:date' v='2022-08-30' />
  </node>
  <node id='3902848458' timestamp='2023-08-20T13:26:39Z' uid='1468043' user='jengelh' visible='true' version='5' changeset='140132860' lat='51.5629652' lon='9.9708265'>
    <tag k='amenity' v='bench' />
    <tag k='backrest' v='no' />
    <tag k='material' v='wood' />
    <tag k='seats' v='2' />
    <tag k='survey:date' v='2022-08-23' />
  </node>
  <node id='3902848459' timestamp='2015-12-21T12:22:12Z' uid='1468043' user='jengelh' visible='true' version='1' changeset='36084138' lat='51.5629943' lon='9.9708783' />
  <node id='3902848460' timestamp='2015-12-21T12:22:12Z' uid='1468043' user='jengelh' visible='true' version='1' changeset='36084138' lat='51.5630007' lon='9.9708681' />
  <node id='3902848461' timestamp='2015-12-21T12:22:12Z' uid='1468043' user='jengelh' visible='true' version='1' changeset='36084138' lat='51.5630206' lon='9.970921' />
  <node id='3902848462' timestamp='2015-12-21T12:22:12Z' uid='1468043' user='jengelh' visible='true' version='1' changeset='36084138' lat='51.563027' lon='9.9709108' />
  <node id='3902848463' timestamp='2015-12-21T12:22:12Z' uid='1468043' user='jengelh' visible='true' version='1' changeset='36084138' lat='51.563032' lon='9.970816' />
  <node id='3902848464' timestamp='2015-12-21T12:22:12Z' uid='1468043' user='jengelh' visible='true' version='1' changeset='36084138' lat='51.5630493' lon='9.9708414' />
  <node id='3902848465' timestamp='2015-12-21T12:22:12Z' uid='1468043' user='jengelh' visible='true' version='1' changeset='36084138' lat='51.5630642' lon='9.9707592' />
  <node id='3902848466' timestamp='2015-12-21T12:22:12Z' uid='1468043' user='jengelh' visible='true' version='1' changeset='36084138' lat='51.5630815' lon='9.9707846' />
  <node id='3902850118' timestamp='2023-08-20T13:26:39Z' uid='1468043' user='jengelh' visible='true' version='5' changeset='140132860' lat='51.5627027' lon='9.9695114'>
    <tag k='amenity' v='bench' />
    <tag k='backrest' v='yes' />
    <tag k='material' v='metal' />
    <tag k='seats' v='2' />
    <tag k='survey:date' v='2022-08-30' />
  </node>
  <node id='4090067189' timestamp='2016-04-01T14:29:13Z' uid='16256' user='patzi' visible='true' version='1' changeset='38227435' lat='51.5612941' lon='9.968429' />
  <node id='4090067190' timestamp='2016-04-01T14:29:13Z' uid='16256' user='patzi' visible='true' version='1' changeset='38227435' lat='51.5613638' lon='9.9683178' />
  <node id='4090067191' timestamp='2016-04-01T14:29:13Z' uid='16256' user='patzi' visible='true' version='1' changeset='38227435' lat='51.5613992' lon='9.9685992' />
  <node id='4090067192' timestamp='2016-04-01T14:29:13Z' uid='16256' user='patzi' visible='true' version='1' changeset='38227435' lat='51.5614688' lon='9.968488' />
  <node id='4090067193' timestamp='2016-04-01T14:29:13Z' uid='16256' user='patzi' visible='true' version='1' changeset='38227435' lat='51.561548' lon='9.9688621' />
  <node id='4090067194' timestamp='2016-04-01T14:29:13Z' uid='16256' user='patzi' visible='true' version='1' changeset='38227435' lat='51.5615492' lon='9.9691103' />
  <node id='4090067195' timestamp='2016-04-01T14:29:13Z' uid='16256' user='patzi' visible='true' version='1' changeset='38227435' lat='51.5615654' lon='9.9688903' />
  <node id='4090067196' timestamp='2016-04-01T14:29:13Z' uid='16256' user='patzi' visible='true' version='1' changeset='38227435' lat='51.5616213' lon='9.9689953' />
  <node id='4090067197' timestamp='2016-04-01T14:29:13Z' uid='16256' user='patzi' visible='true' version='1' changeset='38227435' lat='51.561679' lon='9.9693205' />
  <node id='4090067198' timestamp='2016-04-01T14:29:13Z' uid='16256' user='patzi' visible='true' version='1' changeset='38227435' lat='51.561751' lon='9.9692055' />
  <node id='4090067199' timestamp='2016-04-01T14:29:13Z' uid='16256' user='patzi' visible='true' version='1' changeset='38227435' lat='51.5618744' lon='9.9698536' />
  <node id='4090067200' timestamp='2016-04-01T14:29:13Z' uid='16256' user='patzi' visible='true' version='1' changeset='38227435' lat='51.5619486' lon='9.9700232' />
  <node id='4090067201' timestamp='2016-04-01T14:29:13Z' uid='16256' user='patzi' visible='true' version='1' changeset='38227435' lat='51.561964' lon='9.9699987' />
  <node id='4090067202' timestamp='2016-04-01T14:29:13Z' uid='16256' user='patzi' visible='true' version='1' changeset='38227435' lat='51.5619915' lon='9.9696666' />
  <node id='4090067203' timestamp='2016-04-01T14:29:13Z' uid='16256' user='patzi' visible='true' version='1' changeset='38227435' lat='51.5620024' lon='9.9701103' />
  <node id='4090067204' timestamp='2016-04-01T14:29:13Z' uid='16256' user='patzi' visible='true' version='1' changeset='38227435' lat='51.5620391' lon='9.9694928' />
  <node id='4090067205' timestamp='2016-04-01T14:29:13Z' uid='16256' user='patzi' visible='true' version='1' changeset='38227435' lat='51.5620672' lon='9.9694478' />
  <node id='4090067206' timestamp='2016-04-01T14:29:13Z' uid='16256' user='patzi' visible='true' version='1' changeset='38227435' lat='51.5620709' lon='9.9698351' />
  <node id='4090067207' timestamp='2016-04-01T14:29:13Z' uid='16256' user='patzi' visible='true' version='1' changeset='38227435' lat='51.5620832' lon='9.9698153' />
  <node id='4090067208' timestamp='2016-04-01T14:29:13Z' uid='16256' user='patzi' visible='true' version='1' changeset='38227435' lat='51.5621224' lon='9.9699186' />
  <node id='4090067209' timestamp='2016-04-01T14:29:13Z' uid='16256' user='patzi' visible='true' version='1' changeset='38227435' lat='51.5621328' lon='9.9700858' />
  <node id='4090067210' timestamp='2016-04-01T14:29:13Z' uid='16256' user='patzi' visible='true' version='1' changeset='38227435' lat='51.5621863' lon='9.9697314' />
  <node id='4090067211' timestamp='2016-04-01T14:29:13Z' uid='16256' user='patzi' visible='true' version='1' changeset='38227435' lat='51.5622763' lon='9.9703183' />
  <node id='4090067212' timestamp='2016-04-01T14:29:13Z' uid='16256' user='patzi' visible='true' version='1' changeset='38227435' lat='51.5622925' lon='9.9698308' />
  <node id='4090067213' timestamp='2016-04-01T14:29:13Z' uid='16256' user='patzi' visible='true' version='1' changeset='38227435' lat='51.562436' lon='9.9700632' />
  <node id='4090067214' timestamp='2016-04-01T14:29:14Z' uid='16256' user='patzi' visible='true' version='1' changeset='38227435' lat='51.5624388' lon='9.9707172' />
  <node id='4090067215' timestamp='2016-04-01T14:29:14Z' uid='16256' user='patzi' visible='true' version='1' changeset='38227435' lat='51.5625443' lon='9.9708881' />
  <node id='4090067216' timestamp='2016-04-01T14:29:14Z' uid='16256' user='patzi' visible='true' version='1' changeset='38227435' lat='51.5625697' lon='9.9705082' />
  <node id='4090067217' timestamp='2016-04-01T14:29:14Z' uid='16256' user='patzi' visible='true' version='1' changeset='38227435' lat='51.5626752' lon='9.970679' />
  <node id='4090067218' timestamp='2016-04-01T14:29:14Z' uid='16256' user='patzi' visible='true' version='1' changeset='38227435' lat='51.5629707' lon='9.9711551' />
  <node id='4090067219' timestamp='2016-04-01T14:29:14Z' uid='16256' user='patzi' visible='true' version='1' changeset='38227435' lat='51.5631274' lon='9.9714089' />
  <node id='4090067220' timestamp='2016-04-01T14:29:14Z' uid='16256' user='patzi' visible='true' version='1' changeset='38227435' lat='51.5631297' lon='9.9709013' />
  <node id='4090067221' timestamp='2016-04-01T14:29:14Z' uid='16256' user='patzi' visible='true' version='1' changeset='38227435' lat='51.5632863' lon='9.9711551' />
  <node id='4090143898' timestamp='2024-02-24T14:34:01Z' uid='1468043' user='jengelh' visible='true' version='2' changeset='147857774' lat='51.5621623' lon='9.9709365' />
  <node id='4090143899' timestamp='2024-02-24T14:34:01Z' uid='1468043' user='jengelh' visible='true' version='2' changeset='147857774' lat='51.5621632' lon='9.9709319' />
  <node id='4090143900' timestamp='2024-02-24T14:34:01Z' uid='1468043' user='jengelh' visible='true' version='2' changeset='147857774' lat='51.5621622' lon='9.9709414' />
  <node id='4090143902' timestamp='2024-02-24T14:34:01Z' uid='1468043' user='jengelh' visible='true' version='2' changeset='147857774' lat='51.5621629' lon='9.9709461' />
  <node id='4090143903' timestamp='2024-02-24T14:34:01Z' uid='1468043' user='jengelh' visible='true' version='2' changeset='147857774' lat='51.5621648' lon='9.9709278' />
  <node id='4090143904' timestamp='2024-02-24T14:34:01Z' uid='1468043' user='jengelh' visible='true' version='2' changeset='147857774' lat='51.5621643' lon='9.9709504' />
  <node id='4090143906' timestamp='2024-02-24T14:34:01Z' uid='1468043' user='jengelh' visible='true' version='2' changeset='147857774' lat='51.5621664' lon='9.9709539' />
  <node id='4090143907' timestamp='2024-02-24T14:34:01Z' uid='1468043' user='jengelh' visible='true' version='2' changeset='147857774' lat='51.562167' lon='9.9709244' />
  <node id='4090143910' timestamp='2024-02-24T14:34:01Z' uid='1468043' user='jengelh' visible='true' version='2' changeset='147857774' lat='51.5621689' lon='9.9709565' />
  <node id='4090143911' timestamp='2024-02-24T14:34:01Z' uid='1468043' user='jengelh' visible='true' version='2' changeset='147857774' lat='51.5621696' lon='9.9709221' />
  <node id='4090143912' timestamp='2024-02-24T14:34:01Z' uid='1468043' user='jengelh' visible='true' version='2' changeset='147857774' lat='51.5621718' lon='9.9709579' />
  <node id='4090143914' timestamp='2024-02-24T14:34:01Z' uid='1468043' user='jengelh' visible='true' version='2' changeset='147857774' lat='51.5621748' lon='9.9709581' />
  <node id='4090143915' timestamp='2024-02-24T14:34:01Z' uid='1468043' user='jengelh' visible='true' version='2' changeset='147857774' lat='51.5621726' lon='9.970921' />
  <node id='4090143918' timestamp='2024-02-24T14:34:01Z' uid='1468043' user='jengelh' visible='true' version='2' changeset='147857774' lat='51.5621778' lon='9.970957' />
  <node id='4090143919' timestamp='2024-02-24T14:34:01Z' uid='1468043' user='jengelh' visible='true' version='2' changeset='147857774' lat='51.5621756' lon='9.9709212' />
  <node id='4090143922' timestamp='2024-02-24T14:34:01Z' uid='1468043' user='jengelh' visible='true' version='2' changeset='147857774' lat='51.5621804' lon='9.9709547' />
  <node id='4090143923' timestamp='2024-02-24T14:34:01Z' uid='1468043' user='jengelh' visible='true' version='2' changeset='147857774' lat='51.5621785' lon='9.9709226' />
  <node id='4090143924' timestamp='2024-02-24T14:34:01Z' uid='1468043' user='jengelh' visible='true' version='2' changeset='147857774' lat='51.5621826' lon='9.9709514' />
  <node id='4090143926' timestamp='2024-02-24T14:34:01Z' uid='1468043' user='jengelh' visible='true' version='2' changeset='147857774' lat='51.5621842' lon='9.9709472' />
  <node id='4090143927' timestamp='2024-02-24T14:34:01Z' uid='1468043' user='jengelh' visible='true' version='2' changeset='147857774' lat='51.562181' lon='9.9709252' />
  <node id='4090143928' timestamp='2024-02-24T14:34:01Z' uid='1468043' user='jengelh' visible='true' version='2' changeset='147857774' lat='51.5621851' lon='9.9709426' />
  <node id='4090143930' timestamp='2024-02-24T14:34:01Z' uid='1468043' user='jengelh' visible='true' version='2' changeset='147857774' lat='51.5621852' lon='9.9709377' />
  <node id='4090143931' timestamp='2024-02-24T14:34:01Z' uid='1468043' user='jengelh' visible='true' version='2' changeset='147857774' lat='51.5621831' lon='9.9709287' />
  <node id='4090143932' timestamp='2024-02-24T14:34:01Z' uid='1468043' user='jengelh' visible='true' version='2' changeset='147857774' lat='51.5621845' lon='9.970933' />
  <node id='4090143933' timestamp='2024-02-24T14:34:01Z' uid='1468043' user='jengelh' visible='true' version='2' changeset='147857774' lat='51.5624148' lon='9.9715543' />
  <node id='4090143935' timestamp='2016-04-01T14:50:45Z' uid='16256' user='patzi' visible='true' version='1' changeset='38227977' lat='51.5624351' lon='9.9715871' />
  <node id='4090143936' timestamp='2016-04-01T14:50:45Z' uid='16256' user='patzi' visible='true' version='1' changeset='38227977' lat='51.5625216' lon='9.9717737' />
  <node id='4090143937' timestamp='2016-04-01T14:50:45Z' uid='16256' user='patzi' visible='true' version='1' changeset='38227977' lat='51.5625337' lon='9.9714287' />
  <node id='4090143938' timestamp='2016-04-01T14:50:45Z' uid='16256' user='patzi' visible='true' version='1' changeset='38227977' lat='51.5625695' lon='9.971833' />
  <node id='4090143939' timestamp='2016-04-01T14:50:45Z' uid='16256' user='patzi' visible='true' version='1' changeset='38227977' lat='51.5626109' lon='9.9715531' />
  <node id='4090143940' timestamp='2016-04-01T14:50:45Z' uid='16256' user='patzi' visible='true' version='1' changeset='38227977' lat='51.5626261' lon='9.9718676' />
  <node id='4090143941' timestamp='2016-04-01T14:50:45Z' uid='16256' user='patzi' visible='true' version='1' changeset='38227977' lat='51.5626864' lon='9.9718746' />
  <node id='4090143942' timestamp='2016-04-01T14:50:45Z' uid='16256' user='patzi' visible='true' version='1' changeset='38227977' lat='51.5627455' lon='9.9718534' />
  <node id='4090143943' timestamp='2016-04-01T14:50:45Z' uid='16256' user='patzi' visible='true' version='1' changeset='38227977' lat='51.5627982' lon='9.9718057' />
  <node id='4111602050' timestamp='2016-04-10T12:46:20Z' uid='1468043' user='jengelh' visible='true' version='1' changeset='38449795' lat='51.5648208' lon='9.9739263' />
  <node id='4111602058' timestamp='2016-04-10T13:02:36Z' uid='1468043' user='jengelh' visible='true' version='2' changeset='38450115' lat='51.5665329' lon='9.9763564' />
  <node id='4111602064' timestamp='2016-04-10T12:46:21Z' uid='1468043' user='jengelh' visible='true' version='1' changeset='38449795' lat='51.5671034' lon='9.973583' />
  <node id='4111602065' timestamp='2022-01-05T16:32:57Z' uid='1468043' user='jengelh' visible='true' version='2' changeset='115804417' lat='51.5675883' lon='9.9767925' />
  <node id='4111602066' timestamp='2016-04-10T12:46:21Z' uid='1468043' user='jengelh' visible='true' version='1' changeset='38449795' lat='51.5677089' lon='9.9742384' />
  <node id='4111602067' timestamp='2016-04-10T12:46:21Z' uid='1468043' user='jengelh' visible='true' version='1' changeset='38449795' lat='51.5678677' lon='9.9768648' />
  <node id='4111602068' timestamp='2016-04-10T12:46:21Z' uid='1468043' user='jengelh' visible='true' version='1' changeset='38449795' lat='51.5682044' lon='9.9769395' />
  <node id='4111602069' timestamp='2016-04-10T12:46:21Z' uid='1468043' user='jengelh' visible='true' version='1' changeset='38449795' lat='51.5683404' lon='9.9762763' />
  <node id='4111602071' timestamp='2016-04-10T12:46:21Z' uid='1468043' user='jengelh' visible='true' version='1' changeset='38449795' lat='51.5687718' lon='9.9751736' />
  <node id='4111651067' timestamp='2016-04-10T13:02:26Z' uid='1468043' user='jengelh' visible='true' version='1' changeset='38450115' lat='51.5645133' lon='9.9747125' />
  <node id='4111651070' timestamp='2016-04-10T13:02:26Z' uid='1468043' user='jengelh' visible='true' version='1' changeset='38450115' lat='51.5647728' lon='9.975052' />
  <node id='4111651072' timestamp='2016-04-10T13:02:26Z' uid='1468043' user='jengelh' visible='true' version='1' changeset='38450115' lat='51.5649037' lon='9.9751266' />
  <node id='4111651073' timestamp='2016-04-10T13:02:26Z' uid='1468043' user='jengelh' visible='true' version='1' changeset='38450115' lat='51.5649691' lon='9.9748348' />
  <node id='4111651077' timestamp='2016-04-10T13:51:27Z' uid='1468043' user='jengelh' visible='true' version='2' changeset='38452164' lat='51.5655047' lon='9.9757051' />
  <node id='4111651078' timestamp='2016-04-10T13:51:27Z' uid='1468043' user='jengelh' visible='true' version='2' changeset='38452164' lat='51.565879' lon='9.9757802' />
  <node id='4111651079' timestamp='2016-04-10T13:02:26Z' uid='1468043' user='jengelh' visible='true' version='1' changeset='38450115' lat='51.5659599' lon='9.9754007' />
  <node id='4111651081' timestamp='2016-04-10T13:51:27Z' uid='1468043' user='jengelh' visible='true' version='2' changeset='38452164' lat='51.566041' lon='9.9759295' />
  <node id='4111651082' timestamp='2016-04-10T13:02:26Z' uid='1468043' user='jengelh' visible='true' version='1' changeset='38450115' lat='51.5661433' lon='9.9755066' />
  <node id='4111705939' timestamp='2016-04-10T13:27:43Z' uid='1468043' user='jengelh' visible='true' version='1' changeset='38451323' lat='51.5670194' lon='9.9765593' />
  <node id='4193371538' timestamp='2016-05-18T11:00:31Z' uid='1468043' user='jengelh' visible='true' version='1' changeset='39397851' lat='51.5611262' lon='9.9692482' />
  <node id='4193371539' timestamp='2016-05-18T11:00:31Z' uid='1468043' user='jengelh' visible='true' version='1' changeset='39397851' lat='51.5611516' lon='9.9693155' />
  <node id='4193371540' timestamp='2016-05-18T11:00:31Z' uid='1468043' user='jengelh' visible='true' version='1' changeset='39397851' lat='51.5611595' lon='9.969303' />
  <node id='4193371541' timestamp='2016-05-18T11:00:31Z' uid='1468043' user='jengelh' visible='true' version='1' changeset='39397851' lat='51.5612242' lon='9.9694352' />
  <node id='4193371542' timestamp='2016-05-18T11:00:31Z' uid='1468043' user='jengelh' visible='true' version='1' changeset='39397851' lat='51.5612321' lon='9.9694228' />
  <node id='4193371543' timestamp='2016-05-18T11:00:31Z' uid='1468043' user='jengelh' visible='true' version='1' changeset='39397851' lat='51.5612401' lon='9.9694613' />
  <node id='4193371544' timestamp='2016-05-18T11:00:31Z' uid='1468043' user='jengelh' visible='true' version='1' changeset='39397851' lat='51.561248' lon='9.9694489' />
  <node id='4193371545' timestamp='2016-05-18T11:00:31Z' uid='1468043' user='jengelh' visible='true' version='1' changeset='39397851' lat='51.5612999' lon='9.9695599' />
  <node id='4224352942' timestamp='2016-06-03T20:24:54Z' uid='1468043' user='jengelh' visible='true' version='1' changeset='39787231' lat='51.5513474' lon='9.9759506' />
  <node id='4224352967' timestamp='2016-06-03T20:24:55Z' uid='1468043' user='jengelh' visible='true' version='1' changeset='39787231' lat='51.5546096' lon='9.9650608' />
  <node id='4224352981' timestamp='2016-06-03T20:24:55Z' uid='1468043' user='jengelh' visible='true' version='1' changeset='39787231' lat='51.5563773' lon='9.965152' />
  <node id='4224353195' timestamp='2016-06-03T20:24:56Z' uid='1468043' user='jengelh' visible='true' version='1' changeset='39787231' lat='51.5580983' lon='9.9645995' />
  <node id='4224353198' timestamp='2016-06-03T20:24:56Z' uid='1468043' user='jengelh' visible='true' version='1' changeset='39787231' lat='51.5584802' lon='9.9833964' />
  <node id='4224353203' timestamp='2016-06-03T20:24:56Z' uid='1468043' user='jengelh' visible='true' version='1' changeset='39787231' lat='51.5595142' lon='9.9836044' />
  <node id='4224353217' timestamp='2016-06-03T20:24:56Z' uid='1468043' user='jengelh' visible='true' version='1' changeset='39787231' lat='51.5609782' lon='9.9702375' />
  <node id='4224353222' timestamp='2016-06-03T20:24:56Z' uid='1468043' user='jengelh' visible='true' version='1' changeset='39787231' lat='51.5613467' lon='9.9839731' />
  <node id='4224353231' timestamp='2016-06-03T20:24:57Z' uid='1468043' user='jengelh' visible='true' version='1' changeset='39787231' lat='51.5617619' lon='9.9838712' />
  <node id='4224353237' timestamp='2016-06-03T20:24:57Z' uid='1468043' user='jengelh' visible='true' version='1' changeset='39787231' lat='51.5618853' lon='9.9780588' />
  <node id='4224353240' timestamp='2016-06-03T20:24:57Z' uid='1468043' user='jengelh' visible='true' version='1' changeset='39787231' lat='51.561972' lon='9.9777262' />
  <node id='4224353244' timestamp='2016-06-03T20:24:57Z' uid='1468043' user='jengelh' visible='true' version='1' changeset='39787231' lat='51.5620987' lon='9.975669' />
  <node id='4224353254' timestamp='2016-06-03T20:24:57Z' uid='1468043' user='jengelh' visible='true' version='1' changeset='39787231' lat='51.5624939' lon='9.9841823' />
  <node id='4224353260' timestamp='2016-06-03T20:24:57Z' uid='1468043' user='jengelh' visible='true' version='1' changeset='39787231' lat='51.5626956' lon='9.9836137' />
  <node id='4224353261' timestamp='2016-06-03T20:24:57Z' uid='1468043' user='jengelh' visible='true' version='1' changeset='39787231' lat='51.562734' lon='9.9794911' />
  <node id='4224353265' timestamp='2016-06-03T20:24:57Z' uid='1468043' user='jengelh' visible='true' version='1' changeset='39787231' lat='51.5628807' lon='9.9818381' />
  <node id='4224353272' timestamp='2016-06-03T20:24:57Z' uid='1468043' user='jengelh' visible='true' version='1' changeset='39787231' lat='51.5630391' lon='9.9834313' />
  <node id='4224353274' timestamp='2016-06-03T20:24:57Z' uid='1468043' user='jengelh' visible='true' version='1' changeset='39787231' lat='51.5630775' lon='9.9806525' />
  <node id='4224353282' timestamp='2016-06-03T20:24:58Z' uid='1468043' user='jengelh' visible='true' version='1' changeset='39787231' lat='51.5634259' lon='9.9858721' />
  <node id='4224353306' timestamp='2016-06-03T20:24:58Z' uid='1468043' user='jengelh' visible='true' version='1' changeset='39787231' lat='51.5652517' lon='9.9851694' />
  <node id='4224353307' timestamp='2016-06-03T20:24:58Z' uid='1468043' user='jengelh' visible='true' version='1' changeset='39787231' lat='51.5652717' lon='9.972158' />
  <node id='4224353320' timestamp='2016-06-03T20:24:58Z' uid='1468043' user='jengelh' visible='true' version='1' changeset='39787231' lat='51.5670624' lon='9.9844076' />
  <node id='4224353327' timestamp='2016-06-03T20:24:58Z' uid='1468043' user='jengelh' visible='true' version='1' changeset='39787231' lat='51.5689197' lon='9.9753122' />
  <node id='4224353334' timestamp='2016-06-03T20:24:59Z' uid='1468043' user='jengelh' visible='true' version='1' changeset='39787231' lat='51.5707085' lon='9.9829726' />
  <node id='4224353335' timestamp='2016-06-03T20:24:59Z' uid='1468043' user='jengelh' visible='true' version='1' changeset='39787231' lat='51.5713754' lon='9.9800222' />
  <node id='4488600965' timestamp='2021-04-06T18:15:20Z' uid='1468043' user='jengelh' visible='true' version='2' changeset='102425770' lat='51.5606241' lon='9.9685409' />
  <node id='4488600966' timestamp='2021-04-06T18:15:20Z' uid='1468043' user='jengelh' visible='true' version='2' changeset='102425770' lat='51.5606617' lon='9.9686039' />
  <node id='4488600967' timestamp='2021-04-06T18:15:20Z' uid='1468043' user='jengelh' visible='true' version='2' changeset='102425770' lat='51.5605805' lon='9.9687293' />
  <node id='4488600968' timestamp='2024-04-24T19:30:13Z' uid='1468043' user='jengelh' visible='true' version='3' changeset='150464211' lat='51.5608328' lon='9.9691522' />
  <node id='4488600969' timestamp='2024-04-24T19:30:13Z' uid='1468043' user='jengelh' visible='true' version='3' changeset='150464211' lat='51.5609705' lon='9.9689396' />
  <node id='4488600970' timestamp='2021-04-06T18:15:20Z' uid='1468043' user='jengelh' visible='true' version='2' changeset='102425770' lat='51.5607182' lon='9.9685167' />
  <node id='4488600971' timestamp='2021-04-06T18:15:20Z' uid='1468043' user='jengelh' visible='true' version='2' changeset='102425770' lat='51.5606836' lon='9.9685701' />
  <node id='4488600972' timestamp='2021-04-06T18:15:20Z' uid='1468043' user='jengelh' visible='true' version='2' changeset='102425770' lat='51.560646' lon='9.9685071' />
  <node id='4570458514' timestamp='2016-12-24T14:41:57Z' uid='1468043' user='jengelh' visible='true' version='1' changeset='44646107' lat='51.5603798' lon='9.9665957' />
  <node id='4570458515' timestamp='2016-12-24T14:41:57Z' uid='1468043' user='jengelh' visible='true' version='1' changeset='44646107' lat='51.5604228' lon='9.96657' />
  <node id='4570458516' timestamp='2016-12-24T14:41:57Z' uid='1468043' user='jengelh' visible='true' version='1' changeset='44646107' lat='51.5604662' lon='9.9665673' />
  <node id='4570458517' timestamp='2016-12-24T14:41:57Z' uid='1468043' user='jengelh' visible='true' version='1' changeset='44646107' lat='51.5605362' lon='9.9666022' />
  <node id='4570458518' timestamp='2016-12-24T14:41:57Z' uid='1468043' user='jengelh' visible='true' version='1' changeset='44646107' lat='51.5605787' lon='9.9666371' />
  <node id='4570458520' timestamp='2016-12-24T14:41:57Z' uid='1468043' user='jengelh' visible='true' version='1' changeset='44646107' lat='51.560853' lon='9.9670917' />
  <node id='4570458521' timestamp='2016-12-24T14:41:57Z' uid='1468043' user='jengelh' visible='true' version='1' changeset='44646107' lat='51.5610064' lon='9.9685911' />
  <node id='4570458522' timestamp='2021-04-06T18:15:20Z' uid='1468043' user='jengelh' visible='true' version='3' changeset='102425770' lat='51.5610589' lon='9.9688344' />
  <node id='4710308075' timestamp='2025-12-22T12:33:43Z' uid='42123' user='Ropino' visible='true' version='4' changeset='176261364' lat='51.5538432' lon='9.9645886' />
  <node id='4783708848' timestamp='2017-04-08T22:32:39Z' uid='1468043' user='jengelh' visible='true' version='1' changeset='47580636' lat='51.5616242' lon='9.9629231' />
  <node id='4783708868' timestamp='2017-04-08T22:32:39Z' uid='1468043' user='jengelh' visible='true' version='1' changeset='47580636' lat='51.5608723' lon='9.9626299' />
  <node id='4783708899' timestamp='2017-04-08T22:32:40Z' uid='1468043' user='jengelh' visible='true' version='1' changeset='47580636' lat='51.5608234' lon='9.9624967' />
  <node id='4783708900' timestamp='2017-04-08T22:32:40Z' uid='1468043' user='jengelh' visible='true' version='1' changeset='47580636' lat='51.5608176' lon='9.9624149' />
  <node id='4783708901' timestamp='2017-04-08T22:32:40Z' uid='1468043' user='jengelh' visible='true' version='1' changeset='47580636' lat='51.5608171' lon='9.9622928' />
  <node id='4783708905' timestamp='2017-04-08T22:32:40Z' uid='1468043' user='jengelh' visible='true' version='1' changeset='47580636' lat='51.5608238' lon='9.962093' />
  <node id='4783708906' timestamp='2017-04-08T22:32:40Z' uid='1468043' user='jengelh' visible='true' version='1' changeset='47580636' lat='51.5607838' lon='9.9617617' />
  <node id='4783708907' timestamp='2017-04-08T22:32:40Z' uid='1468043' user='jengelh' visible='true' version='1' changeset='47580636' lat='51.5607542' lon='9.9614379' />
  <node id='4783708908' timestamp='2017-04-08T22:32:40Z' uid='1468043' user='jengelh' visible='true' version='1' changeset='47580636' lat='51.560727' lon='9.9611004' />
  <node id='4783708909' timestamp='2017-04-08T22:32:40Z' uid='1468043' user='jengelh' visible='true' version='1' changeset='47580636' lat='51.5606058' lon='9.960886' />
  <node id='4934666376' timestamp='2022-11-08T23:06:21Z' uid='1468043' user='jengelh' visible='true' version='2' changeset='128660941' lat='51.561326' lon='9.9758173' />
  <node id='4934684078' timestamp='2022-11-08T23:06:21Z' uid='1468043' user='jengelh' visible='true' version='2' changeset='128660941' lat='51.5630222' lon='9.9742713' />
  <node id='4934684079' timestamp='2022-11-08T23:06:21Z' uid='1468043' user='jengelh' visible='true' version='2' changeset='128660941' lat='51.5627645' lon='9.9740423' />
  <node id='4934684080' timestamp='2022-11-08T23:06:21Z' uid='1468043' user='jengelh' visible='true' version='2' changeset='128660941' lat='51.5627137' lon='9.9740088' />
  <node id='4934684081' timestamp='2022-11-08T23:06:21Z' uid='1468043' user='jengelh' visible='true' version='2' changeset='128660941' lat='51.5626211' lon='9.9740088' />
  <node id='4934684082' timestamp='2022-11-08T23:06:21Z' uid='1468043' user='jengelh' visible='true' version='2' changeset='128660941' lat='51.5625657' lon='9.9740259' />
  <node id='4934684083' timestamp='2022-11-08T23:06:21Z' uid='1468043' user='jengelh' visible='true' version='2' changeset='128660941' lat='51.562525' lon='9.9740536' />
  <node id='4934684084' timestamp='2022-11-08T23:06:21Z' uid='1468043' user='jengelh' visible='true' version='2' changeset='128660941' lat='51.5621552' lon='9.9744374' />
  <node id='4934684085' timestamp='2022-11-08T23:06:21Z' uid='1468043' user='jengelh' visible='true' version='2' changeset='128660941' lat='51.5621489' lon='9.9744191' />
  <node id='4934684087' timestamp='2017-06-25T00:06:22Z' uid='1468043' user='jengelh' visible='true' version='1' changeset='49804147' lat='51.5620255' lon='9.9743615' />
  <node id='4934684088' timestamp='2017-06-25T00:06:22Z' uid='1468043' user='jengelh' visible='true' version='1' changeset='49804147' lat='51.5617266' lon='9.9734355' />
  <node id='4934684724' timestamp='2017-06-25T00:06:24Z' uid='1468043' user='jengelh' visible='true' version='1' changeset='49804147' lat='51.5616886' lon='9.9746787' />
  <node id='4934695026' timestamp='2017-06-25T00:19:29Z' uid='1468043' user='jengelh' visible='true' version='1' changeset='49804228' lat='51.5615557' lon='9.9727837' />
  <node id='4934695027' timestamp='2017-06-25T00:19:29Z' uid='1468043' user='jengelh' visible='true' version='1' changeset='49804228' lat='51.5619258' lon='9.9732202' />
  <node id='4934695028' timestamp='2017-06-25T00:19:29Z' uid='1468043' user='jengelh' visible='true' version='1' changeset='49804228' lat='51.5618779' lon='9.9732598' />
  <node id='4934695029' timestamp='2017-06-25T00:19:29Z' uid='1468043' user='jengelh' visible='true' version='1' changeset='49804228' lat='51.5619475' lon='9.9732994' />
  <node id='4934695030' timestamp='2017-06-25T00:19:29Z' uid='1468043' user='jengelh' visible='true' version='1' changeset='49804228' lat='51.5618604' lon='9.9733228' />
  <node id='4934695031' timestamp='2017-06-25T00:19:29Z' uid='1468043' user='jengelh' visible='true' version='1' changeset='49804228' lat='51.5618274' lon='9.9734884' />
  <node id='4934695032' timestamp='2017-06-25T00:19:29Z' uid='1468043' user='jengelh' visible='true' version='1' changeset='49804228' lat='51.5619011' lon='9.9733441' />
  <node id='4935441761' timestamp='2017-06-25T13:56:42Z' uid='1468043' user='jengelh' visible='true' version='1' changeset='49814742' lat='51.5629502' lon='9.9825373' />
  <node id='5485164474' timestamp='2018-03-17T19:16:23Z' uid='1468043' user='jengelh' visible='true' version='1' changeset='57274078' lat='51.5621122' lon='9.9625893' />
  <node id='5788034994' timestamp='2026-07-24T14:11:10Z' uid='2725798' user='lesekaffee' visible='true' version='4' changeset='186298015' lat='51.5612184' lon='9.9703741'>
    <tag k='barrier' v='cycle_barrier' />
    <tag k='cycle_barrier' v='double' />
    <tag k='cycle_barrier:installation' v='fixed' />
  </node>
  <node id='5788034995' timestamp='2018-07-26T20:47:24Z' uid='2551686' user='gausserrorfunction' visible='true' version='1' changeset='61100645' lat='51.5611403' lon='9.9701736'>
    <tag k='access' v='private' />
    <tag k='barrier' v='gate' />
  </node>
  <node id='5788034996' timestamp='2018-07-26T20:47:24Z' uid='2551686' user='gausserrorfunction' visible='true' version='1' changeset='61100645' lat='51.5611027' lon='9.9702123' />
  <node id='5788034997' timestamp='2018-07-26T20:47:24Z' uid='2551686' user='gausserrorfunction' visible='true' version='1' changeset='61100645' lat='51.5611751' lon='9.9701378' />
  <node id='5788034998' timestamp='2018-07-26T20:47:24Z' uid='2551686' user='gausserrorfunction' visible='true' version='1' changeset='61100645' lat='51.5612272' lon='9.970357' />
  <node id='5788035001' timestamp='2024-02-24T14:34:01Z' uid='1468043' user='jengelh' visible='true' version='4' changeset='147857774' lat='51.5611621' lon='9.9704851'>
    <tag k='highway' v='turning_circle' />
  </node>
  <node id='5829490793' timestamp='2023-08-20T13:26:39Z' uid='1468043' user='jengelh' visible='true' version='5' changeset='140132860' lat='51.5638847' lon='9.9712623'>
    <tag k='amenity' v='bench' />
    <tag k='backrest' v='yes' />
    <tag k='material' v='metal' />
    <tag k='seats' v='2' />
    <tag k='survey:date' v='2022-09-23' />
  </node>
  <node id='5829490818' timestamp='2018-08-13T12:51:45Z' uid='1468043' user='jengelh' visible='true' version='1' changeset='61625924' lat='51.5622138' lon='9.9691407' />
  <node id='5829490819' timestamp='2018-08-13T12:51:45Z' uid='1468043' user='jengelh' visible='true' version='1' changeset='61625924' lat='51.5622902' lon='9.9692667' />
  <node id='5829490820' timestamp='2018-08-13T12:51:45Z' uid='1468043' user='jengelh' visible='true' version='1' changeset='61625924' lat='51.562257' lon='9.969212' />
  <node id='5829490821' timestamp='2018-08-13T12:51:45Z' uid='1468043' user='jengelh' visible='true' version='1' changeset='61625924' lat='51.5622419' lon='9.9692356' />
  <node id='5829490822' timestamp='2024-01-28T19:58:14Z' uid='1468043' user='jengelh' visible='true' version='4' changeset='146793434' lat='51.5625882' lon='9.9699727'>
    <tag k='amenity' v='bicycle_parking' />
    <tag k='bicycle_parking' v='stands' />
    <tag k='capacity' v='1' />
    <tag k='covered' v='yes' />
    <tag k='survey:date' v='2023-08-17' />
  </node>
  <node id='5842107337' timestamp='2018-08-19T16:19:13Z' uid='1468043' user='jengelh' visible='true' version='1' changeset='61797696' lat='51.5639888' lon='9.9712367' />
  <node id='5842107338' timestamp='2018-08-19T16:19:13Z' uid='1468043' user='jengelh' visible='true' version='1' changeset='61797696' lat='51.5640222' lon='9.9712729' />
  <node id='5842107339' timestamp='2023-07-25T21:10:16Z' uid='1468043' user='jengelh' visible='true' version='2' changeset='139008565' lat='51.5640396' lon='9.9713508' />
  <node id='5842107341' timestamp='2022-09-02T14:15:40Z' uid='2573759' user='aeszter' visible='true' version='2' changeset='125701132' lat='51.5638369' lon='9.9716663' />
  <node id='5842107342' timestamp='2023-07-25T21:10:16Z' uid='1468043' user='jengelh' visible='true' version='2' changeset='139008565' lat='51.5638313' lon='9.9716068' />
  <node id='5842107343' timestamp='2023-07-25T21:10:16Z' uid='1468043' user='jengelh' visible='true' version='2' changeset='139008565' lat='51.5638383' lon='9.9715365' />
  <node id='5842107344' timestamp='2023-07-25T21:10:16Z' uid='1468043' user='jengelh' visible='true' version='2' changeset='139008565' lat='51.5638525' lon='9.9714366' />
  <node id='5842107345' timestamp='2023-07-25T21:10:16Z' uid='1468043' user='jengelh' visible='true' version='2' changeset='139008565' lat='51.5638746' lon='9.971342' />
  <node id='5842107346' timestamp='2023-07-25T21:10:16Z' uid='1468043' user='jengelh' visible='true' version='2' changeset='139008565' lat='51.5638975' lon='9.9712643' />
  <node id='5842107347' timestamp='2023-07-25T21:10:16Z' uid='1468043' user='jengelh' visible='true' version='2' changeset='139008565' lat='51.5639417' lon='9.9711838' />
  <node id='5842107349' timestamp='2018-08-19T16:19:13Z' uid='1468043' user='jengelh' visible='true' version='1' changeset='61797696' lat='51.5640955' lon='9.9712967' />
  <node id='5842107350' timestamp='2023-07-25T21:10:16Z' uid='1468043' user='jengelh' visible='true' version='2' changeset='139008565' lat='51.5640426' lon='9.971401' />
  <node id='5842107351' timestamp='2023-07-25T21:10:16Z' uid='1468043' user='jengelh' visible='true' version='2' changeset='139008565' lat='51.5638905' lon='9.971684' />
  <node id='5842107353' timestamp='2018-08-19T16:19:13Z' uid='1468043' user='jengelh' visible='true' version='1' changeset='61797696' lat='51.5637775' lon='9.9715412' />
  <node id='5842107354' timestamp='2018-08-19T16:19:13Z' uid='1468043' user='jengelh' visible='true' version='1' changeset='61797696' lat='51.56376' lon='9.9714057' />
  <node id='5842107355' timestamp='2018-08-19T16:19:13Z' uid='1468043' user='jengelh' visible='true' version='1' changeset='61797696' lat='51.5636941' lon='9.9712582' />
  <node id='5842107356' timestamp='2018-08-19T16:19:13Z' uid='1468043' user='jengelh' visible='true' version='1' changeset='61797696' lat='51.5632881' lon='9.9705917' />
  <node id='5842107357' timestamp='2023-07-25T21:10:16Z' uid='1468043' user='jengelh' visible='true' version='3' changeset='139008565' lat='51.5631093' lon='9.9703228' />
  <node id='5842107358' timestamp='2023-07-25T21:10:16Z' uid='1468043' user='jengelh' visible='true' version='2' changeset='139008565' lat='51.5640501' lon='9.9713346' />
  <node id='5842107359' timestamp='2022-09-02T14:15:40Z' uid='2573759' user='aeszter' visible='true' version='2' changeset='125701132' lat='51.5638388' lon='9.9717062' />
  <node id='5842107367' timestamp='2018-08-19T16:19:13Z' uid='1468043' user='jengelh' visible='true' version='1' changeset='61797696' lat='51.563965' lon='9.9711812' />
  <node id='5874084282' timestamp='2021-04-06T18:15:20Z' uid='1468043' user='jengelh' visible='true' version='2' changeset='102425770' lat='51.5607156' lon='9.9696092' />
  <node id='5874084283' timestamp='2021-04-06T18:15:20Z' uid='1468043' user='jengelh' visible='true' version='3' changeset='102425770' lat='51.5609889' lon='9.9701579' />
  <node id='5874096088' timestamp='2024-02-08T14:28:12Z' uid='1468043' user='jengelh' visible='true' version='4' changeset='147220321' lat='51.5606519' lon='9.9690715' />
  <node id='5874096089' timestamp='2024-02-08T14:28:12Z' uid='1468043' user='jengelh' visible='true' version='3' changeset='147220321' lat='51.5609036' lon='9.9687301' />
  <node id='5940417915' timestamp='2023-07-25T21:10:16Z' uid='1468043' user='jengelh' visible='true' version='2' changeset='139008565' lat='51.5618652' lon='9.9715026' />
  <node id='5940417925' timestamp='2024-02-24T14:34:01Z' uid='1468043' user='jengelh' visible='true' version='3' changeset='147857774' lat='51.5618341' lon='9.9708776' />
  <node id='5940417927' timestamp='2023-07-25T21:10:16Z' uid='1468043' user='jengelh' visible='true' version='2' changeset='139008565' lat='51.5613664' lon='9.9705232' />
  <node id='5940417928' timestamp='2024-02-24T14:34:01Z' uid='1468043' user='jengelh' visible='true' version='3' changeset='147857774' lat='51.5619514' lon='9.9714863' />
  <node id='5940417930' timestamp='2026-01-25T19:10:05Z' uid='1468043' user='jengelh' visible='true' version='3' changeset='177694785' lat='51.5611765' lon='9.9707429'>
    <tag k='highway' v='street_lamp' />
    <tag k='light:lit' v='dusk-dawn' />
    <tag k='light:method' v='electric' />
    <tag k='light:tilt' v='-90' />
    <tag k='light_source' v='lantern' />
    <tag k='operator' v='EAM Netz' />
    <tag k='support' v='pole' />
    <tag k='traffic_sign' v='DE:394' />
  </node>
  <node id='5940417931' timestamp='2026-01-25T19:10:05Z' uid='1468043' user='jengelh' visible='true' version='2' changeset='177694785' lat='51.5611667' lon='9.9717692'>
    <tag k='highway' v='street_lamp' />
    <tag k='light:lit' v='dusk-dawn' />
    <tag k='light:method' v='electric' />
    <tag k='light:tilt' v='-90' />
    <tag k='light_source' v='lantern' />
    <tag k='operator' v='EAM Netz' />
    <tag k='support' v='pole' />
  </node>
  <node id='5940417932' timestamp='2026-01-25T19:10:05Z' uid='1468043' user='jengelh' visible='true' version='3' changeset='177694785' lat='51.5614285' lon='9.9725128'>
    <tag k='highway' v='street_lamp' />
    <tag k='light:lit' v='dusk-dawn' />
    <tag k='light:method' v='electric' />
    <tag k='light:tilt' v='-90' />
    <tag k='light_source' v='lantern' />
    <tag k='operator' v='EAM Netz' />
    <tag k='support' v='pole' />
    <tag k='traffic_sign' v='DE:394' />
  </node>
  <node id='5940417934' timestamp='2018-09-30T10:21:05Z' uid='1468043' user='jengelh' visible='true' version='1' changeset='63059230' lat='51.5609483' lon='9.9719187' />
  <node id='5940417935' timestamp='2018-09-30T10:21:05Z' uid='1468043' user='jengelh' visible='true' version='1' changeset='63059230' lat='51.5610471' lon='9.9712716' />
  <node id='5940417936' timestamp='2018-09-30T10:21:05Z' uid='1468043' user='jengelh' visible='true' version='1' changeset='63059230' lat='51.561089' lon='9.9706711'>
    <tag k='tourism' v='viewpoint' />
  </node>
  <node id='5940417937' timestamp='2018-09-30T10:21:05Z' uid='1468043' user='jengelh' visible='true' version='1' changeset='63059230' lat='51.5623402' lon='9.9718362' />
  <node id='5940417938' timestamp='2018-09-30T10:21:05Z' uid='1468043' user='jengelh' visible='true' version='1' changeset='63059230' lat='51.5621818' lon='9.9716109' />
  <node id='5940417939' timestamp='2023-07-25T21:10:16Z' uid='1468043' user='jengelh' visible='true' version='2' changeset='139008565' lat='51.5620934' lon='9.9715533' />
  <node id='5940417940' timestamp='2023-07-25T21:10:16Z' uid='1468043' user='jengelh' visible='true' version='2' changeset='139008565' lat='51.5620367' lon='9.971523' />
  <node id='5940417941' timestamp='2024-02-24T14:34:01Z' uid='1468043' user='jengelh' visible='true' version='3' changeset='147857774' lat='51.5619616' lon='9.9715316'>
    <tag k='barrier' v='gate' />
    <tag k='height' v='2 m' />
    <tag k='material' v='metal' />
    <tag k='survey:date' v='2024-02-24' />
  </node>
  <node id='5940417943' timestamp='2018-09-30T10:21:05Z' uid='1468043' user='jengelh' visible='true' version='1' changeset='63059230' lat='51.5611801' lon='9.9708921' />
  <node id='5940417951' timestamp='2018-09-30T10:21:05Z' uid='1468043' user='jengelh' visible='true' version='1' changeset='63059230' lat='51.5609174' lon='9.9731499' />
  <node id='5940417952' timestamp='2018-09-30T10:21:05Z' uid='1468043' user='jengelh' visible='true' version='1' changeset='63059230' lat='51.560939' lon='9.9730922' />
  <node id='5940417953' timestamp='2018-09-30T10:21:05Z' uid='1468043' user='jengelh' visible='true' version='1' changeset='63059230' lat='51.5609286' lon='9.9727959' />
  <node id='5940417954' timestamp='2018-09-30T10:21:05Z' uid='1468043' user='jengelh' visible='true' version='1' changeset='63059230' lat='51.5608978' lon='9.9731693' />
  <node id='5940417955' timestamp='2018-09-30T10:21:05Z' uid='1468043' user='jengelh' visible='true' version='1' changeset='63059230' lat='51.5605846' lon='9.9727324' />
  <node id='5940417956' timestamp='2018-09-30T10:21:05Z' uid='1468043' user='jengelh' visible='true' version='1' changeset='63059230' lat='51.5607515' lon='9.9723016' />
  <node id='5940417957' timestamp='2018-09-30T10:21:05Z' uid='1468043' user='jengelh' visible='true' version='1' changeset='63059230' lat='51.5606681' lon='9.9720736' />
  <node id='5940417958' timestamp='2018-09-30T10:21:05Z' uid='1468043' user='jengelh' visible='true' version='1' changeset='63059230' lat='51.5607323' lon='9.9720206' />
  <node id='5940417959' timestamp='2018-09-30T10:21:05Z' uid='1468043' user='jengelh' visible='true' version='1' changeset='63059230' lat='51.5608015' lon='9.9719207' />
  <node id='5940417960' timestamp='2018-09-30T10:21:05Z' uid='1468043' user='jengelh' visible='true' version='1' changeset='63059230' lat='51.5609179' lon='9.9724016' />
  <node id='5940417961' timestamp='2018-09-30T10:21:05Z' uid='1468043' user='jengelh' visible='true' version='1' changeset='63059230' lat='51.5609249' lon='9.9721299' />
  <node id='5940417962' timestamp='2018-09-30T10:21:05Z' uid='1468043' user='jengelh' visible='true' version='1' changeset='63059230' lat='51.5609383' lon='9.9719167' />
  <node id='5940417963' timestamp='2018-09-30T10:21:05Z' uid='1468043' user='jengelh' visible='true' version='1' changeset='63059230' lat='51.5609537' lon='9.9717209' />
  <node id='5940417964' timestamp='2018-09-30T10:21:05Z' uid='1468043' user='jengelh' visible='true' version='1' changeset='63059230' lat='51.5609875' lon='9.9714882' />
  <node id='5940417965' timestamp='2018-09-30T10:21:05Z' uid='1468043' user='jengelh' visible='true' version='1' changeset='63059230' lat='51.5610333' lon='9.971281' />
  <node id='5940417966' timestamp='2018-09-30T10:21:05Z' uid='1468043' user='jengelh' visible='true' version='1' changeset='63059230' lat='51.5610842' lon='9.9710678' />
  <node id='5940417967' timestamp='2018-09-30T10:21:05Z' uid='1468043' user='jengelh' visible='true' version='1' changeset='63059230' lat='51.5611831' lon='9.9707432' />
  <node id='5940417968' timestamp='2018-09-30T10:21:05Z' uid='1468043' user='jengelh' visible='true' version='1' changeset='63059230' lat='51.5609499' lon='9.9721225' />
  <node id='5940417969' timestamp='2018-09-30T10:21:05Z' uid='1468043' user='jengelh' visible='true' version='1' changeset='63059230' lat='51.5609641' lon='9.9719187' />
  <node id='5940417970' timestamp='2018-09-30T10:21:05Z' uid='1468043' user='jengelh' visible='true' version='1' changeset='63059230' lat='51.5609825' lon='9.9717289' />
  <node id='5940417971' timestamp='2018-09-30T10:21:05Z' uid='1468043' user='jengelh' visible='true' version='1' changeset='63059230' lat='51.5610129' lon='9.9715009' />
  <node id='5940417972' timestamp='2018-09-30T10:21:05Z' uid='1468043' user='jengelh' visible='true' version='1' changeset='63059230' lat='51.56106' lon='9.9712937' />
  <node id='5940417973' timestamp='2018-09-30T10:21:05Z' uid='1468043' user='jengelh' visible='true' version='1' changeset='63059230' lat='51.5611125' lon='9.9710778' />
  <node id='5940417974' timestamp='2018-09-30T10:21:05Z' uid='1468043' user='jengelh' visible='true' version='1' changeset='63059230' lat='51.5611375' lon='9.9710845' />
  <node id='6074761484' timestamp='2024-02-08T14:28:12Z' uid='1468043' user='jengelh' visible='true' version='2' changeset='147220321' lat='51.5610476' lon='9.9686203' />
  <node id='6074766686' timestamp='2020-06-08T23:42:06Z' uid='1468043' user='jengelh' visible='true' version='4' changeset='86375216' lat='51.5611763' lon='9.9691272'>
    <tag k='highway' v='street_lamp' />
    <tag k='lamp_mount' v='straight_mast' />
    <tag k='light:colour' v='white' />
    <tag k='light:lit' v='dusk-dawn' />
    <tag k='light:method' v='electric' />
    <tag k='light:shape' v='indirect' />
    <tag k='light_source' v='lantern' />
    <tag k='manufacturer' v='BEGA' />
    <tag k='operator' v='MPI' />
    <tag k='support' v='pole' />
    <tag k='survey:date' v='2019-11-12' />
  </node>
  <node id='6074766687' timestamp='2026-02-04T10:42:40Z' uid='23647113' user='PhOeNiX1580' visible='true' version='2' changeset='178088584' lat='51.5621169' lon='9.9694769'>
    <tag k='entrance' v='service' />
  </node>
  <node id='6074766688' timestamp='2018-11-19T23:28:08Z' uid='1468043' user='jengelh' visible='true' version='1' changeset='64675420' lat='51.5620569' lon='9.9693798' />
  <node id='6074766689' timestamp='2018-11-19T23:28:08Z' uid='1468043' user='jengelh' visible='true' version='1' changeset='64675420' lat='51.5622552' lon='9.9698252' />
  <node id='6074766690' timestamp='2018-11-19T23:28:08Z' uid='1468043' user='jengelh' visible='true' version='1' changeset='64675420' lat='51.5621078' lon='9.9692407' />
  <node id='6074766691' timestamp='2018-11-19T23:28:08Z' uid='1468043' user='jengelh' visible='true' version='1' changeset='64675420' lat='51.562039' lon='9.9693508' />
  <node id='6074766692' timestamp='2018-11-19T23:28:08Z' uid='1468043' user='jengelh' visible='true' version='1' changeset='64675420' lat='51.5621392' lon='9.9695129' />
  <node id='6074766693' timestamp='2018-11-19T23:28:08Z' uid='1468043' user='jengelh' visible='true' version='1' changeset='64675420' lat='51.5621004' lon='9.9695748' />
  <node id='6074766694' timestamp='2018-11-19T23:28:08Z' uid='1468043' user='jengelh' visible='true' version='1' changeset='64675420' lat='51.5621918' lon='9.9697226' />
  <node id='6074766695' timestamp='2022-08-30T08:12:46Z' uid='2573759' user='aeszter' visible='true' version='2' changeset='125555618' lat='51.5622389' lon='9.969897'>
    <tag k='amenity' v='bicycle_parking' />
    <tag k='bicycle_parking' v='stands' />
    <tag k='capacity' v='20' />
    <tag k='covered' v='yes' />
    <tag k='survey:date' v='2018-11-15' />
  </node>
  <node id='6074766696' timestamp='2023-02-25T19:51:11Z' uid='3159762' user='corvusmo' visible='true' version='3' changeset='133020041' lat='51.5625645' lon='9.9701739'>
    <tag k='artist_name' v='Heinz Detlef Wüpper' />
    <tag k='artwork_type' v='sculpture' />
    <tag k='contact:website' v='https://denkmale.goettingen.de/kunstwerke/der-denker/' />
    <tag k='name' v='Der Denker' />
    <tag k='start_date' v='1972' />
    <tag k='survey:date' v='2018-11-15' />
    <tag k='tourism' v='artwork' />
  </node>
  <node id='6074766697' timestamp='2024-01-28T19:58:14Z' uid='1468043' user='jengelh' visible='true' version='4' changeset='146793434' lat='51.5627777' lon='9.9706369'>
    <tag k='amenity' v='bench' />
    <tag k='backrest' v='no' />
    <tag k='material' v='wood' />
    <tag k='seats' v='3' />
    <tag k='survey:date' v='2023-08-23' />
  </node>
  <node id='6074766698' timestamp='2024-04-24T19:30:13Z' uid='1468043' user='jengelh' visible='true' version='2' changeset='150464211' lat='51.5619694' lon='9.970314' />
  <node id='6074766699' timestamp='2018-11-19T23:28:08Z' uid='1468043' user='jengelh' visible='true' version='1' changeset='64675420' lat='51.5622892' lon='9.9697712' />
  <node id='6074766700' timestamp='2018-11-19T23:28:08Z' uid='1468043' user='jengelh' visible='true' version='1' changeset='64675420' lat='51.5625336' lon='9.9701692' />
  <node id='6074766701' timestamp='2018-11-19T23:28:08Z' uid='1468043' user='jengelh' visible='true' version='1' changeset='64675420' lat='51.5625' lon='9.9702226' />
  <node id='6074766702' timestamp='2018-11-19T23:28:08Z' uid='1468043' user='jengelh' visible='true' version='1' changeset='64675420' lat='51.5627534' lon='9.9708563' />
  <node id='6074766703' timestamp='2018-11-19T23:28:08Z' uid='1468043' user='jengelh' visible='true' version='1' changeset='64675420' lat='51.5622588' lon='9.9707824' />
  <node id='6074766704' timestamp='2018-11-19T23:28:08Z' uid='1468043' user='jengelh' visible='true' version='1' changeset='64675420' lat='51.5625549' lon='9.970312' />
  <node id='6074766705' timestamp='2018-11-19T23:28:08Z' uid='1468043' user='jengelh' visible='true' version='1' changeset='64675420' lat='51.5627976' lon='9.9707072' />
  <node id='6074766708' timestamp='2018-11-19T23:28:08Z' uid='1468043' user='jengelh' visible='true' version='1' changeset='64675420' lat='51.5628608' lon='9.9706855' />
  <node id='6074766709' timestamp='2018-11-19T23:28:08Z' uid='1468043' user='jengelh' visible='true' version='1' changeset='64675420' lat='51.5628506' lon='9.9704393' />
  <node id='6074766710' timestamp='2018-11-19T23:28:08Z' uid='1468043' user='jengelh' visible='true' version='1' changeset='64675420' lat='51.5627792' lon='9.9705526' />
  <node id='6074766711' timestamp='2026-02-04T11:26:57Z' uid='23647113' user='PhOeNiX1580' visible='true' version='2' changeset='178090319' lat='51.5628458' lon='9.9706611'>
    <tag k='entrance' v='service' />
  </node>
  <node id='6074766712' timestamp='2020-06-08T23:42:06Z' uid='1468043' user='jengelh' visible='true' version='4' changeset='86375216' lat='51.5623043' lon='9.9709786'>
    <tag k='highway' v='street_lamp' />
    <tag k='lamp_mount' v='straight_mast' />
    <tag k='light:colour' v='white' />
    <tag k='light:lit' v='dusk-dawn' />
    <tag k='light:method' v='electric' />
    <tag k='light:shape' v='indirect' />
    <tag k='light_source' v='lantern' />
    <tag k='manufacturer' v='BEGA' />
    <tag k='operator' v='MPI' />
    <tag k='support' v='pole' />
    <tag k='survey:date' v='2019-11-12' />
  </node>
  <node id='6074766714' timestamp='2020-06-08T23:42:06Z' uid='1468043' user='jengelh' visible='true' version='4' changeset='86375216' lat='51.5629084' lon='9.971743'>
    <tag k='highway' v='street_lamp' />
    <tag k='lamp_mount' v='straight_mast' />
    <tag k='light:colour' v='white' />
    <tag k='light:lit' v='dusk-dawn' />
    <tag k='light:method' v='electric' />
    <tag k='light:shape' v='indirect' />
    <tag k='light_source' v='lantern' />
    <tag k='manufacturer' v='BEGA' />
    <tag k='operator' v='MPI' />
    <tag k='support' v='pole' />
    <tag k='survey:date' v='2019-11-12' />
  </node>
  <node id='6074766715' timestamp='2020-06-08T23:42:06Z' uid='1468043' user='jengelh' visible='true' version='4' changeset='86375216' lat='51.5631556' lon='9.9719375'>
    <tag k='highway' v='street_lamp' />
    <tag k='lamp_mount' v='straight_mast' />
    <tag k='light:colour' v='white' />
    <tag k='light:lit' v='dusk-dawn' />
    <tag k='light:method' v='electric' />
    <tag k='light:shape' v='indirect' />
    <tag k='light_source' v='lantern' />
    <tag k='manufacturer' v='BEGA' />
    <tag k='operator' v='MPI' />
    <tag k='support' v='pole' />
    <tag k='survey:date' v='2019-11-12' />
  </node>
  <node id='6074766716' timestamp='2020-06-08T23:42:06Z' uid='1468043' user='jengelh' visible='true' version='4' changeset='86375216' lat='51.5622193' lon='9.9707976'>
    <tag k='highway' v='street_lamp' />
    <tag k='lamp_mount' v='straight_mast' />
    <tag k='light:colour' v='white' />
    <tag k='light:lit' v='dusk-dawn' />
    <tag k='light:method' v='electric' />
    <tag k='light:shape' v='indirect' />
    <tag k='light_source' v='lantern' />
    <tag k='manufacturer' v='BEGA' />
    <tag k='operator' v='MPI' />
    <tag k='support' v='pole' />
    <tag k='survey:date' v='2019-11-12' />
  </node>
  <node id='6074766717' timestamp='2020-06-08T23:42:06Z' uid='1468043' user='jengelh' visible='true' version='4' changeset='86375216' lat='51.5619133' lon='9.970363'>
    <tag k='highway' v='street_lamp' />
    <tag k='lamp_mount' v='straight_mast' />
    <tag k='light:colour' v='white' />
    <tag k='light:lit' v='dusk-dawn' />
    <tag k='light:method' v='electric' />
    <tag k='light:shape' v='indirect' />
    <tag k='light_source' v='lantern' />
    <tag k='manufacturer' v='BEGA' />
    <tag k='operator' v='MPI' />
    <tag k='support' v='pole' />
    <tag k='survey:date' v='2019-11-12' />
  </node>
  <node id='6074766720' timestamp='2020-02-06T11:14:14Z' uid='1468043' user='jengelh' visible='true' version='4' changeset='80637646' lat='51.5618689' lon='9.9686773'>
    <tag k='highway' v='speed_display' />
    <tag k='survey:date' v='2019-11-12' />
  </node>
  <node id='6223447948' timestamp='2023-02-25T19:51:11Z' uid='3159762' user='corvusmo' visible='true' version='2' changeset='133020041' lat='51.5609554' lon='9.9674072'>
    <tag k='artist_name' v='Jürgen Weber' />
    <tag k='artwork_type' v='sculpture' />
    <tag k='contact:website' v='https://denkmale.goettingen.de/kunstwerke/die-geburt-der-athene/' />
    <tag k='name' v='Die Geburt der Athene' />
    <tag k='start_date' v='1970' />
    <tag k='tourism' v='artwork' />
  </node>
  <node id='6695031892' timestamp='2023-07-25T21:10:16Z' uid='1468043' user='jengelh' visible='true' version='3' changeset='139008565' lat='51.5628916' lon='9.9703465' />
  <node id='6695031897' timestamp='2023-07-25T21:10:16Z' uid='1468043' user='jengelh' visible='true' version='3' changeset='139008565' lat='51.562924' lon='9.9699988' />
  <node id='6695031898' timestamp='2023-07-25T21:10:16Z' uid='1468043' user='jengelh' visible='true' version='2' changeset='139008565' lat='51.563028' lon='9.9696006' />
  <node id='6695031899' timestamp='2023-07-25T21:10:16Z' uid='1468043' user='jengelh' visible='true' version='2' changeset='139008565' lat='51.5629242' lon='9.9695047' />
  <node id='7009037213' timestamp='2026-02-04T11:28:01Z' uid='23647113' user='PhOeNiX1580' visible='true' version='2' changeset='178090319' lat='51.5627392' lon='9.9708789'>
    <tag k='entrance' v='service' />
  </node>
  <node id='7009037215' timestamp='2026-02-04T11:26:51Z' uid='23647113' user='PhOeNiX1580' visible='true' version='3' changeset='178090319' lat='51.5626733' lon='9.9709366'>
    <tag k='entrance' v='service' />
  </node>
  <node id='7009037217' timestamp='2019-11-25T17:21:50Z' uid='1468043' user='jengelh' visible='true' version='1' changeset='77536485' lat='51.5620882' lon='9.9700905' />
  <node id='7009037218' timestamp='2024-04-24T19:30:13Z' uid='1468043' user='jengelh' visible='true' version='2' changeset='150464211' lat='51.5626896' lon='9.9709706' />
  <node id='7009037219' timestamp='2024-04-24T19:30:13Z' uid='1468043' user='jengelh' visible='true' version='2' changeset='150464211' lat='51.5627431' lon='9.9708852' />
  <node id='7009037220' timestamp='2019-11-25T17:21:50Z' uid='1468043' user='jengelh' visible='true' version='1' changeset='77536485' lat='51.5628995' lon='9.9711387' />
  <node id='7009037221' timestamp='2019-11-25T17:21:50Z' uid='1468043' user='jengelh' visible='true' version='1' changeset='77536485' lat='51.5628625' lon='9.9711977' />
  <node id='7009037222' timestamp='2024-04-24T19:30:13Z' uid='1468043' user='jengelh' visible='true' version='2' changeset='150464211' lat='51.5630954' lon='9.9715751' />
  <node id='7009037223' timestamp='2024-04-24T19:30:13Z' uid='1468043' user='jengelh' visible='true' version='2' changeset='150464211' lat='51.5630302' lon='9.9716792' />
  <node id='7009037224' timestamp='2019-11-25T17:21:50Z' uid='1468043' user='jengelh' visible='true' version='1' changeset='77536485' lat='51.5627809' lon='9.9712751' />
  <node id='7009037225' timestamp='2024-04-24T19:30:13Z' uid='1468043' user='jengelh' visible='true' version='2' changeset='150464211' lat='51.5627435' lon='9.9713349' />
  <node id='7009037226' timestamp='2019-11-25T17:21:50Z' uid='1468043' user='jengelh' visible='true' version='1' changeset='77536485' lat='51.5613849' lon='9.9691224' />
  <node id='7009037227' timestamp='2019-11-25T17:21:50Z' uid='1468043' user='jengelh' visible='true' version='1' changeset='77536485' lat='51.5611281' lon='9.9687063' />
  <node id='7009037228' timestamp='2019-11-25T17:21:50Z' uid='1468043' user='jengelh' visible='true' version='1' changeset='77536485' lat='51.5612027' lon='9.9685872' />
  <node id='7009037229' timestamp='2019-11-25T17:21:50Z' uid='1468043' user='jengelh' visible='true' version='1' changeset='77536485' lat='51.5613324' lon='9.9692064' />
  <node id='7009037230' timestamp='2019-11-25T17:21:50Z' uid='1468043' user='jengelh' visible='true' version='1' changeset='77536485' lat='51.5617712' lon='9.9694798' />
  <node id='7009037231' timestamp='2019-11-25T17:21:50Z' uid='1468043' user='jengelh' visible='true' version='1' changeset='77536485' lat='51.5617325' lon='9.969417' />
  <node id='7009037232' timestamp='2019-11-25T17:21:50Z' uid='1468043' user='jengelh' visible='true' version='1' changeset='77536485' lat='51.5617661' lon='9.9693634' />
  <node id='7009037233' timestamp='2019-11-25T17:21:50Z' uid='1468043' user='jengelh' visible='true' version='1' changeset='77536485' lat='51.5618048' lon='9.9694261' />
  <node id='7009037234' timestamp='2019-11-25T17:21:50Z' uid='1468043' user='jengelh' visible='true' version='1' changeset='77536485' lat='51.561697' lon='9.9698684' />
  <node id='7009037235' timestamp='2019-11-25T17:21:50Z' uid='1468043' user='jengelh' visible='true' version='1' changeset='77536485' lat='51.56184' lon='9.9696401' />
  <node id='7009037236' timestamp='2019-11-25T17:21:50Z' uid='1468043' user='jengelh' visible='true' version='1' changeset='77536485' lat='51.5617401' lon='9.9694783' />
  <node id='7009037237' timestamp='2019-11-25T17:21:50Z' uid='1468043' user='jengelh' visible='true' version='1' changeset='77536485' lat='51.5615976' lon='9.9697058' />
  <node id='7009037238' timestamp='2019-11-25T17:21:50Z' uid='1468043' user='jengelh' visible='true' version='1' changeset='77536485' lat='51.5615842' lon='9.9696143' />
  <node id='7009037239' timestamp='2019-11-25T17:21:50Z' uid='1468043' user='jengelh' visible='true' version='1' changeset='77536485' lat='51.5617538' lon='9.9693434' />
  <node id='7009037240' timestamp='2019-11-25T17:21:50Z' uid='1468043' user='jengelh' visible='true' version='1' changeset='77536485' lat='51.5619212' lon='9.9696148' />
  <node id='7009037241' timestamp='2024-04-24T19:30:13Z' uid='1468043' user='jengelh' visible='true' version='2' changeset='150464211' lat='51.562335' lon='9.970647' />
  <node id='7009037242' timestamp='2024-04-24T19:30:13Z' uid='1468043' user='jengelh' visible='true' version='2' changeset='150464211' lat='51.5620509' lon='9.9701844' />
  <node id='7009037243' timestamp='2024-04-24T19:30:13Z' uid='1468043' user='jengelh' visible='true' version='2' changeset='150464211' lat='51.5620469' lon='9.9701144' />
  <node id='7009037245' timestamp='2024-04-24T19:30:13Z' uid='1468043' user='jengelh' visible='true' version='2' changeset='150464211' lat='51.5622572' lon='9.9706922' />
  <node id='7009037246' timestamp='2019-11-25T17:21:50Z' uid='1468043' user='jengelh' visible='true' version='1' changeset='77536485' lat='51.5619737' lon='9.9702307' />
  <node id='7009037255' timestamp='2024-01-28T19:58:14Z' uid='1468043' user='jengelh' visible='true' version='3' changeset='146793434' lat='51.5625305' lon='9.9701501'>
    <tag k='amenity' v='bench' />
    <tag k='backrest' v='no' />
    <tag k='material' v='wood' />
    <tag k='seats' v='3' />
    <tag k='survey:date' v='2023-08-23' />
  </node>
  <node id='7009037256' timestamp='2024-01-28T19:58:14Z' uid='1468043' user='jengelh' visible='true' version='3' changeset='146793434' lat='51.562539' lon='9.9701347'>
    <tag k='amenity' v='bench' />
    <tag k='backrest' v='no' />
    <tag k='material' v='wood' />
    <tag k='seats' v='3' />
    <tag k='survey:date' v='2023-08-23' />
  </node>
  <node id='7009037257' timestamp='2024-01-28T19:58:14Z' uid='1468043' user='jengelh' visible='true' version='3' changeset='146793434' lat='51.5626145' lon='9.9703757'>
    <tag k='amenity' v='bench' />
    <tag k='backrest' v='no' />
    <tag k='material' v='wood' />
    <tag k='seats' v='3' />
    <tag k='survey:date' v='2023-08-23' />
  </node>
  <node id='7009037258' timestamp='2024-01-28T19:58:14Z' uid='1468043' user='jengelh' visible='true' version='3' changeset='146793434' lat='51.5625457' lon='9.9702416'>
    <tag k='amenity' v='waste_basket' />
    <tag k='survey:date' v='2023-08-23' />
  </node>
  <node id='7009037259' timestamp='2024-01-28T19:58:14Z' uid='1468043' user='jengelh' visible='true' version='3' changeset='146793434' lat='51.5624638' lon='9.9704943'>
    <tag k='amenity' v='waste_basket' />
    <tag k='survey:date' v='2023-08-25' />
  </node>
  <node id='7009037260' timestamp='2023-01-24T12:47:18Z' uid='18052892' user='DonRoPL' visible='true' version='2' changeset='131650412' lat='51.5624644' lon='9.9703436'>
    <tag k='emergency' v='dry_riser_inlet' />
    <tag k='extinguishing:medium' v='foam' />
    <tag k='ref' v='Schaumeinfüllstutzen 10' />
    <tag k='survey:date' v='2019-11-13' />
  </node>
  <node id='7009037261' timestamp='2024-01-28T19:58:14Z' uid='1468043' user='jengelh' visible='true' version='3' changeset='146793434' lat='51.5627923' lon='9.9706636'>
    <tag k='amenity' v='bench' />
    <tag k='backrest' v='no' />
    <tag k='material' v='wood' />
    <tag k='seats' v='3' />
    <tag k='survey:date' v='2023-08-23' />
  </node>
  <node id='7009037262' timestamp='2024-01-28T19:58:14Z' uid='1468043' user='jengelh' visible='true' version='3' changeset='146793434' lat='51.5628069' lon='9.9706902'>
    <tag k='amenity' v='bench' />
    <tag k='backrest' v='no' />
    <tag k='material' v='wood' />
    <tag k='seats' v='3' />
    <tag k='survey:date' v='2023-08-23' />
  </node>
  <node id='7009037263' timestamp='2024-01-28T19:58:14Z' uid='1468043' user='jengelh' visible='true' version='3' changeset='146793434' lat='51.5627798' lon='9.9707036'>
    <tag k='amenity' v='waste_basket' />
    <tag k='survey:date' v='2023-08-23' />
  </node>
  <node id='7009037264' timestamp='2023-01-24T12:47:18Z' uid='18052892' user='DonRoPL' visible='true' version='2' changeset='131650412' lat='51.5626858' lon='9.9708492'>
    <tag k='emergency' v='dry_riser_inlet' />
    <tag k='extinguishing:medium' v='foam' />
    <tag k='ref' v='Schaumeinfüllstutzen 11' />
    <tag k='survey:date' v='2019-11-13' />
  </node>
  <node id='7009037265' timestamp='2023-08-20T13:29:10Z' uid='1468043' user='jengelh' visible='true' version='3' changeset='140133029' lat='51.5629263' lon='9.9710952'>
    <tag k='amenity' v='waste_basket' />
    <tag k='survey:date' v='2023-07-10' />
  </node>
  <node id='7009037266' timestamp='2019-11-25T17:21:50Z' uid='1468043' user='jengelh' visible='true' version='1' changeset='77536485' lat='51.5631527' lon='9.9715851' />
  <node id='7009037267' timestamp='2019-11-25T17:21:50Z' uid='1468043' user='jengelh' visible='true' version='1' changeset='77536485' lat='51.5631826' lon='9.9716336' />
  <node id='7009037268' timestamp='2019-11-25T17:21:50Z' uid='1468043' user='jengelh' visible='true' version='1' changeset='77536485' lat='51.5632067' lon='9.971595' />
  <node id='7009037269' timestamp='2019-11-25T17:21:50Z' uid='1468043' user='jengelh' visible='true' version='1' changeset='77536485' lat='51.5631657' lon='9.9715287' />
  <node id='7009037270' timestamp='2019-11-25T17:21:50Z' uid='1468043' user='jengelh' visible='true' version='1' changeset='77536485' lat='51.5631806' lon='9.971505' />
  <node id='7009037271' timestamp='2019-11-25T17:21:50Z' uid='1468043' user='jengelh' visible='true' version='1' changeset='77536485' lat='51.5632262' lon='9.9715052' />
  <node id='7009037272' timestamp='2023-10-28T10:57:03Z' uid='85475' user='miche101' visible='true' version='2' changeset='143254890' lat='51.5630242' lon='9.9716981'>
    <tag k='emergency' v='fire_hydrant' />
    <tag k='fire_hydrant:diameter' v='100' />
    <tag k='fire_hydrant:position' v='sidewalk' />
    <tag k='fire_hydrant:type' v='pillar' />
    <tag k='ref' v='Außenhydrant 5; T6/EG' />
    <tag k='survey:date' v='2019-11-12' />
  </node>
  <node id='7009037273' timestamp='2026-02-04T11:26:47Z' uid='23647113' user='PhOeNiX1580' visible='true' version='2' changeset='178090319' lat='51.5628005' lon='9.9709783'>
    <tag k='entrance' v='service' />
  </node>
  <node id='7009037274' timestamp='2019-11-25T17:21:50Z' uid='1468043' user='jengelh' visible='true' version='1' changeset='77536485' lat='51.562791' lon='9.9707966' />
  <node id='7009037275' timestamp='2019-11-25T17:21:50Z' uid='1468043' user='jengelh' visible='true' version='1' changeset='77536485' lat='51.5628522' lon='9.9708956' />
  <node id='7009037276' timestamp='2020-06-08T23:42:06Z' uid='1468043' user='jengelh' visible='true' version='3' changeset='86375216' lat='51.5609679' lon='9.9692868'>
    <tag k='highway' v='street_lamp' />
    <tag k='lamp_mount' v='straight_mast' />
    <tag k='light:colour' v='white' />
    <tag k='light:lit' v='dusk-dawn' />
    <tag k='light:method' v='electric' />
    <tag k='light:shape' v='indirect' />
    <tag k='light_source' v='lantern' />
    <tag k='manufacturer' v='BEGA' />
    <tag k='operator' v='MPI' />
    <tag k='support' v='pole' />
    <tag k='survey:date' v='2019-11-12' />
  </node>
  <node id='7009037277' timestamp='2020-06-08T23:42:06Z' uid='1468043' user='jengelh' visible='true' version='3' changeset='86375216' lat='51.5610796' lon='9.9691185'>
    <tag k='highway' v='street_lamp' />
    <tag k='lamp_mount' v='straight_mast' />
    <tag k='light:colour' v='white' />
    <tag k='light:lit' v='dusk-dawn' />
    <tag k='light:method' v='electric' />
    <tag k='light:shape' v='indirect' />
    <tag k='light_source' v='lantern' />
    <tag k='manufacturer' v='BEGA' />
    <tag k='operator' v='MPI' />
    <tag k='support' v='pole' />
    <tag k='survey:date' v='2019-11-12' />
  </node>
  <node id='7009037279' timestamp='2019-11-25T17:21:50Z' uid='1468043' user='jengelh' visible='true' version='1' changeset='77536485' lat='51.5603254' lon='9.9672286' />
  <node id='7009037284' timestamp='2023-10-28T10:57:03Z' uid='85475' user='miche101' visible='true' version='2' changeset='143254890' lat='51.5610896' lon='9.9686296'>
    <tag k='emergency' v='fire_hydrant' />
    <tag k='fire_hydrant:diameter' v='100' />
    <tag k='fire_hydrant:position' v='sidewalk' />
    <tag k='fire_hydrant:type' v='pillar' />
    <tag k='ref' v='Außenhydrant 2; T1/EG' />
    <tag k='survey:date' v='2019-11-12' />
  </node>
  <node id='7009049686' timestamp='2023-10-28T10:57:03Z' uid='85475' user='miche101' visible='true' version='2' changeset='143254890' lat='51.5622843' lon='9.970938'>
    <tag k='emergency' v='fire_hydrant' />
    <tag k='fire_hydrant:diameter' v='100' />
    <tag k='fire_hydrant:position' v='sidewalk' />
    <tag k='fire_hydrant:type' v='pillar' />
    <tag k='ref' v='Außenhydrant 4; ZK/EG' />
    <tag k='survey:date' v='2019-11-12' />
  </node>
  <node id='7009049687' timestamp='2023-10-28T10:57:03Z' uid='85475' user='miche101' visible='true' version='2' changeset='143254890' lat='51.5623692' lon='9.9697575'>
    <tag k='emergency' v='fire_hydrant' />
    <tag k='fire_hydrant:diameter' v='100' />
    <tag k='fire_hydrant:position' v='sidewalk' />
    <tag k='fire_hydrant:type' v='pillar' />
    <tag k='ref' v='Außenhydrant 7; T4' />
    <tag k='survey:date' v='2019-11-12' />
  </node>
  <node id='7009049688' timestamp='2023-10-28T10:57:03Z' uid='85475' user='miche101' visible='true' version='2' changeset='143254890' lat='51.5618818' lon='9.9686735'>
    <tag k='emergency' v='fire_hydrant' />
    <tag k='fire_hydrant:diameter' v='100' />
    <tag k='fire_hydrant:position' v='sidewalk' />
    <tag k='fire_hydrant:type' v='pillar' />
    <tag k='ref' v='Außenhydrant 8; NMR1/SUG' />
    <tag k='survey:date' v='2019-11-12' />
  </node>
  <node id='7009049689' timestamp='2023-10-28T10:57:03Z' uid='85475' user='miche101' visible='true' version='2' changeset='143254890' lat='51.5613408' lon='9.9680204'>
    <tag k='emergency' v='fire_hydrant' />
    <tag k='fire_hydrant:diameter' v='100' />
    <tag k='fire_hydrant:position' v='sidewalk' />
    <tag k='fire_hydrant:type' v='pillar' />
    <tag k='ref' v='Außenhydrant 9; T1/SUG' />
    <tag k='survey:date' v='2019-11-12' />
  </node>
  <node id='7009049690' timestamp='2024-02-08T14:28:12Z' uid='1468043' user='jengelh' visible='true' version='4' changeset='147220321' lat='51.5609591' lon='9.9687228'>
    <tag k='highway' v='street_lamp' />
    <tag k='lamp_mount' v='straight_mast' />
    <tag k='light:colour' v='white' />
    <tag k='light:lit' v='dusk-dawn' />
    <tag k='light:method' v='electric' />
    <tag k='light:shape' v='indirect' />
    <tag k='light_source' v='lantern' />
    <tag k='manufacturer' v='BEGA' />
    <tag k='operator' v='MPI' />
    <tag k='support' v='pole' />
    <tag k='survey:date' v='2019-11-12' />
  </node>
  <node id='7009049691' timestamp='2020-06-08T23:42:06Z' uid='1468043' user='jengelh' visible='true' version='3' changeset='86375216' lat='51.5625403' lon='9.9711442'>
    <tag k='highway' v='street_lamp' />
    <tag k='lamp_mount' v='straight_mast' />
    <tag k='light:colour' v='white' />
    <tag k='light:lit' v='dusk-dawn' />
    <tag k='light:method' v='electric' />
    <tag k='light:shape' v='indirect' />
    <tag k='light_source' v='lantern' />
    <tag k='manufacturer' v='BEGA' />
    <tag k='operator' v='MPI' />
    <tag k='support' v='pole' />
    <tag k='survey:date' v='2019-11-12' />
  </node>
  <node id='7009049692' timestamp='2020-06-08T23:42:06Z' uid='1468043' user='jengelh' visible='true' version='3' changeset='86375216' lat='51.5627312' lon='9.9714366'>
    <tag k='highway' v='street_lamp' />
    <tag k='lamp_mount' v='straight_mast' />
    <tag k='light:colour' v='white' />
    <tag k='light:lit' v='dusk-dawn' />
    <tag k='light:method' v='electric' />
    <tag k='light:shape' v='indirect' />
    <tag k='light_source' v='lantern' />
    <tag k='manufacturer' v='BEGA' />
    <tag k='operator' v='MPI' />
    <tag k='support' v='pole' />
    <tag k='survey:date' v='2019-11-12' />
  </node>
  <node id='7009049693' timestamp='2019-11-25T17:21:50Z' uid='1468043' user='jengelh' visible='true' version='1' changeset='77536485' lat='51.5632484' lon='9.971314' />
  <node id='7009049694' timestamp='2019-11-25T17:21:50Z' uid='1468043' user='jengelh' visible='true' version='1' changeset='77536485' lat='51.5632824' lon='9.971369' />
  <node id='7009049695' timestamp='2019-11-25T17:21:50Z' uid='1468043' user='jengelh' visible='true' version='1' changeset='77536485' lat='51.5633172' lon='9.9713134' />
  <node id='7009049696' timestamp='2019-11-25T17:21:50Z' uid='1468043' user='jengelh' visible='true' version='1' changeset='77536485' lat='51.5632832' lon='9.9712584' />
  <node id='7009049697' timestamp='2019-11-25T17:21:50Z' uid='1468043' user='jengelh' visible='true' version='1' changeset='77536485' lat='51.5632731' lon='9.9716507' />
  <node id='7009049698' timestamp='2019-11-25T17:21:50Z' uid='1468043' user='jengelh' visible='true' version='1' changeset='77536485' lat='51.5632349' lon='9.971587' />
  <node id='7009049699' timestamp='2020-06-08T23:42:06Z' uid='1468043' user='jengelh' visible='true' version='3' changeset='86375216' lat='51.5633765' lon='9.9720669'>
    <tag k='highway' v='street_lamp' />
    <tag k='lamp_mount' v='straight_mast' />
    <tag k='light:colour' v='white' />
    <tag k='light:lit' v='dusk-dawn' />
    <tag k='light:method' v='electric' />
    <tag k='light:shape' v='indirect' />
    <tag k='light_source' v='lantern' />
    <tag k='manufacturer' v='BEGA' />
    <tag k='operator' v='MPI' />
    <tag k='support' v='pole' />
    <tag k='survey:date' v='2019-11-12' />
  </node>
  <node id='7009049700' timestamp='2023-07-25T21:10:16Z' uid='1468043' user='jengelh' visible='true' version='4' changeset='139008565' lat='51.5636783' lon='9.9718792'>
    <tag k='highway' v='street_lamp' />
    <tag k='lamp_mount' v='straight_mast' />
    <tag k='light:colour' v='white' />
    <tag k='light:lit' v='dusk-dawn' />
    <tag k='light:method' v='electric' />
    <tag k='light:shape' v='indirect' />
    <tag k='light_source' v='lantern' />
    <tag k='manufacturer' v='BEGA' />
    <tag k='operator' v='MPI' />
    <tag k='support' v='pole' />
    <tag k='survey:date' v='2019-11-12' />
  </node>
  <node id='7009049701' timestamp='2023-08-28T14:59:18Z' uid='2573759' user='aeszter' visible='true' version='2' changeset='140499642' lat='51.5636853' lon='9.9718612'>
    <tag k='emergency' v='assembly_point' />
    <tag k='survey:date' v='2019-11-12' />
  </node>
  <node id='7009049702' timestamp='2024-04-24T19:30:13Z' uid='1468043' user='jengelh' visible='true' version='4' changeset='150464211' lat='51.5635388' lon='9.9713378'>
    <tag k='highway' v='street_lamp' />
    <tag k='lamp_mount' v='straight_mast' />
    <tag k='light:colour' v='white' />
    <tag k='light:lit' v='dusk-dawn' />
    <tag k='light:method' v='electric' />
    <tag k='light:shape' v='indirect' />
    <tag k='light_source' v='lantern' />
    <tag k='manufacturer' v='BEGA' />
    <tag k='operator' v='MPI' />
    <tag k='support' v='pole' />
    <tag k='survey:date' v='2019-11-12' />
  </node>
  <node id='7009049703' timestamp='2020-06-08T23:42:06Z' uid='1468043' user='jengelh' visible='true' version='3' changeset='86375216' lat='51.5633972' lon='9.9710867'>
    <tag k='highway' v='street_lamp' />
    <tag k='lamp_mount' v='straight_mast' />
    <tag k='light:colour' v='white' />
    <tag k='light:lit' v='dusk-dawn' />
    <tag k='light:method' v='electric' />
    <tag k='light:shape' v='indirect' />
    <tag k='light_source' v='lantern' />
    <tag k='manufacturer' v='BEGA' />
    <tag k='operator' v='MPI' />
    <tag k='support' v='pole' />
    <tag k='survey:date' v='2019-11-12' />
  </node>
  <node id='7009049704' timestamp='2020-06-08T23:42:06Z' uid='1468043' user='jengelh' visible='true' version='3' changeset='86375216' lat='51.5632535' lon='9.9708697'>
    <tag k='highway' v='street_lamp' />
    <tag k='lamp_mount' v='straight_mast' />
    <tag k='light:colour' v='white' />
    <tag k='light:lit' v='dusk-dawn' />
    <tag k='light:method' v='electric' />
    <tag k='light:shape' v='indirect' />
    <tag k='light_source' v='lantern' />
    <tag k='manufacturer' v='BEGA' />
    <tag k='operator' v='MPI' />
    <tag k='support' v='pole' />
    <tag k='survey:date' v='2019-11-12' />
  </node>
  <node id='7009049706' timestamp='2023-07-25T21:10:16Z' uid='1468043' user='jengelh' visible='true' version='3' changeset='139008565' lat='51.5630768' lon='9.970532' />
  <node id='7009049707' timestamp='2023-07-25T21:10:16Z' uid='1468043' user='jengelh' visible='true' version='3' changeset='139008565' lat='51.5628472' lon='9.9697955' />
  <node id='7009049708' timestamp='2023-07-25T21:10:16Z' uid='1468043' user='jengelh' visible='true' version='3' changeset='139008565' lat='51.5628341' lon='9.9696518' />
  <node id='7009049709' timestamp='2020-06-08T23:42:06Z' uid='1468043' user='jengelh' visible='true' version='3' changeset='86375216' lat='51.5630376' lon='9.9705957'>
    <tag k='highway' v='street_lamp' />
    <tag k='lamp_mount' v='straight_mast' />
    <tag k='light:colour' v='white' />
    <tag k='light:lit' v='dusk-dawn' />
    <tag k='light:method' v='electric' />
    <tag k='light:shape' v='indirect' />
    <tag k='light_source' v='lantern' />
    <tag k='manufacturer' v='BEGA' />
    <tag k='operator' v='MPI' />
    <tag k='support' v='pole' />
    <tag k='survey:date' v='2019-11-12' />
  </node>
  <node id='7009049711' timestamp='2024-08-05T12:32:07Z' uid='2573759' user='aeszter' visible='true' version='3' changeset='154848831' lat='51.5626728' lon='9.9704131'>
    <tag k='entrance' v='main' />
    <tag k='ref' v='T11' />
  </node>
  <node id='7009049712' timestamp='2019-11-25T17:21:50Z' uid='1468043' user='jengelh' visible='true' version='1' changeset='77536485' lat='51.5626341' lon='9.970113' />
  <node id='7009049714' timestamp='2019-11-25T17:21:50Z' uid='1468043' user='jengelh' visible='true' version='1' changeset='77536485' lat='51.562289' lon='9.9693093' />
  <node id='7009049715' timestamp='2019-11-25T17:21:50Z' uid='1468043' user='jengelh' visible='true' version='1' changeset='77536485' lat='51.562217' lon='9.9694217' />
  <node id='7009049716' timestamp='2019-11-25T17:21:50Z' uid='1468043' user='jengelh' visible='true' version='1' changeset='77536485' lat='51.5621494' lon='9.9694173' />
  <node id='7009049717' timestamp='2019-11-25T17:21:50Z' uid='1468043' user='jengelh' visible='true' version='1' changeset='77536485' lat='51.5621443' lon='9.969425' />
  <node id='7009049718' timestamp='2019-11-25T17:21:50Z' uid='1468043' user='jengelh' visible='true' version='1' changeset='77536485' lat='51.5621373' lon='9.9694263' />
  <node id='7009049719' timestamp='2019-11-25T17:21:50Z' uid='1468043' user='jengelh' visible='true' version='1' changeset='77536485' lat='51.5621311' lon='9.9694208' />
  <node id='7009049720' timestamp='2019-11-25T17:21:50Z' uid='1468043' user='jengelh' visible='true' version='1' changeset='77536485' lat='51.5621282' lon='9.9694105' />
  <node id='7009049721' timestamp='2019-11-25T17:21:50Z' uid='1468043' user='jengelh' visible='true' version='1' changeset='77536485' lat='51.5621295' lon='9.9693994' />
  <node id='7009049722' timestamp='2019-11-25T17:21:50Z' uid='1468043' user='jengelh' visible='true' version='1' changeset='77536485' lat='51.5621347' lon='9.9693917' />
  <node id='7009049723' timestamp='2019-11-25T17:21:50Z' uid='1468043' user='jengelh' visible='true' version='1' changeset='77536485' lat='51.5621417' lon='9.9693903' />
  <node id='7009049724' timestamp='2019-11-25T17:21:50Z' uid='1468043' user='jengelh' visible='true' version='1' changeset='77536485' lat='51.5621478' lon='9.9693959' />
  <node id='7009049725' timestamp='2019-11-25T17:21:50Z' uid='1468043' user='jengelh' visible='true' version='1' changeset='77536485' lat='51.5621508' lon='9.9694061' />
  <node id='7009049726' timestamp='2019-11-25T17:21:50Z' uid='1468043' user='jengelh' visible='true' version='1' changeset='77536485' lat='51.562088' lon='9.9693042'>
    <tag k='access' v='private' />
    <tag k='amenity' v='recycling' />
    <tag k='recycling:glass' v='yes' />
    <tag k='recycling:glass_bottles' v='yes' />
    <tag k='recycling_type' v='container' />
  </node>
  <node id='7009049727' timestamp='2024-08-05T12:32:07Z' uid='2573759' user='aeszter' visible='true' version='2' changeset='154848831' lat='51.5619761' lon='9.9688223'>
    <tag k='entrance' v='yes' />
    <tag k='ref' v='T23' />
  </node>
  <node id='7009049728' timestamp='2023-08-20T13:26:39Z' uid='1468043' user='jengelh' visible='true' version='3' changeset='140132860' lat='51.5619908' lon='9.9688522'>
    <tag k='amenity' v='bench' />
    <tag k='backrest' v='yes' />
    <tag k='material' v='wood' />
    <tag k='seats' v='3' />
    <tag k='survey:date' v='2023-08-17' />
  </node>
  <node id='7009049729' timestamp='2020-06-08T23:42:06Z' uid='1468043' user='jengelh' visible='true' version='3' changeset='86375216' lat='51.562069' lon='9.9690763'>
    <tag k='highway' v='street_lamp' />
    <tag k='lamp_mount' v='straight_mast' />
    <tag k='light:colour' v='white' />
    <tag k='light:lit' v='dusk-dawn' />
    <tag k='light:method' v='electric' />
    <tag k='light:shape' v='indirect' />
    <tag k='light_source' v='lantern' />
    <tag k='manufacturer' v='BEGA' />
    <tag k='operator' v='MPI' />
    <tag k='support' v='pole' />
    <tag k='survey:date' v='2019-11-12' />
  </node>
  <node id='7009049730' timestamp='2019-11-25T17:21:50Z' uid='1468043' user='jengelh' visible='true' version='1' changeset='77536485' lat='51.5613585' lon='9.967908' />
  <node id='7009049731' timestamp='2019-11-25T17:21:50Z' uid='1468043' user='jengelh' visible='true' version='1' changeset='77536485' lat='51.5615487' lon='9.968224' />
  <node id='7009049732' timestamp='2020-06-08T23:42:06Z' uid='1468043' user='jengelh' visible='true' version='3' changeset='86375216' lat='51.5618694' lon='9.9686755'>
    <tag k='highway' v='street_lamp' />
    <tag k='lamp_mount' v='straight_mast' />
    <tag k='light:colour' v='white' />
    <tag k='light:lit' v='dusk-dawn' />
    <tag k='light:method' v='electric' />
    <tag k='light:shape' v='indirect' />
    <tag k='light_source' v='lantern' />
    <tag k='manufacturer' v='BEGA' />
    <tag k='operator' v='MPI' />
    <tag k='support' v='pole' />
    <tag k='survey:date' v='2019-11-12' />
  </node>
  <node id='7009049733' timestamp='2020-06-08T23:42:06Z' uid='1468043' user='jengelh' visible='true' version='3' changeset='86375216' lat='51.5617191' lon='9.9684266'>
    <tag k='highway' v='street_lamp' />
    <tag k='lamp_mount' v='straight_mast' />
    <tag k='light:colour' v='white' />
    <tag k='light:lit' v='dusk-dawn' />
    <tag k='light:method' v='electric' />
    <tag k='light:shape' v='indirect' />
    <tag k='light_source' v='lantern' />
    <tag k='manufacturer' v='BEGA' />
    <tag k='operator' v='MPI' />
    <tag k='support' v='pole' />
    <tag k='survey:date' v='2019-11-12' />
  </node>
  <node id='7009049734' timestamp='2020-06-08T23:42:06Z' uid='1468043' user='jengelh' visible='true' version='3' changeset='86375216' lat='51.5615426' lon='9.9681251'>
    <tag k='highway' v='street_lamp' />
    <tag k='lamp_mount' v='straight_mast' />
    <tag k='light:colour' v='white' />
    <tag k='light:lit' v='dusk-dawn' />
    <tag k='light:method' v='electric' />
    <tag k='light:shape' v='indirect' />
    <tag k='light_source' v='lantern' />
    <tag k='manufacturer' v='BEGA' />
    <tag k='operator' v='MPI' />
    <tag k='support' v='pole' />
    <tag k='survey:date' v='2019-11-12' />
  </node>
  <node id='7009049735' timestamp='2020-06-08T23:42:06Z' uid='1468043' user='jengelh' visible='true' version='3' changeset='86375216' lat='51.5613309' lon='9.967967'>
    <tag k='highway' v='street_lamp' />
    <tag k='lamp_mount' v='straight_mast' />
    <tag k='light:colour' v='white' />
    <tag k='light:lit' v='dusk-dawn' />
    <tag k='light:method' v='electric' />
    <tag k='light:shape' v='indirect' />
    <tag k='light_source' v='lantern' />
    <tag k='manufacturer' v='BEGA' />
    <tag k='operator' v='MPI' />
    <tag k='support' v='pole' />
    <tag k='survey:date' v='2019-11-12' />
  </node>
  <node id='7009049736' timestamp='2023-10-28T10:57:03Z' uid='85475' user='miche101' visible='true' version='2' changeset='143254890' lat='51.5610193' lon='9.9671552'>
    <tag k='emergency' v='fire_hydrant' />
    <tag k='fire_hydrant:diameter' v='100' />
    <tag k='fire_hydrant:position' v='sidewalk' />
    <tag k='fire_hydrant:type' v='pillar' />
    <tag k='survey:date' v='2019-11-12' />
  </node>
  <node id='7009049737' timestamp='2025-05-24T11:02:51Z' uid='44217' user='kjon' visible='true' version='3' changeset='166691336' lat='51.5612696' lon='9.9675224'>
    <tag k='emergency' v='fire_service_inlet' />
    <tag k='extinguishing:medium' v='foam' />
    <tag k='fire_mains' v='dry' />
    <tag k='ref' v='Schaumeinfüllstutzen 22' />
    <tag k='survey:date' v='2019-11-12' />
  </node>
  <node id='7009049738' timestamp='2020-06-08T23:42:06Z' uid='1468043' user='jengelh' visible='true' version='3' changeset='86375216' lat='51.5610267' lon='9.9674519'>
    <tag k='highway' v='street_lamp' />
    <tag k='lamp_mount' v='straight_mast' />
    <tag k='light:colour' v='white' />
    <tag k='light:lit' v='dusk-dawn' />
    <tag k='light:method' v='electric' />
    <tag k='light:shape' v='indirect' />
    <tag k='light_source' v='lantern' />
    <tag k='manufacturer' v='BEGA' />
    <tag k='operator' v='MPI' />
    <tag k='support' v='pole' />
    <tag k='survey:date' v='2019-11-12' />
  </node>
  <node id='7009049742' timestamp='2019-11-25T17:21:50Z' uid='1468043' user='jengelh' visible='true' version='1' changeset='77536485' lat='51.5608134' lon='9.9673497' />
  <node id='7009049743' timestamp='2019-11-25T17:21:50Z' uid='1468043' user='jengelh' visible='true' version='1' changeset='77536485' lat='51.5609031' lon='9.9673298' />
  <node id='7009049744' timestamp='2019-11-25T17:21:50Z' uid='1468043' user='jengelh' visible='true' version='1' changeset='77536485' lat='51.5605722' lon='9.9669317' />
  <node id='7009049745' timestamp='2019-11-25T17:21:50Z' uid='1468043' user='jengelh' visible='true' version='1' changeset='77536485' lat='51.5605662' lon='9.9669113' />
  <node id='7009049746' timestamp='2019-11-25T17:21:50Z' uid='1468043' user='jengelh' visible='true' version='1' changeset='77536485' lat='51.560562' lon='9.9668638' />
  <node id='7009049747' timestamp='2019-11-25T17:21:50Z' uid='1468043' user='jengelh' visible='true' version='1' changeset='77536485' lat='51.5605675' lon='9.9667967' />
  <node id='7140674236' timestamp='2021-04-30T22:28:59Z' uid='1468043' user='jengelh' visible='true' version='2' changeset='103937608' lat='51.5639218' lon='9.9742241' />
  <node id='7140674237' timestamp='2023-07-25T21:10:16Z' uid='1468043' user='jengelh' visible='true' version='2' changeset='139008565' lat='51.5643177' lon='9.9731782' />
  <node id='7140674238' timestamp='2023-07-25T21:10:16Z' uid='1468043' user='jengelh' visible='true' version='2' changeset='139008565' lat='51.5637169' lon='9.9723154' />
  <node id='7140674239' timestamp='2021-04-30T22:28:59Z' uid='1468043' user='jengelh' visible='true' version='2' changeset='103937608' lat='51.563369' lon='9.9726221' />
  <node id='7140674240' timestamp='2021-04-30T22:28:59Z' uid='1468043' user='jengelh' visible='true' version='2' changeset='103937608' lat='51.5633472' lon='9.9725823' />
  <node id='7140674243' timestamp='2021-04-30T22:28:59Z' uid='1468043' user='jengelh' visible='true' version='2' changeset='103937608' lat='51.563551' lon='9.9738507' />
  <node id='7231675492' timestamp='2022-09-01T13:16:16Z' uid='2573759' user='aeszter' visible='true' version='2' changeset='125656176' lat='51.5628929' lon='9.970422'>
    <tag k='emergency' v='fire_hydrant' />
    <tag k='fire_hydrant:diameter' v='100' />
    <tag k='fire_hydrant:position' v='green' />
    <tag k='fire_hydrant:type' v='pillar' />
    <tag k='manufacturer' v='VAG Armaturen' />
    <tag k='survey:date' v='2020-02-15' />
  </node>
  <node id='7945855188' timestamp='2024-02-24T14:34:01Z' uid='1468043' user='jengelh' visible='true' version='2' changeset='147857774' lat='51.5612399' lon='9.9707679'>
    <tag k='amenity' v='bench' />
    <tag k='backrest' v='yes' />
  </node>
  <node id='7974992947' timestamp='2020-10-04T22:29:01Z' uid='1468043' user='jengelh' visible='true' version='1' changeset='91947868' lat='51.5620071' lon='9.9708257'>
    <tag k='generator:output:electricity' v='403 kW' />
    <tag k='generator:output:steam' v='538 kW' />
    <tag k='name' v='BHKW 2' />
    <tag k='power' v='generator' />
  </node>
  <node id='7974992948' timestamp='2020-10-04T22:29:01Z' uid='1468043' user='jengelh' visible='true' version='1' changeset='91947868' lat='51.56204' lon='9.9708699'>
    <tag k='generator:output:electricity' v='532 kW' />
    <tag k='generator:output:steam' v='648 kW' />
    <tag k='name' v='BHKW 1' />
    <tag k='power' v='generator' />
  </node>
  <node id='7974992949' timestamp='2020-10-04T22:29:01Z' uid='1468043' user='jengelh' visible='true' version='1' changeset='91947868' lat='51.5610006' lon='9.9710406' />
  <node id='7974992950' timestamp='2024-02-24T14:34:01Z' uid='1468043' user='jengelh' visible='true' version='2' changeset='147857774' lat='51.5608774' lon='9.9705609' />
  <node id='7974992951' timestamp='2024-02-24T14:34:01Z' uid='1468043' user='jengelh' visible='true' version='2' changeset='147857774' lat='51.5605126' lon='9.970365' />
  <node id='7974992952' timestamp='2024-02-24T14:34:01Z' uid='1468043' user='jengelh' visible='true' version='2' changeset='147857774' lat='51.5603734' lon='9.9703221' />
  <node id='7974992953' timestamp='2021-04-30T22:28:59Z' uid='1468043' user='jengelh' visible='true' version='2' changeset='103937608' lat='51.5631097' lon='9.9733195' />
  <node id='8600071055' timestamp='2021-04-06T18:15:20Z' uid='1468043' user='jengelh' visible='true' version='1' changeset='102425770' lat='51.5600111' lon='9.9718342' />
  <node id='8600071056' timestamp='2021-04-06T18:15:20Z' uid='1468043' user='jengelh' visible='true' version='1' changeset='102425770' lat='51.55998' lon='9.9701408' />
  <node id='8600071062' timestamp='2021-04-06T18:15:20Z' uid='1468043' user='jengelh' visible='true' version='1' changeset='102425770' lat='51.5600561' lon='9.9692391' />
  <node id='8600071094' timestamp='2021-04-06T18:15:20Z' uid='1468043' user='jengelh' visible='true' version='1' changeset='102425770' lat='51.5600674' lon='9.9691333' />
  <node id='8600071095' timestamp='2021-04-06T18:15:20Z' uid='1468043' user='jengelh' visible='true' version='1' changeset='102425770' lat='51.5601333' lon='9.9685123' />
  <node id='8685895045' timestamp='2023-07-25T21:10:16Z' uid='1468043' user='jengelh' visible='true' version='3' changeset='139008565' lat='51.5642648' lon='9.9723881' />
  <node id='8685895046' timestamp='2023-07-25T21:10:16Z' uid='1468043' user='jengelh' visible='true' version='3' changeset='139008565' lat='51.5643265' lon='9.9723143' />
  <node id='8685895047' timestamp='2023-07-25T21:10:16Z' uid='1468043' user='jengelh' visible='true' version='3' changeset='139008565' lat='51.5641772' lon='9.9720964' />
  <node id='8685895048' timestamp='2023-07-25T21:10:16Z' uid='1468043' user='jengelh' visible='true' version='3' changeset='139008565' lat='51.5640293' lon='9.9721916' />
  <node id='8685895049' timestamp='2023-07-25T21:10:16Z' uid='1468043' user='jengelh' visible='true' version='3' changeset='139008565' lat='51.5641501' lon='9.9723277' />
  <node id='8685895050' timestamp='2023-07-25T21:10:16Z' uid='1468043' user='jengelh' visible='true' version='3' changeset='139008565' lat='51.5642973' lon='9.9723928' />
  <node id='8685895051' timestamp='2023-07-25T21:10:16Z' uid='1468043' user='jengelh' visible='true' version='3' changeset='139008565' lat='51.5643127' lon='9.972384' />
  <node id='8685895052' timestamp='2023-07-25T21:10:16Z' uid='1468043' user='jengelh' visible='true' version='3' changeset='139008565' lat='51.5643227' lon='9.9723693' />
  <node id='8685895053' timestamp='2023-07-25T21:10:16Z' uid='1468043' user='jengelh' visible='true' version='3' changeset='139008565' lat='51.5643286' lon='9.9723405' />
  <node id='8685895054' timestamp='2023-07-25T21:10:16Z' uid='1468043' user='jengelh' visible='true' version='3' changeset='139008565' lat='51.564083' lon='9.9720132' />
  <node id='8685895055' timestamp='2023-07-25T21:10:16Z' uid='1468043' user='jengelh' visible='true' version='3' changeset='139008565' lat='51.5640209' lon='9.9719764' />
  <node id='8685895056' timestamp='2023-07-25T21:10:16Z' uid='1468043' user='jengelh' visible='true' version='3' changeset='139008565' lat='51.5639988' lon='9.9721708' />
  <node id='8685895162' timestamp='2021-04-30T22:28:59Z' uid='1468043' user='jengelh' visible='true' version='1' changeset='103937608' lat='51.5631547' lon='9.9732631' />
  <node id='8920329799' timestamp='2023-07-25T21:10:16Z' uid='1468043' user='jengelh' visible='true' version='2' changeset='139008565' lat='51.5641431' lon='9.9720568' />
  <node id='8920329800' timestamp='2023-07-25T21:10:16Z' uid='1468043' user='jengelh' visible='true' version='2' changeset='139008565' lat='51.5642485' lon='9.9722003' />
  <node id='8920329801' timestamp='2023-07-25T21:10:16Z' uid='1468043' user='jengelh' visible='true' version='2' changeset='139008565' lat='51.564289' lon='9.9722506' />
  <node id='8920329802' timestamp='2023-07-25T21:10:16Z' uid='1468043' user='jengelh' visible='true' version='2' changeset='139008565' lat='51.5641847' lon='9.9723499' />
  <node id='8948902726' timestamp='2021-07-25T15:16:12Z' uid='1468043' user='jengelh' visible='true' version='1' changeset='108569319' lat='51.5609855' lon='9.9629715' />
  <node id='8948902727' timestamp='2021-07-25T15:16:12Z' uid='1468043' user='jengelh' visible='true' version='1' changeset='108569319' lat='51.5623986' lon='9.9682045' />
  <node id='9394770853' timestamp='2022-01-05T16:32:57Z' uid='1468043' user='jengelh' visible='true' version='1' changeset='115804417' lat='51.5672108' lon='9.9766391' />
  <node id='9394770855' timestamp='2022-01-05T16:32:57Z' uid='1468043' user='jengelh' visible='true' version='1' changeset='115804417' lat='51.5673977' lon='9.9767171' />
  <node id='9394770859' timestamp='2022-01-05T16:32:57Z' uid='1468043' user='jengelh' visible='true' version='1' changeset='115804417' lat='51.5678258' lon='9.9768549' />
  <node id='9965565270' timestamp='2022-11-08T23:06:21Z' uid='1468043' user='jengelh' visible='true' version='2' changeset='128660941' lat='51.5630047' lon='9.974339' />
  <node id='9985351181' timestamp='2023-07-25T21:10:16Z' uid='1468043' user='jengelh' visible='true' version='2' changeset='139008565' lat='51.5630325' lon='9.9704505' />
  <node id='9985351182' timestamp='2023-07-25T21:10:16Z' uid='1468043' user='jengelh' visible='true' version='2' changeset='139008565' lat='51.5629612' lon='9.9700005' />
  <node id='9985351183' timestamp='2023-07-25T21:10:16Z' uid='1468043' user='jengelh' visible='true' version='3' changeset='139008565' lat='51.562753' lon='9.9694704' />
  <node id='9987824568' timestamp='2023-07-25T21:10:16Z' uid='1468043' user='jengelh' visible='true' version='2' changeset='139008565' lat='51.5627156' lon='9.9704452' />
  <node id='9987824569' timestamp='2023-07-25T21:10:16Z' uid='1468043' user='jengelh' visible='true' version='2' changeset='139008565' lat='51.5627127' lon='9.9704387' />
  <node id='9987824570' timestamp='2023-07-25T21:10:16Z' uid='1468043' user='jengelh' visible='true' version='2' changeset='139008565' lat='51.5627124' lon='9.9704307' />
  <node id='9987824571' timestamp='2023-07-25T21:10:16Z' uid='1468043' user='jengelh' visible='true' version='2' changeset='139008565' lat='51.5627148' lon='9.9704243' />
  <node id='9987824572' timestamp='2023-07-25T21:10:16Z' uid='1468043' user='jengelh' visible='true' version='2' changeset='139008565' lat='51.5627198' lon='9.9704217' />
  <node id='9987824573' timestamp='2023-07-25T21:10:16Z' uid='1468043' user='jengelh' visible='true' version='2' changeset='139008565' lat='51.5627249' lon='9.9704233' />
  <node id='9987824574' timestamp='2023-07-25T21:10:16Z' uid='1468043' user='jengelh' visible='true' version='2' changeset='139008565' lat='51.5627279' lon='9.9704297' />
  <node id='9987824575' timestamp='2023-07-25T21:10:16Z' uid='1468043' user='jengelh' visible='true' version='2' changeset='139008565' lat='51.5627279' lon='9.9704377' />
  <node id='9987824576' timestamp='2023-07-25T21:10:16Z' uid='1468043' user='jengelh' visible='true' version='2' changeset='139008565' lat='51.5627254' lon='9.9704442' />
  <node id='9987824577' timestamp='2023-07-25T21:10:16Z' uid='1468043' user='jengelh' visible='true' version='2' changeset='139008565' lat='51.5627204' lon='9.9704466' />
  <node id='9987824578' timestamp='2023-07-25T21:10:16Z' uid='1468043' user='jengelh' visible='true' version='2' changeset='139008565' lat='51.5625994' lon='9.9702664' />
  <node id='9987824579' timestamp='2023-07-25T21:10:16Z' uid='1468043' user='jengelh' visible='true' version='2' changeset='139008565' lat='51.5625933' lon='9.9702516' />
  <node id='9987824580' timestamp='2023-07-25T21:10:16Z' uid='1468043' user='jengelh' visible='true' version='2' changeset='139008565' lat='51.5625955' lon='9.9702342' />
  <node id='9987824581' timestamp='2023-07-25T21:10:16Z' uid='1468043' user='jengelh' visible='true' version='2' changeset='139008565' lat='51.5625995' lon='9.9702278' />
  <node id='9987824582' timestamp='2023-07-25T21:10:16Z' uid='1468043' user='jengelh' visible='true' version='2' changeset='139008565' lat='51.5626104' lon='9.9702244' />
  <node id='9987824583' timestamp='2023-07-25T21:10:16Z' uid='1468043' user='jengelh' visible='true' version='2' changeset='139008565' lat='51.5626195' lon='9.9702344' />
  <node id='9987824584' timestamp='2023-07-25T21:10:16Z' uid='1468043' user='jengelh' visible='true' version='2' changeset='139008565' lat='51.5626217' lon='9.9702428' />
  <node id='9987824585' timestamp='2023-07-25T21:10:16Z' uid='1468043' user='jengelh' visible='true' version='2' changeset='139008565' lat='51.5626195' lon='9.9702602' />
  <node id='9987824586' timestamp='2023-07-25T21:10:16Z' uid='1468043' user='jengelh' visible='true' version='2' changeset='139008565' lat='51.5626154' lon='9.9702666' />
  <node id='9987824587' timestamp='2023-07-25T21:10:16Z' uid='1468043' user='jengelh' visible='true' version='2' changeset='139008565' lat='51.5626046' lon='9.97027' />
  <node id='9988088184' timestamp='2022-08-30T11:03:37Z' uid='1468043' user='jengelh' visible='true' version='1' changeset='125563385' lat='51.5626634' lon='9.9709204' />
  <node id='9988088185' timestamp='2022-08-30T11:03:37Z' uid='1468043' user='jengelh' visible='true' version='1' changeset='125563385' lat='51.5626879' lon='9.9709603' />
  <node id='9995135573' timestamp='2023-07-25T21:10:16Z' uid='1468043' user='jengelh' visible='true' version='2' changeset='139008565' lat='51.563734' lon='9.9718951'>
    <tag k='emergency' v='life_ring' />
    <tag k='survey:date' v='2023-07-25' />
  </node>
  <node id='10004365465' timestamp='2022-09-06T14:13:26Z' uid='2573759' user='aeszter' visible='true' version='1' changeset='125861401' lat='51.5629013' lon='9.9704329'>
    <tag k='highway' v='street_lamp' />
    <tag k='lamp_mount' v='straight_mast' />
    <tag k='light:colour' v='white' />
    <tag k='light:lit' v='dusk-dawn' />
    <tag k='light:method' v='electric' />
    <tag k='light:shape' v='indirect' />
    <tag k='light_source' v='lantern' />
    <tag k='manufacturer' v='BEGA' />
    <tag k='operator' v='MPI' />
    <tag k='support' v='pole' />
    <tag k='survey:date' v='2022-09-06' />
  </node>
  <node id='10004365467' timestamp='2024-04-24T19:30:13Z' uid='1468043' user='jengelh' visible='true' version='2' changeset='150464211' lat='51.562928' lon='9.9703885' />
  <node id='10004365468' timestamp='2022-09-06T14:13:26Z' uid='2573759' user='aeszter' visible='true' version='1' changeset='125861401' lat='51.5629027' lon='9.9704456' />
  <node id='10004365469' timestamp='2023-07-25T21:10:16Z' uid='1468043' user='jengelh' visible='true' version='2' changeset='139008565' lat='51.5630328' lon='9.9705943' />
  <node id='10004365470' timestamp='2023-07-25T21:10:16Z' uid='1468043' user='jengelh' visible='true' version='2' changeset='139008565' lat='51.5628386' lon='9.9703727' />
  <node id='10004365471' timestamp='2023-07-25T21:10:16Z' uid='1468043' user='jengelh' visible='true' version='2' changeset='139008565' lat='51.5628541' lon='9.9703483' />
  <node id='10004365472' timestamp='2023-07-25T21:10:16Z' uid='1468043' user='jengelh' visible='true' version='2' changeset='139008565' lat='51.5627507' lon='9.9701777' />
  <node id='10004365473' timestamp='2023-07-25T21:10:16Z' uid='1468043' user='jengelh' visible='true' version='2' changeset='139008565' lat='51.5627352' lon='9.9702021' />
  <node id='10006675477' timestamp='2022-09-07T14:37:33Z' uid='2573759' user='aeszter' visible='true' version='1' changeset='125905297' lat='51.5613697' lon='9.9689918' />
  <node id='10006675478' timestamp='2022-09-07T14:37:33Z' uid='2573759' user='aeszter' visible='true' version='1' changeset='125905297' lat='51.5614078' lon='9.9690556' />
  <node id='10006675479' timestamp='2022-09-07T14:37:33Z' uid='2573759' user='aeszter' visible='true' version='1' changeset='125905297' lat='51.5614171' lon='9.9690711' />
  <node id='10006675480' timestamp='2022-09-07T14:37:33Z' uid='2573759' user='aeszter' visible='true' version='1' changeset='125905297' lat='51.5613673' lon='9.9691182' />
  <node id='10006675481' timestamp='2022-09-07T14:37:33Z' uid='2573759' user='aeszter' visible='true' version='1' changeset='125905297' lat='51.5613209' lon='9.9691917' />
  <node id='10006675482' timestamp='2022-09-07T14:37:33Z' uid='2573759' user='aeszter' visible='true' version='1' changeset='125905297' lat='51.5613043' lon='9.969217' />
  <node id='10044627464' timestamp='2022-09-22T11:00:30Z' uid='2573759' user='aeszter' visible='true' version='1' changeset='126500021' lat='51.5609588' lon='9.9695204' />
  <node id='10073388466' timestamp='2022-10-03T16:58:15Z' uid='1468043' user='jengelh' visible='true' version='1' changeset='126949438' lat='51.560958' lon='9.96632' />
  <node id='10073388512' timestamp='2022-10-03T16:58:15Z' uid='1468043' user='jengelh' visible='true' version='1' changeset='126949438' lat='51.5609083' lon='9.9660245' />
  <node id='11067712233' timestamp='2026-02-04T10:42:03Z' uid='23647113' user='PhOeNiX1580' visible='true' version='2' changeset='178088584' lat='51.5612016' lon='9.9682304'>
    <tag k='entrance' v='yes' />
  </node>
  <node id='11067712234' timestamp='2023-07-25T20:54:24Z' uid='1468043' user='jengelh' visible='true' version='1' changeset='139007904' lat='51.5611859' lon='9.9682058' />
  <node id='11067712235' timestamp='2023-07-25T20:54:24Z' uid='1468043' user='jengelh' visible='true' version='1' changeset='139007904' lat='51.56114' lon='9.9681264' />
  <node id='11067712236' timestamp='2023-07-25T20:54:24Z' uid='1468043' user='jengelh' visible='true' version='1' changeset='139007904' lat='51.5611219' lon='9.9680965' />
  <node id='11067712237' timestamp='2023-07-25T20:54:24Z' uid='1468043' user='jengelh' visible='true' version='1' changeset='139007904' lat='51.561105' lon='9.968062' />
  <node id='11067712238' timestamp='2023-07-25T20:54:24Z' uid='1468043' user='jengelh' visible='true' version='1' changeset='139007904' lat='51.5610829' lon='9.968' />
  <node id='11067712239' timestamp='2023-07-25T20:54:24Z' uid='1468043' user='jengelh' visible='true' version='1' changeset='139007904' lat='51.5610727' lon='9.9679614' />
  <node id='11067712240' timestamp='2023-07-25T20:54:24Z' uid='1468043' user='jengelh' visible='true' version='1' changeset='139007904' lat='51.5610669' lon='9.9679242' />
  <node id='11067712241' timestamp='2023-07-25T20:54:24Z' uid='1468043' user='jengelh' visible='true' version='1' changeset='139007904' lat='51.5610642' lon='9.9678944' />
  <node id='11067712242' timestamp='2023-07-25T20:54:24Z' uid='1468043' user='jengelh' visible='true' version='1' changeset='139007904' lat='51.5610633' lon='9.9678696' />
  <node id='11067712243' timestamp='2023-07-25T20:54:24Z' uid='1468043' user='jengelh' visible='true' version='1' changeset='139007904' lat='51.5610637' lon='9.967837' />
  <node id='11067712244' timestamp='2023-07-25T20:54:24Z' uid='1468043' user='jengelh' visible='true' version='1' changeset='139007904' lat='51.5610663' lon='9.9677945' />
  <node id='11067712245' timestamp='2023-07-25T20:54:24Z' uid='1468043' user='jengelh' visible='true' version='1' changeset='139007904' lat='51.5610648' lon='9.9677643' />
  <node id='11067712246' timestamp='2023-07-25T20:54:24Z' uid='1468043' user='jengelh' visible='true' version='1' changeset='139007904' lat='51.5610579' lon='9.967713' />
  <node id='11067712247' timestamp='2023-07-25T20:54:24Z' uid='1468043' user='jengelh' visible='true' version='1' changeset='139007904' lat='51.5610454' lon='9.9676754' />
  <node id='11067712248' timestamp='2023-07-25T20:54:24Z' uid='1468043' user='jengelh' visible='true' version='1' changeset='139007904' lat='51.561005' lon='9.9676181' />
  <node id='11067712249' timestamp='2023-07-25T20:54:24Z' uid='1468043' user='jengelh' visible='true' version='1' changeset='139007904' lat='51.5609812' lon='9.9675752' />
  <node id='11067712250' timestamp='2023-07-25T20:54:24Z' uid='1468043' user='jengelh' visible='true' version='1' changeset='139007904' lat='51.5609735' lon='9.9675333' />
  <node id='11067712251' timestamp='2023-07-25T20:54:24Z' uid='1468043' user='jengelh' visible='true' version='1' changeset='139007904' lat='51.5609721' lon='9.9674704' />
  <node id='11067723726' timestamp='2023-07-25T20:53:39Z' uid='1468043' user='jengelh' visible='true' version='1' changeset='139007873' lat='51.5610075' lon='9.9681576' />
  <node id='11067723727' timestamp='2023-07-25T20:53:39Z' uid='1468043' user='jengelh' visible='true' version='1' changeset='139007873' lat='51.5610038' lon='9.9681207' />
  <node id='11067723728' timestamp='2023-07-25T20:53:39Z' uid='1468043' user='jengelh' visible='true' version='1' changeset='139007873' lat='51.5610002' lon='9.9680838' />
  <node id='11067723729' timestamp='2023-07-25T20:53:39Z' uid='1468043' user='jengelh' visible='true' version='1' changeset='139007873' lat='51.5609966' lon='9.9680469' />
  <node id='11067723730' timestamp='2023-07-25T20:53:39Z' uid='1468043' user='jengelh' visible='true' version='1' changeset='139007873' lat='51.5609929' lon='9.96801' />
  <node id='11067723731' timestamp='2023-07-25T20:53:39Z' uid='1468043' user='jengelh' visible='true' version='1' changeset='139007873' lat='51.5609893' lon='9.9679731' />
  <node id='11067723732' timestamp='2023-07-25T20:53:39Z' uid='1468043' user='jengelh' visible='true' version='1' changeset='139007873' lat='51.561055' lon='9.9681455' />
  <node id='11067723733' timestamp='2023-07-25T20:53:39Z' uid='1468043' user='jengelh' visible='true' version='1' changeset='139007873' lat='51.5610513' lon='9.9681086' />
  <node id='11067723734' timestamp='2023-07-25T20:53:39Z' uid='1468043' user='jengelh' visible='true' version='1' changeset='139007873' lat='51.5610477' lon='9.9680717' />
  <node id='11067723735' timestamp='2023-07-25T20:53:39Z' uid='1468043' user='jengelh' visible='true' version='1' changeset='139007873' lat='51.5610441' lon='9.9680348' />
  <node id='11067723736' timestamp='2023-07-25T20:53:39Z' uid='1468043' user='jengelh' visible='true' version='1' changeset='139007873' lat='51.5610404' lon='9.9679979' />
  <node id='11067723737' timestamp='2023-07-25T20:53:39Z' uid='1468043' user='jengelh' visible='true' version='1' changeset='139007873' lat='51.5610113' lon='9.9677028' />
  <node id='11067723738' timestamp='2023-07-25T20:53:39Z' uid='1468043' user='jengelh' visible='true' version='1' changeset='139007873' lat='51.561015' lon='9.9677397' />
  <node id='11067723739' timestamp='2023-07-25T20:53:39Z' uid='1468043' user='jengelh' visible='true' version='1' changeset='139007873' lat='51.5610186' lon='9.9677766' />
  <node id='11067723740' timestamp='2023-07-25T20:53:39Z' uid='1468043' user='jengelh' visible='true' version='1' changeset='139007873' lat='51.5610222' lon='9.9678135' />
  <node id='11067723741' timestamp='2023-07-25T20:53:39Z' uid='1468043' user='jengelh' visible='true' version='1' changeset='139007873' lat='51.5610259' lon='9.9678504' />
  <node id='11067723742' timestamp='2023-07-25T20:53:39Z' uid='1468043' user='jengelh' visible='true' version='1' changeset='139007873' lat='51.5610295' lon='9.9678873' />
  <node id='11067723743' timestamp='2023-07-25T20:53:39Z' uid='1468043' user='jengelh' visible='true' version='1' changeset='139007873' lat='51.5610332' lon='9.9679242' />
  <node id='11067723744' timestamp='2023-07-25T20:53:39Z' uid='1468043' user='jengelh' visible='true' version='1' changeset='139007873' lat='51.5609857' lon='9.9679363' />
  <node id='11067723745' timestamp='2023-07-25T20:53:39Z' uid='1468043' user='jengelh' visible='true' version='1' changeset='139007873' lat='51.560982' lon='9.9678994' />
  <node id='11067723746' timestamp='2023-07-25T20:53:39Z' uid='1468043' user='jengelh' visible='true' version='1' changeset='139007873' lat='51.5609784' lon='9.9678625' />
  <node id='11067723747' timestamp='2023-07-25T20:53:39Z' uid='1468043' user='jengelh' visible='true' version='1' changeset='139007873' lat='51.5609747' lon='9.9678256' />
  <node id='11067723748' timestamp='2023-07-25T20:53:39Z' uid='1468043' user='jengelh' visible='true' version='1' changeset='139007873' lat='51.5609711' lon='9.9677887' />
  <node id='11067723749' timestamp='2023-07-25T20:53:39Z' uid='1468043' user='jengelh' visible='true' version='1' changeset='139007873' lat='51.5609675' lon='9.9677518' />
  <node id='11067723750' timestamp='2023-07-25T20:53:39Z' uid='1468043' user='jengelh' visible='true' version='1' changeset='139007873' lat='51.5609638' lon='9.9677149' />
  <node id='11067723751' timestamp='2023-07-25T20:53:39Z' uid='1468043' user='jengelh' visible='true' version='1' changeset='139007873' lat='51.5610091' lon='9.9692237'>
    <tag k='emergency' v='assembly_point' />
  </node>
  <node id='11067749930' timestamp='2023-07-25T21:10:16Z' uid='1468043' user='jengelh' visible='true' version='1' changeset='139008565' lat='51.5630825' lon='9.9705122' />
  <node id='11067749931' timestamp='2023-07-25T21:10:16Z' uid='1468043' user='jengelh' visible='true' version='1' changeset='139008565' lat='51.5626738' lon='9.9700508' />
  <node id='11067749932' timestamp='2023-07-25T21:10:16Z' uid='1468043' user='jengelh' visible='true' version='1' changeset='139008565' lat='51.5628331' lon='9.9698488' />
  <node id='11067749933' timestamp='2023-07-25T21:10:16Z' uid='1468043' user='jengelh' visible='true' version='1' changeset='139008565' lat='51.5627908' lon='9.969915' />
  <node id='11067749934' timestamp='2023-07-25T21:10:16Z' uid='1468043' user='jengelh' visible='true' version='1' changeset='139008565' lat='51.5626932' lon='9.9703361' />
  <node id='11067749935' timestamp='2023-07-25T21:10:16Z' uid='1468043' user='jengelh' visible='true' version='1' changeset='139008565' lat='51.5626142' lon='9.9701993' />
  <node id='11067749936' timestamp='2023-07-25T21:10:16Z' uid='1468043' user='jengelh' visible='true' version='1' changeset='139008565' lat='51.5626317' lon='9.9701732' />
  <node id='11067749937' timestamp='2023-07-25T21:10:16Z' uid='1468043' user='jengelh' visible='true' version='1' changeset='139008565' lat='51.5627107' lon='9.9703099' />
  <node id='11067749938' timestamp='2023-07-25T21:10:16Z' uid='1468043' user='jengelh' visible='true' version='1' changeset='139008565' lat='51.5627619' lon='9.9703755' />
  <node id='11067749939' timestamp='2023-07-25T21:10:16Z' uid='1468043' user='jengelh' visible='true' version='1' changeset='139008565' lat='51.5627351' lon='9.9704204' />
  <node id='11067749940' timestamp='2023-07-25T21:10:16Z' uid='1468043' user='jengelh' visible='true' version='1' changeset='139008565' lat='51.5627178' lon='9.9703936' />
  <node id='11067749941' timestamp='2023-07-25T21:10:16Z' uid='1468043' user='jengelh' visible='true' version='1' changeset='139008565' lat='51.5627445' lon='9.9703487' />
  <node id='11067749942' timestamp='2023-07-25T21:10:16Z' uid='1468043' user='jengelh' visible='true' version='1' changeset='139008565' lat='51.5627478' lon='9.9702933' />
  <node id='11067749943' timestamp='2023-07-25T21:10:16Z' uid='1468043' user='jengelh' visible='true' version='1' changeset='139008565' lat='51.5626102' lon='9.97027' />
  <node id='11067749944' timestamp='2023-07-25T21:10:16Z' uid='1468043' user='jengelh' visible='true' version='1' changeset='139008565' lat='51.5625954' lon='9.97026' />
  <node id='11067749945' timestamp='2023-07-25T21:10:16Z' uid='1468043' user='jengelh' visible='true' version='1' changeset='139008565' lat='51.5625933' lon='9.9702425' />
  <node id='11067749946' timestamp='2023-07-25T21:10:16Z' uid='1468043' user='jengelh' visible='true' version='1' changeset='139008565' lat='51.5626048' lon='9.9702244' />
  <node id='11067749947' timestamp='2023-07-25T21:10:16Z' uid='1468043' user='jengelh' visible='true' version='1' changeset='139008565' lat='51.5626156' lon='9.970228' />
  <node id='11067749948' timestamp='2023-07-25T21:10:16Z' uid='1468043' user='jengelh' visible='true' version='1' changeset='139008565' lat='51.5626216' lon='9.9702519' />
  <node id='11067749949' timestamp='2023-08-17T16:11:19Z' uid='2573759' user='aeszter' visible='true' version='2' changeset='140021108' lat='51.5638767' lon='9.9719951'>
    <tag k='backrest' v='no' />
    <tag k='covered' v='no' />
    <tag k='leisure' v='picnic_table' />
    <tag k='material' v='wood' />
    <tag k='seats' v='6' />
    <tag k='survey:date' v='2023-07-25' />
  </node>
  <node id='11067749950' timestamp='2023-07-25T21:10:16Z' uid='1468043' user='jengelh' visible='true' version='1' changeset='139008565' lat='51.5636524' lon='9.971745' />
  <node id='11067749951' timestamp='2023-07-25T21:10:16Z' uid='1468043' user='jengelh' visible='true' version='1' changeset='139008565' lat='51.5637729' lon='9.9717437' />
  <node id='11067749952' timestamp='2023-07-25T21:10:16Z' uid='1468043' user='jengelh' visible='true' version='1' changeset='139008565' lat='51.5637887' lon='9.9717189' />
  <node id='11067749953' timestamp='2023-07-25T21:10:16Z' uid='1468043' user='jengelh' visible='true' version='1' changeset='139008565' lat='51.5638625' lon='9.9717148' />
  <node id='11067749954' timestamp='2023-07-25T21:10:16Z' uid='1468043' user='jengelh' visible='true' version='1' changeset='139008565' lat='51.5639776' lon='9.971621' />
  <node id='11067749955' timestamp='2023-07-25T21:10:16Z' uid='1468043' user='jengelh' visible='true' version='1' changeset='139008565' lat='51.5640022' lon='9.9715693' />
  <node id='11067749956' timestamp='2023-07-25T21:10:16Z' uid='1468043' user='jengelh' visible='true' version='1' changeset='139008565' lat='51.5640422' lon='9.9714446' />
  <node id='11067749957' timestamp='2023-07-25T21:10:16Z' uid='1468043' user='jengelh' visible='true' version='1' changeset='139008565' lat='51.563933' lon='9.9716558' />
  <node id='11067749958' timestamp='2023-07-25T21:10:16Z' uid='1468043' user='jengelh' visible='true' version='1' changeset='139008565' lat='51.5639701' lon='9.9716082' />
  <node id='11067749959' timestamp='2023-07-25T21:10:16Z' uid='1468043' user='jengelh' visible='true' version='1' changeset='139008565' lat='51.5640001' lon='9.9715479' />
  <node id='11067749960' timestamp='2023-07-25T21:10:16Z' uid='1468043' user='jengelh' visible='true' version='1' changeset='139008565' lat='51.5640088' lon='9.9712314' />
  <node id='11067749961' timestamp='2023-07-25T21:10:16Z' uid='1468043' user='jengelh' visible='true' version='1' changeset='139008565' lat='51.5636032' lon='9.9706815' />
  <node id='11067749962' timestamp='2023-07-25T21:10:16Z' uid='1468043' user='jengelh' visible='true' version='1' changeset='139008565' lat='51.5635736' lon='9.9706057' />
  <node id='11067749963' timestamp='2023-07-25T21:10:16Z' uid='1468043' user='jengelh' visible='true' version='1' changeset='139008565' lat='51.5635432' lon='9.9705333' />
  <node id='11067749964' timestamp='2023-07-25T21:10:16Z' uid='1468043' user='jengelh' visible='true' version='1' changeset='139008565' lat='51.5634102' lon='9.9703362' />
  <node id='11067749965' timestamp='2023-07-25T21:10:16Z' uid='1468043' user='jengelh' visible='true' version='1' changeset='139008565' lat='51.5633223' lon='9.9702215' />
  <node id='11067749966' timestamp='2023-07-25T21:10:16Z' uid='1468043' user='jengelh' visible='true' version='1' changeset='139008565' lat='51.5631706' lon='9.9699037' />
  <node id='11067749967' timestamp='2023-07-25T21:10:16Z' uid='1468043' user='jengelh' visible='true' version='1' changeset='139008565' lat='51.5631972' lon='9.9699359' />
  <node id='11067749968' timestamp='2023-07-25T21:10:16Z' uid='1468043' user='jengelh' visible='true' version='1' changeset='139008565' lat='51.5628329' lon='9.9694376' />
  <node id='11067749969' timestamp='2023-07-25T21:10:16Z' uid='1468043' user='jengelh' visible='true' version='1' changeset='139008565' lat='51.5630443' lon='9.970485' />
  <node id='11067749970' timestamp='2023-07-25T21:10:16Z' uid='1468043' user='jengelh' visible='true' version='1' changeset='139008565' lat='51.5629517' lon='9.9699694' />
  <node id='11067749971' timestamp='2023-07-25T21:10:16Z' uid='1468043' user='jengelh' visible='true' version='1' changeset='139008565' lat='51.5628271' lon='9.9697454' />
  <node id='11067749972' timestamp='2023-07-25T21:10:16Z' uid='1468043' user='jengelh' visible='true' version='1' changeset='139008565' lat='51.5628275' lon='9.9697126' />
  <node id='11067749973' timestamp='2023-07-25T21:10:16Z' uid='1468043' user='jengelh' visible='true' version='1' changeset='139008565' lat='51.5628346' lon='9.9696167' />
  <node id='11067749974' timestamp='2023-07-25T21:10:16Z' uid='1468043' user='jengelh' visible='true' version='1' changeset='139008565' lat='51.5628275' lon='9.9695878' />
  <node id='11067749975' timestamp='2023-07-25T21:10:16Z' uid='1468043' user='jengelh' visible='true' version='1' changeset='139008565' lat='51.5628021' lon='9.9695382' />
  <node id='11067749976' timestamp='2023-07-25T21:10:16Z' uid='1468043' user='jengelh' visible='true' version='1' changeset='139008565' lat='51.5623456' lon='9.9686048' />
  <node id='11067749977' timestamp='2023-07-25T21:10:16Z' uid='1468043' user='jengelh' visible='true' version='1' changeset='139008565' lat='51.5623389' lon='9.9685096' />
  <node id='11067749978' timestamp='2023-07-25T21:10:16Z' uid='1468043' user='jengelh' visible='true' version='1' changeset='139008565' lat='51.562311' lon='9.968466' />
  <node id='11067749979' timestamp='2023-07-25T21:10:16Z' uid='1468043' user='jengelh' visible='true' version='1' changeset='139008565' lat='51.5610838' lon='9.9663068' />
  <node id='11067749980' timestamp='2023-07-25T21:10:16Z' uid='1468043' user='jengelh' visible='true' version='1' changeset='139008565' lat='51.5638968' lon='9.9742898' />
  <node id='11067749981' timestamp='2023-07-25T21:10:16Z' uid='1468043' user='jengelh' visible='true' version='1' changeset='139008565' lat='51.5637009' lon='9.9719953' />
  <node id='11067749992' timestamp='2023-07-25T21:10:16Z' uid='1468043' user='jengelh' visible='true' version='1' changeset='139008565' lat='51.5649725' lon='9.9732175' />
  <node id='11067749993' timestamp='2023-07-25T21:10:16Z' uid='1468043' user='jengelh' visible='true' version='1' changeset='139008565' lat='51.5644453' lon='9.9725899' />
  <node id='11067749994' timestamp='2023-07-25T21:10:16Z' uid='1468043' user='jengelh' visible='true' version='1' changeset='139008565' lat='51.5644694' lon='9.9725282' />
  <node id='11067749995' timestamp='2023-07-25T21:10:16Z' uid='1468043' user='jengelh' visible='true' version='1' changeset='139008565' lat='51.5644878' lon='9.9724665' />
  <node id='11067749996' timestamp='2023-07-25T21:10:16Z' uid='1468043' user='jengelh' visible='true' version='1' changeset='139008565' lat='51.564492' lon='9.9724022' />
  <node id='11067749997' timestamp='2023-07-25T21:10:16Z' uid='1468043' user='jengelh' visible='true' version='1' changeset='139008565' lat='51.5644836' lon='9.9723405' />
  <node id='11067749998' timestamp='2023-07-25T21:10:16Z' uid='1468043' user='jengelh' visible='true' version='1' changeset='139008565' lat='51.5644678' lon='9.9722721' />
  <node id='11067749999' timestamp='2023-07-25T21:10:16Z' uid='1468043' user='jengelh' visible='true' version='1' changeset='139008565' lat='51.5644286' lon='9.9722037' />
  <node id='11067750000' timestamp='2023-07-25T21:10:16Z' uid='1468043' user='jengelh' visible='true' version='1' changeset='139008565' lat='51.5641326' lon='9.9718854' />
  <node id='11067750001' timestamp='2023-07-25T21:10:16Z' uid='1468043' user='jengelh' visible='true' version='1' changeset='139008565' lat='51.5638863' lon='9.9720488' />
  <node id='11067750002' timestamp='2023-07-25T21:10:16Z' uid='1468043' user='jengelh' visible='true' version='1' changeset='139008565' lat='51.563938' lon='9.9721138' />
  <node id='11067750003' timestamp='2023-07-25T21:10:16Z' uid='1468043' user='jengelh' visible='true' version='1' changeset='139008565' lat='51.563963' lon='9.9721447' />
  <node id='11067750004' timestamp='2023-07-25T21:10:16Z' uid='1468043' user='jengelh' visible='true' version='1' changeset='139008565' lat='51.5640614' lon='9.9722231' />
  <node id='11067750605' timestamp='2023-07-25T21:10:16Z' uid='1468043' user='jengelh' visible='true' version='1' changeset='139008565' lat='51.5641139' lon='9.9722868' />
  <node id='11067750606' timestamp='2023-07-25T21:10:16Z' uid='1468043' user='jengelh' visible='true' version='1' changeset='139008565' lat='51.5643152' lon='9.9722861' />
  <node id='11067750607' timestamp='2023-07-25T21:10:16Z' uid='1468043' user='jengelh' visible='true' version='1' changeset='139008565' lat='51.5639709' lon='9.9719582' />
  <node id='11067750608' timestamp='2023-07-25T21:10:16Z' uid='1468043' user='jengelh' visible='true' version='1' changeset='139008565' lat='51.5639196' lon='9.9719435' />
  <node id='11067750609' timestamp='2024-04-24T19:30:13Z' uid='1468043' user='jengelh' visible='true' version='2' changeset='150464211' lat='51.5637847' lon='9.9718553'>
    <tag k='board_type' v='nature' />
    <tag k='information' v='board' />
    <tag k='survey:date' v='2023-07-25' />
    <tag k='tourism' v='information' />
  </node>
  <node id='11067750610' timestamp='2023-07-25T21:10:16Z' uid='1468043' user='jengelh' visible='true' version='1' changeset='139008565' lat='51.5619604' lon='9.9711905' />
  <node id='11067750611' timestamp='2023-07-25T21:10:16Z' uid='1468043' user='jengelh' visible='true' version='1' changeset='139008565' lat='51.5619904' lon='9.9713179' />
  <node id='11067750612' timestamp='2023-07-25T21:10:16Z' uid='1468043' user='jengelh' visible='true' version='1' changeset='139008565' lat='51.5620004' lon='9.9714124' />
  <node id='11067750613' timestamp='2023-07-25T21:10:16Z' uid='1468043' user='jengelh' visible='true' version='1' changeset='139008565' lat='51.5619963' lon='9.9714801' />
  <node id='11067750615' timestamp='2023-07-25T21:10:16Z' uid='1468043' user='jengelh' visible='true' version='1' changeset='139008565' lat='51.5621372' lon='9.9715747' />
  <node id='11067750617' timestamp='2023-07-25T21:10:16Z' uid='1468043' user='jengelh' visible='true' version='1' changeset='139008565' lat='51.5618858' lon='9.9711496' />
  <node id='11067750618' timestamp='2023-07-25T21:10:16Z' uid='1468043' user='jengelh' visible='true' version='1' changeset='139008565' lat='51.5619175' lon='9.9710999' />
  <node id='11067750619' timestamp='2023-07-25T21:10:16Z' uid='1468043' user='jengelh' visible='true' version='1' changeset='139008565' lat='51.5620234' lon='9.971403' />
  <node id='11067750620' timestamp='2024-02-24T14:34:01Z' uid='1468043' user='jengelh' visible='true' version='2' changeset='147857774' lat='51.5620083' lon='9.971306' />
  <node id='11067750621' timestamp='2023-07-25T21:10:16Z' uid='1468043' user='jengelh' visible='true' version='1' changeset='139008565' lat='51.5619875' lon='9.9712092' />
  <node id='11067750622' timestamp='2023-07-25T21:10:16Z' uid='1468043' user='jengelh' visible='true' version='1' changeset='139008565' lat='51.5619721' lon='9.9711529' />
  <node id='11067750623' timestamp='2023-07-25T21:10:16Z' uid='1468043' user='jengelh' visible='true' version='1' changeset='139008565' lat='51.5619533' lon='9.971108' />
  <node id='11067750624' timestamp='2024-02-24T14:34:01Z' uid='1468043' user='jengelh' visible='true' version='2' changeset='147857774' lat='51.5619289' lon='9.971063' />
  <node id='11067750625' timestamp='2024-02-24T14:34:01Z' uid='1468043' user='jengelh' visible='true' version='2' changeset='147857774' lat='51.5619335' lon='9.9710355' />
  <node id='11067750626' timestamp='2024-02-24T14:34:01Z' uid='1468043' user='jengelh' visible='true' version='2' changeset='147857774' lat='51.5618894' lon='9.9711072' />
  <node id='11067750627' timestamp='2024-02-24T14:34:01Z' uid='1468043' user='jengelh' visible='true' version='2' changeset='147857774' lat='51.56179' lon='9.9709493' />
  <node id='11067750628' timestamp='2023-07-25T21:10:16Z' uid='1468043' user='jengelh' visible='true' version='1' changeset='139008565' lat='51.5627429' lon='9.972205' />
  <node id='11067750629' timestamp='2023-07-25T21:10:16Z' uid='1468043' user='jengelh' visible='true' version='1' changeset='139008565' lat='51.562326' lon='9.9719019' />
  <node id='11067750630' timestamp='2023-07-25T21:10:16Z' uid='1468043' user='jengelh' visible='true' version='1' changeset='139008565' lat='51.5621309' lon='9.9716216' />
  <node id='11067750631' timestamp='2023-07-25T21:10:16Z' uid='1468043' user='jengelh' visible='true' version='1' changeset='139008565' lat='51.5620867' lon='9.9715962' />
  <node id='11067750632' timestamp='2023-07-25T21:10:16Z' uid='1468043' user='jengelh' visible='true' version='1' changeset='139008565' lat='51.5620275' lon='9.971572' />
  <node id='11067750633' timestamp='2023-07-25T21:10:16Z' uid='1468043' user='jengelh' visible='true' version='1' changeset='139008565' lat='51.5619692' lon='9.9715653' />
  <node id='11067750634' timestamp='2023-07-25T21:10:16Z' uid='1468043' user='jengelh' visible='true' version='1' changeset='139008565' lat='51.5619114' lon='9.9715764' />
  <node id='11067750635' timestamp='2023-07-25T21:10:16Z' uid='1468043' user='jengelh' visible='true' version='1' changeset='139008565' lat='51.5636731' lon='9.9723073' />
  <node id='11067750636' timestamp='2023-07-25T21:10:16Z' uid='1468043' user='jengelh' visible='true' version='1' changeset='139008565' lat='51.5631212' lon='9.9724975' />
  <node id='11067750637' timestamp='2023-07-25T21:10:16Z' uid='1468043' user='jengelh' visible='true' version='1' changeset='139008565' lat='51.5631854' lon='9.9725741' />
  <node id='11067750638' timestamp='2023-07-25T21:10:16Z' uid='1468043' user='jengelh' visible='true' version='1' changeset='139008565' lat='51.5631543' lon='9.9726417' />
  <node id='11067750639' timestamp='2023-07-25T21:10:16Z' uid='1468043' user='jengelh' visible='true' version='1' changeset='139008565' lat='51.56309' lon='9.9725651' />
  <node id='11067750640' timestamp='2023-07-25T21:10:16Z' uid='1468043' user='jengelh' visible='true' version='1' changeset='139008565' lat='51.5633548' lon='9.9720521' />
  <node id='11067750641' timestamp='2023-07-25T21:10:16Z' uid='1468043' user='jengelh' visible='true' version='1' changeset='139008565' lat='51.5633982' lon='9.9720722' />
  <node id='11067750642' timestamp='2023-07-25T21:10:16Z' uid='1468043' user='jengelh' visible='true' version='1' changeset='139008565' lat='51.563429' lon='9.9720803' />
  <node id='11067750643' timestamp='2023-07-25T21:10:16Z' uid='1468043' user='jengelh' visible='true' version='1' changeset='139008565' lat='51.563469' lon='9.972087' />
  <node id='11067750644' timestamp='2023-07-25T21:10:16Z' uid='1468043' user='jengelh' visible='true' version='1' changeset='139008565' lat='51.5635061' lon='9.9720857' />
  <node id='11067750645' timestamp='2023-07-25T21:10:16Z' uid='1468043' user='jengelh' visible='true' version='1' changeset='139008565' lat='51.5635445' lon='9.9720769' />
  <node id='11067750646' timestamp='2023-07-25T21:10:16Z' uid='1468043' user='jengelh' visible='true' version='1' changeset='139008565' lat='51.5635803' lon='9.9720575' />
  <node id='11067750647' timestamp='2023-07-25T21:10:16Z' uid='1468043' user='jengelh' visible='true' version='1' changeset='139008565' lat='51.5636103' lon='9.9720266' />
  <node id='11067750648' timestamp='2023-07-25T21:10:16Z' uid='1468043' user='jengelh' visible='true' version='1' changeset='139008565' lat='51.5636378' lon='9.971973' />
  <node id='11067750649' timestamp='2023-07-25T21:10:16Z' uid='1468043' user='jengelh' visible='true' version='1' changeset='139008565' lat='51.5636633' lon='9.9719113' />
  <node id='11067750650' timestamp='2023-07-25T21:10:16Z' uid='1468043' user='jengelh' visible='true' version='1' changeset='139008565' lat='51.5636816' lon='9.9718456' />
  <node id='11067750651' timestamp='2023-07-25T21:10:16Z' uid='1468043' user='jengelh' visible='true' version='1' changeset='139008565' lat='51.5637216' lon='9.9718751' />
  <node id='11067750652' timestamp='2023-07-25T21:10:16Z' uid='1468043' user='jengelh' visible='true' version='1' changeset='139008565' lat='51.56367' lon='9.9721738' />
  <node id='11067750653' timestamp='2023-07-25T21:10:16Z' uid='1468043' user='jengelh' visible='true' version='1' changeset='139008565' lat='51.5624944' lon='9.971918' />
  <node id='11067750654' timestamp='2023-07-25T21:10:16Z' uid='1468043' user='jengelh' visible='true' version='1' changeset='139008565' lat='51.5628538' lon='9.9716833' />
  <node id='11067750655' timestamp='2023-07-25T21:10:16Z' uid='1468043' user='jengelh' visible='true' version='1' changeset='139008565' lat='51.5629613' lon='9.9717812' />
  <node id='11067750656' timestamp='2023-07-25T21:10:16Z' uid='1468043' user='jengelh' visible='true' version='1' changeset='139008565' lat='51.5630763' lon='9.9718791' />
  <node id='11067750657' timestamp='2023-07-25T21:10:16Z' uid='1468043' user='jengelh' visible='true' version='1' changeset='139008565' lat='51.5632323' lon='9.9719837' />
  <node id='11067750658' timestamp='2023-07-25T21:10:16Z' uid='1468043' user='jengelh' visible='true' version='1' changeset='139008565' lat='51.5629863' lon='9.9721366' />
  <node id='11067750659' timestamp='2023-07-25T21:10:16Z' uid='1468043' user='jengelh' visible='true' version='1' changeset='139008565' lat='51.5629755' lon='9.9722882' />
  <node id='11067750660' timestamp='2023-07-25T21:10:16Z' uid='1468043' user='jengelh' visible='true' version='1' changeset='139008565' lat='51.5627898' lon='9.972578' />
  <node id='11067750661' timestamp='2023-07-25T21:10:16Z' uid='1468043' user='jengelh' visible='true' version='1' changeset='139008565' lat='51.5629071' lon='9.9722305' />
  <node id='11067750662' timestamp='2023-07-25T21:10:16Z' uid='1468043' user='jengelh' visible='true' version='1' changeset='139008565' lat='51.5627937' lon='9.9721661' />
  <node id='11067750663' timestamp='2023-07-25T21:10:16Z' uid='1468043' user='jengelh' visible='true' version='1' changeset='139008565' lat='51.5627962' lon='9.9725041'>
    <tag k='noexit' v='yes' />
  </node>
  <node id='11067750664' timestamp='2023-07-25T21:10:16Z' uid='1468043' user='jengelh' visible='true' version='1' changeset='139008565' lat='51.5627645' lon='9.9721822' />
  <node id='11107091905' timestamp='2024-08-27T12:00:55Z' uid='21882775' user='Lars_xvx' visible='true' version='5' changeset='155828220' lat='51.5611323' lon='9.9671904'>
    <tag k='access' v='customers' />
    <tag k='defibrillator:location' v='In der Eingangshalle, vorne links, an der Wand.' />
    <tag k='defibrillator:location:de' v='Im Foyer' />
    <tag k='emergency' v='defibrillator' />
    <tag k='indoor' v='yes' />
    <tag k='survey:date' v='2023-08-11' />
  </node>
  <node id='11598481883' timestamp='2024-02-08T14:28:12Z' uid='1468043' user='jengelh' visible='true' version='1' changeset='147220321' lat='51.561502' lon='9.9687618' />
  <node id='11598481884' timestamp='2024-02-08T14:28:12Z' uid='1468043' user='jengelh' visible='true' version='1' changeset='147220321' lat='51.5615177' lon='9.9687872' />
  <node id='11598481885' timestamp='2024-02-08T14:28:12Z' uid='1468043' user='jengelh' visible='true' version='1' changeset='147220321' lat='51.5615334' lon='9.9688126' />
  <node id='11598481886' timestamp='2024-02-08T14:28:12Z' uid='1468043' user='jengelh' visible='true' version='1' changeset='147220321' lat='51.5615337' lon='9.9687112' />
  <node id='11598481887' timestamp='2024-02-08T14:28:12Z' uid='1468043' user='jengelh' visible='true' version='1' changeset='147220321' lat='51.5615494' lon='9.9687366' />
  <node id='11598481888' timestamp='2024-02-08T14:28:12Z' uid='1468043' user='jengelh' visible='true' version='1' changeset='147220321' lat='51.5615651' lon='9.968762' />
  <node id='11598481889' timestamp='2024-02-08T14:28:12Z' uid='1468043' user='jengelh' visible='true' version='1' changeset='147220321' lat='51.5615491' lon='9.968838' />
  <node id='11598481890' timestamp='2024-02-08T14:28:12Z' uid='1468043' user='jengelh' visible='true' version='1' changeset='147220321' lat='51.5614863' lon='9.9687364' />
  <node id='11598481891' timestamp='2024-02-08T14:28:12Z' uid='1468043' user='jengelh' visible='true' version='1' changeset='147220321' lat='51.561518' lon='9.9686858' />
  <node id='11598481892' timestamp='2024-02-08T14:28:12Z' uid='1468043' user='jengelh' visible='true' version='1' changeset='147220321' lat='51.5615807' lon='9.9687874' />
  <node id='11598481893' timestamp='2024-02-08T14:28:12Z' uid='1468043' user='jengelh' visible='true' version='1' changeset='147220321' lat='51.5614964' lon='9.9689143' />
  <node id='11598481894' timestamp='2024-02-08T14:28:12Z' uid='1468043' user='jengelh' visible='true' version='1' changeset='147220321' lat='51.5614748' lon='9.9689481' />
  <node id='11598481895' timestamp='2024-02-08T14:28:12Z' uid='1468043' user='jengelh' visible='true' version='1' changeset='147220321' lat='51.5614532' lon='9.968982' />
  <node id='11598481896' timestamp='2024-02-08T14:28:12Z' uid='1468043' user='jengelh' visible='true' version='1' changeset='147220321' lat='51.5614547' lon='9.9688891' />
  <node id='11598481897' timestamp='2024-02-08T14:28:12Z' uid='1468043' user='jengelh' visible='true' version='1' changeset='147220321' lat='51.5614331' lon='9.968923' />
  <node id='11598481898' timestamp='2024-02-08T14:28:12Z' uid='1468043' user='jengelh' visible='true' version='1' changeset='147220321' lat='51.5614115' lon='9.9689569' />
  <node id='11598481899' timestamp='2024-02-08T14:28:12Z' uid='1468043' user='jengelh' visible='true' version='1' changeset='147220321' lat='51.5613899' lon='9.9689907' />
  <node id='11598481900' timestamp='2024-02-08T14:28:12Z' uid='1468043' user='jengelh' visible='true' version='1' changeset='147220321' lat='51.5614762' lon='9.9688553' />
  <node id='11598481901' timestamp='2024-02-08T14:28:12Z' uid='1468043' user='jengelh' visible='true' version='1' changeset='147220321' lat='51.5614316' lon='9.9690159' />
  <node id='11598481902' timestamp='2024-02-08T14:28:12Z' uid='1468043' user='jengelh' visible='true' version='1' changeset='147220321' lat='51.5615179' lon='9.9688804' />
  <node id='11598481903' timestamp='2024-02-08T14:28:12Z' uid='1468043' user='jengelh' visible='true' version='1' changeset='147220321' lat='51.5612885' lon='9.9689663' />
  <node id='11598481904' timestamp='2024-02-08T14:28:12Z' uid='1468043' user='jengelh' visible='true' version='1' changeset='147220321' lat='51.561274' lon='9.9689426' />
  <node id='11598481905' timestamp='2024-02-08T14:28:12Z' uid='1468043' user='jengelh' visible='true' version='1' changeset='147220321' lat='51.5612594' lon='9.968919' />
  <node id='11598481906' timestamp='2024-02-08T14:28:12Z' uid='1468043' user='jengelh' visible='true' version='1' changeset='147220321' lat='51.5612448' lon='9.9688954' />
  <node id='11598481907' timestamp='2024-02-08T14:28:12Z' uid='1468043' user='jengelh' visible='true' version='1' changeset='147220321' lat='51.5612302' lon='9.9688717' />
  <node id='11598481908' timestamp='2024-02-08T14:28:12Z' uid='1468043' user='jengelh' visible='true' version='1' changeset='147220321' lat='51.5612156' lon='9.9688481' />
  <node id='11598481909' timestamp='2024-02-08T14:28:12Z' uid='1468043' user='jengelh' visible='true' version='1' changeset='147220321' lat='51.561201' lon='9.9688245' />
  <node id='11598481910' timestamp='2024-02-08T14:28:12Z' uid='1468043' user='jengelh' visible='true' version='1' changeset='147220321' lat='51.5611864' lon='9.9688008' />
  <node id='11598481911' timestamp='2024-02-08T14:28:12Z' uid='1468043' user='jengelh' visible='true' version='1' changeset='147220321' lat='51.5611719' lon='9.9687772' />
  <node id='11598481912' timestamp='2024-02-08T14:28:12Z' uid='1468043' user='jengelh' visible='true' version='1' changeset='147220321' lat='51.5611573' lon='9.9687536' />
  <node id='11598481913' timestamp='2024-02-08T14:28:12Z' uid='1468043' user='jengelh' visible='true' version='1' changeset='147220321' lat='51.5611427' lon='9.9687299' />
  <node id='11598481914' timestamp='2024-02-08T14:28:12Z' uid='1468043' user='jengelh' visible='true' version='1' changeset='147220321' lat='51.561325' lon='9.968908' />
  <node id='11598481915' timestamp='2024-02-08T14:28:12Z' uid='1468043' user='jengelh' visible='true' version='1' changeset='147220321' lat='51.5613105' lon='9.9688844' />
  <node id='11598481916' timestamp='2024-02-08T14:28:12Z' uid='1468043' user='jengelh' visible='true' version='1' changeset='147220321' lat='51.5612959' lon='9.9688607' />
  <node id='11598481917' timestamp='2024-02-08T14:28:12Z' uid='1468043' user='jengelh' visible='true' version='1' changeset='147220321' lat='51.5612813' lon='9.9688371' />
  <node id='11598481918' timestamp='2024-02-08T14:28:12Z' uid='1468043' user='jengelh' visible='true' version='1' changeset='147220321' lat='51.5612667' lon='9.9688135' />
  <node id='11598481919' timestamp='2024-02-08T14:28:12Z' uid='1468043' user='jengelh' visible='true' version='1' changeset='147220321' lat='51.5612521' lon='9.9687898' />
  <node id='11598481920' timestamp='2024-02-08T14:28:12Z' uid='1468043' user='jengelh' visible='true' version='1' changeset='147220321' lat='51.5612375' lon='9.9687662' />
  <node id='11598481921' timestamp='2024-02-08T14:28:12Z' uid='1468043' user='jengelh' visible='true' version='1' changeset='147220321' lat='51.5612229' lon='9.9687426' />
  <node id='11598481922' timestamp='2024-02-08T14:28:12Z' uid='1468043' user='jengelh' visible='true' version='1' changeset='147220321' lat='51.5612084' lon='9.9687189' />
  <node id='11598481923' timestamp='2024-02-08T14:28:12Z' uid='1468043' user='jengelh' visible='true' version='1' changeset='147220321' lat='51.5611938' lon='9.9686953' />
  <node id='11598481924' timestamp='2024-02-08T14:28:12Z' uid='1468043' user='jengelh' visible='true' version='1' changeset='147220321' lat='51.5611792' lon='9.9686717' />
  <node id='11598481925' timestamp='2024-02-08T14:28:12Z' uid='1468043' user='jengelh' visible='true' version='1' changeset='147220321' lat='51.5613396' lon='9.9689316' />
  <node id='11598481926' timestamp='2024-02-08T14:28:12Z' uid='1468043' user='jengelh' visible='true' version='1' changeset='147220321' lat='51.5613031' lon='9.9689899' />
  <node id='11598481927' timestamp='2024-02-08T14:28:12Z' uid='1468043' user='jengelh' visible='true' version='1' changeset='147220321' lat='51.5611646' lon='9.968648' />
  <node id='11598481928' timestamp='2024-02-08T14:28:12Z' uid='1468043' user='jengelh' visible='true' version='1' changeset='147220321' lat='51.5608578' lon='9.9692982' />
  <node id='11598481930' timestamp='2024-02-08T14:28:12Z' uid='1468043' user='jengelh' visible='true' version='1' changeset='147220321' lat='51.5609333' lon='9.9683098'>
    <tag k='natural' v='tree' />
  </node>
  <node id='11598481931' timestamp='2024-02-08T14:28:12Z' uid='1468043' user='jengelh' visible='true' version='1' changeset='147220321' lat='51.5609161' lon='9.9683964' />
  <node id='11598481932' timestamp='2024-02-08T14:28:12Z' uid='1468043' user='jengelh' visible='true' version='1' changeset='147220321' lat='51.5609212' lon='9.9684334' />
  <node id='11598481933' timestamp='2024-02-08T14:28:12Z' uid='1468043' user='jengelh' visible='true' version='1' changeset='147220321' lat='51.5609263' lon='9.9684703' />
  <node id='11598481934' timestamp='2024-02-08T14:28:12Z' uid='1468043' user='jengelh' visible='true' version='1' changeset='147220321' lat='51.5609314' lon='9.9685073' />
  <node id='11598481935' timestamp='2024-02-08T14:28:12Z' uid='1468043' user='jengelh' visible='true' version='1' changeset='147220321' lat='51.5609365' lon='9.9685443' />
  <node id='11598481936' timestamp='2024-02-08T14:28:12Z' uid='1468043' user='jengelh' visible='true' version='1' changeset='147220321' lat='51.5609416' lon='9.9685813' />
  <node id='11598481937' timestamp='2024-02-08T14:28:12Z' uid='1468043' user='jengelh' visible='true' version='1' changeset='147220321' lat='51.5609626' lon='9.9683798' />
  <node id='11598481938' timestamp='2024-02-08T14:28:12Z' uid='1468043' user='jengelh' visible='true' version='1' changeset='147220321' lat='51.5609677' lon='9.9684167' />
  <node id='11598481939' timestamp='2024-02-08T14:28:12Z' uid='1468043' user='jengelh' visible='true' version='1' changeset='147220321' lat='51.5609728' lon='9.9684537' />
  <node id='11598481940' timestamp='2024-02-08T14:28:12Z' uid='1468043' user='jengelh' visible='true' version='1' changeset='147220321' lat='51.5609779' lon='9.9684907' />
  <node id='11598481941' timestamp='2024-02-08T14:28:12Z' uid='1468043' user='jengelh' visible='true' version='1' changeset='147220321' lat='51.560983' lon='9.9685277' />
  <node id='11598481942' timestamp='2024-02-08T14:28:12Z' uid='1468043' user='jengelh' visible='true' version='1' changeset='147220321' lat='51.5609881' lon='9.9685646' />
  <node id='11598481943' timestamp='2024-02-08T14:28:12Z' uid='1468043' user='jengelh' visible='true' version='1' changeset='147220321' lat='51.5609575' lon='9.9683428' />
  <node id='11598481944' timestamp='2024-02-08T14:28:12Z' uid='1468043' user='jengelh' visible='true' version='1' changeset='147220321' lat='51.560911' lon='9.9683594' />
  <node id='11598481945' timestamp='2024-02-08T14:28:12Z' uid='1468043' user='jengelh' visible='true' version='1' changeset='147220321' lat='51.5609467' lon='9.9686182' />
  <node id='11598481946' timestamp='2024-02-08T14:28:12Z' uid='1468043' user='jengelh' visible='true' version='1' changeset='147220321' lat='51.5609932' lon='9.9686016' />
  <node id='11598481947' timestamp='2024-02-08T14:28:12Z' uid='1468043' user='jengelh' visible='true' version='1' changeset='147220321' lat='51.5613174' lon='9.9694543' />
  <node id='11598481948' timestamp='2024-02-08T14:28:12Z' uid='1468043' user='jengelh' visible='true' version='1' changeset='147220321' lat='51.5613494' lon='9.9694041' />
  <node id='11598481949' timestamp='2024-02-08T14:28:12Z' uid='1468043' user='jengelh' visible='true' version='1' changeset='147220321' lat='51.561275' lon='9.9693843' />
  <node id='11598481950' timestamp='2024-02-08T14:28:12Z' uid='1468043' user='jengelh' visible='true' version='1' changeset='147220321' lat='51.5612601' lon='9.9693597' />
  <node id='11598481951' timestamp='2024-02-08T14:28:12Z' uid='1468043' user='jengelh' visible='true' version='1' changeset='147220321' lat='51.5612452' lon='9.969335' />
  <node id='11598481952' timestamp='2024-02-08T14:28:12Z' uid='1468043' user='jengelh' visible='true' version='1' changeset='147220321' lat='51.5612303' lon='9.9693104' />
  <node id='11598481953' timestamp='2024-02-08T14:28:12Z' uid='1468043' user='jengelh' visible='true' version='1' changeset='147220321' lat='51.5612154' lon='9.9692858' />
  <node id='11598481954' timestamp='2024-02-08T14:28:12Z' uid='1468043' user='jengelh' visible='true' version='1' changeset='147220321' lat='51.5612004' lon='9.9692612' />
  <node id='11598481955' timestamp='2024-02-08T14:28:12Z' uid='1468043' user='jengelh' visible='true' version='1' changeset='147220321' lat='51.5611855' lon='9.9692366' />
  <node id='11598481956' timestamp='2024-02-08T14:28:12Z' uid='1468043' user='jengelh' visible='true' version='1' changeset='147220321' lat='51.5611706' lon='9.969212' />
  <node id='11598481957' timestamp='2024-02-08T14:28:12Z' uid='1468043' user='jengelh' visible='true' version='1' changeset='147220321' lat='51.561307' lon='9.9693341' />
  <node id='11598481958' timestamp='2024-02-08T14:28:12Z' uid='1468043' user='jengelh' visible='true' version='1' changeset='147220321' lat='51.5612921' lon='9.9693095' />
  <node id='11598481959' timestamp='2024-02-08T14:28:12Z' uid='1468043' user='jengelh' visible='true' version='1' changeset='147220321' lat='51.5612772' lon='9.9692849' />
  <node id='11598481960' timestamp='2024-02-08T14:28:12Z' uid='1468043' user='jengelh' visible='true' version='1' changeset='147220321' lat='51.5612623' lon='9.9692603' />
  <node id='11598481961' timestamp='2024-02-08T14:28:12Z' uid='1468043' user='jengelh' visible='true' version='1' changeset='147220321' lat='51.5612474' lon='9.9692356' />
  <node id='11598481962' timestamp='2024-02-08T14:28:12Z' uid='1468043' user='jengelh' visible='true' version='1' changeset='147220321' lat='51.5612325' lon='9.969211' />
  <node id='11598481963' timestamp='2024-02-08T14:28:12Z' uid='1468043' user='jengelh' visible='true' version='1' changeset='147220321' lat='51.5612175' lon='9.9691864' />
  <node id='11598481964' timestamp='2024-02-08T14:28:12Z' uid='1468043' user='jengelh' visible='true' version='1' changeset='147220321' lat='51.5612026' lon='9.9691618' />
  <node id='11598481966' timestamp='2024-04-24T19:30:13Z' uid='1468043' user='jengelh' visible='true' version='2' changeset='150464211' lat='51.5617232' lon='9.9697618' />
  <node id='11598481967' timestamp='2024-04-24T19:30:13Z' uid='1468043' user='jengelh' visible='true' version='2' changeset='150464211' lat='51.561738' lon='9.969738' />
  <node id='11598481968' timestamp='2024-04-24T19:30:13Z' uid='1468043' user='jengelh' visible='true' version='2' changeset='150464211' lat='51.5617529' lon='9.9697143' />
  <node id='11598482569' timestamp='2024-04-24T19:30:13Z' uid='1468043' user='jengelh' visible='true' version='2' changeset='150464211' lat='51.5617677' lon='9.9696905' />
  <node id='11598482571' timestamp='2024-04-24T19:30:13Z' uid='1468043' user='jengelh' visible='true' version='2' changeset='150464211' lat='51.5616922' lon='9.9697116' />
  <node id='11598482572' timestamp='2024-04-24T19:30:13Z' uid='1468043' user='jengelh' visible='true' version='2' changeset='150464211' lat='51.561707' lon='9.9696878' />
  <node id='11598482573' timestamp='2024-04-24T19:30:13Z' uid='1468043' user='jengelh' visible='true' version='2' changeset='150464211' lat='51.5617219' lon='9.9696641' />
  <node id='11598482574' timestamp='2024-04-24T19:30:13Z' uid='1468043' user='jengelh' visible='true' version='2' changeset='150464211' lat='51.5617367' lon='9.9696403' />
  <node id='11598482576' timestamp='2024-04-24T19:30:13Z' uid='1468043' user='jengelh' visible='true' version='2' changeset='150464211' lat='51.5616612' lon='9.9696614' />
  <node id='11598482577' timestamp='2024-04-24T19:30:13Z' uid='1468043' user='jengelh' visible='true' version='2' changeset='150464211' lat='51.561676' lon='9.9696377' />
  <node id='11598482578' timestamp='2024-04-24T19:30:13Z' uid='1468043' user='jengelh' visible='true' version='2' changeset='150464211' lat='51.5616909' lon='9.9696139' />
  <node id='11598482579' timestamp='2024-04-24T19:30:13Z' uid='1468043' user='jengelh' visible='true' version='2' changeset='150464211' lat='51.5617057' lon='9.9695902' />
  <node id='11598482580' timestamp='2024-02-08T14:28:12Z' uid='1468043' user='jengelh' visible='true' version='1' changeset='147220321' lat='51.5616773' lon='9.9697353' />
  <node id='11598482581' timestamp='2024-02-08T14:28:12Z' uid='1468043' user='jengelh' visible='true' version='1' changeset='147220321' lat='51.5617516' lon='9.9696166' />
  <node id='11598482582' timestamp='2024-02-08T14:28:12Z' uid='1468043' user='jengelh' visible='true' version='1' changeset='147220321' lat='51.5617826' lon='9.9696668' />
  <node id='11598482583' timestamp='2024-02-08T14:28:12Z' uid='1468043' user='jengelh' visible='true' version='1' changeset='147220321' lat='51.5617083' lon='9.9697855' />
  <node id='11598482584' timestamp='2024-02-08T14:28:12Z' uid='1468043' user='jengelh' visible='true' version='1' changeset='147220321' lat='51.5616463' lon='9.9696852' />
  <node id='11598482585' timestamp='2024-02-08T14:28:12Z' uid='1468043' user='jengelh' visible='true' version='1' changeset='147220321' lat='51.5617206' lon='9.9695664' />
  <node id='11598482586' timestamp='2024-02-08T14:28:12Z' uid='1468043' user='jengelh' visible='true' version='1' changeset='147220321' lat='51.5618667' lon='9.9696344' />
  <node id='11598482587' timestamp='2024-02-08T14:28:12Z' uid='1468043' user='jengelh' visible='true' version='1' changeset='147220321' lat='51.5618508' lon='9.9696086' />
  <node id='11598482588' timestamp='2024-02-08T14:28:12Z' uid='1468043' user='jengelh' visible='true' version='1' changeset='147220321' lat='51.5618348' lon='9.9695828' />
  <node id='11598482589' timestamp='2024-02-08T14:28:12Z' uid='1468043' user='jengelh' visible='true' version='1' changeset='147220321' lat='51.5618189' lon='9.9695571' />
  <node id='11598482590' timestamp='2024-02-08T14:28:12Z' uid='1468043' user='jengelh' visible='true' version='1' changeset='147220321' lat='51.561803' lon='9.9695313' />
  <node id='11598482591' timestamp='2024-02-08T14:28:12Z' uid='1468043' user='jengelh' visible='true' version='1' changeset='147220321' lat='51.5617871' lon='9.9695056' />
  <node id='11598482592' timestamp='2024-02-08T14:28:12Z' uid='1468043' user='jengelh' visible='true' version='1' changeset='147220321' lat='51.5619002' lon='9.9695808' />
  <node id='11598482593' timestamp='2024-02-08T14:28:12Z' uid='1468043' user='jengelh' visible='true' version='1' changeset='147220321' lat='51.5618843' lon='9.969555' />
  <node id='11598482594' timestamp='2024-02-08T14:28:12Z' uid='1468043' user='jengelh' visible='true' version='1' changeset='147220321' lat='51.5618684' lon='9.9695292' />
  <node id='11598482595' timestamp='2024-02-08T14:28:12Z' uid='1468043' user='jengelh' visible='true' version='1' changeset='147220321' lat='51.5618525' lon='9.9695034' />
  <node id='11598482596' timestamp='2024-02-08T14:28:12Z' uid='1468043' user='jengelh' visible='true' version='1' changeset='147220321' lat='51.5618366' lon='9.9694777' />
  <node id='11598482597' timestamp='2024-02-08T14:28:12Z' uid='1468043' user='jengelh' visible='true' version='1' changeset='147220321' lat='51.5618207' lon='9.9694519' />
  <node id='11598482598' timestamp='2024-02-08T14:28:12Z' uid='1468043' user='jengelh' visible='true' version='1' changeset='147220321' lat='51.5619161' lon='9.9696065' />
  <node id='11598482599' timestamp='2024-02-08T14:28:12Z' uid='1468043' user='jengelh' visible='true' version='1' changeset='147220321' lat='51.5618826' lon='9.9696601' />
  <node id='11598482600' timestamp='2024-02-08T14:28:12Z' uid='1468043' user='jengelh' visible='true' version='1' changeset='147220321' lat='51.5617519' lon='9.9694484' />
  <node id='11598482601' timestamp='2024-02-08T14:28:12Z' uid='1468043' user='jengelh' visible='true' version='1' changeset='147220321' lat='51.5617855' lon='9.9693948' />
  <node id='11598482602' timestamp='2024-02-08T14:28:12Z' uid='1468043' user='jengelh' visible='true' version='1' changeset='147220321' lat='51.5613189' lon='9.9691832' />
  <node id='11598482603' timestamp='2024-02-08T14:28:12Z' uid='1468043' user='jengelh' visible='true' version='1' changeset='147220321' lat='51.5612426' lon='9.9690487' />
  <node id='11598482604' timestamp='2024-02-08T14:28:12Z' uid='1468043' user='jengelh' visible='true' version='1' changeset='147220321' lat='51.5611717' lon='9.9689129' />
  <node id='11598482605' timestamp='2024-02-08T14:28:12Z' uid='1468043' user='jengelh' visible='true' version='1' changeset='147220321' lat='51.5611438' lon='9.9688489' />
  <node id='11598482606' timestamp='2024-02-08T14:28:12Z' uid='1468043' user='jengelh' visible='true' version='1' changeset='147220321' lat='51.5611173' lon='9.9687822' />
  <node id='11598482607' timestamp='2024-02-08T14:28:12Z' uid='1468043' user='jengelh' visible='true' version='1' changeset='147220321' lat='51.5610992' lon='9.9687279' />
  <node id='11598482608' timestamp='2024-02-08T14:28:12Z' uid='1468043' user='jengelh' visible='true' version='1' changeset='147220321' lat='51.5610808' lon='9.9686598' />
  <node id='11598482609' timestamp='2024-02-08T14:28:12Z' uid='1468043' user='jengelh' visible='true' version='1' changeset='147220321' lat='51.5610925' lon='9.9686474' />
  <node id='11598482610' timestamp='2024-02-08T14:28:12Z' uid='1468043' user='jengelh' visible='true' version='1' changeset='147220321' lat='51.5611066' lon='9.9686432' />
  <node id='11598482611' timestamp='2024-02-08T14:28:12Z' uid='1468043' user='jengelh' visible='true' version='1' changeset='147220321' lat='51.5611369' lon='9.9686923' />
  <node id='11598482612' timestamp='2024-02-08T14:28:12Z' uid='1468043' user='jengelh' visible='true' version='1' changeset='147220321' lat='51.561371' lon='9.9690999' />
  <node id='11659696348' timestamp='2024-02-24T14:34:01Z' uid='1468043' user='jengelh' visible='true' version='1' changeset='147857774' lat='51.5617209' lon='9.9707575' />
  <node id='11659696349' timestamp='2024-02-24T14:34:01Z' uid='1468043' user='jengelh' visible='true' version='1' changeset='147857774' lat='51.5611613' lon='9.9706204' />
  <node id='11659701376' timestamp='2024-02-24T14:34:01Z' uid='1468043' user='jengelh' visible='true' version='1' changeset='147857774' lat='51.5601403' lon='9.9703436' />
  <node id='11659701377' timestamp='2024-02-24T14:34:01Z' uid='1468043' user='jengelh' visible='true' version='1' changeset='147857774' lat='51.5600649' lon='9.9715814' />
  <node id='11659701378' timestamp='2024-02-24T14:34:01Z' uid='1468043' user='jengelh' visible='true' version='1' changeset='147857774' lat='51.5602517' lon='9.971749' />
  <node id='11659701379' timestamp='2024-02-24T14:34:01Z' uid='1468043' user='jengelh' visible='true' version='1' changeset='147857774' lat='51.5603826' lon='9.9718483' />
  <node id='11659701380' timestamp='2024-02-24T14:34:01Z' uid='1468043' user='jengelh' visible='true' version='1' changeset='147857774' lat='51.5604343' lon='9.9718684' />
  <node id='11659701381' timestamp='2024-02-24T14:34:01Z' uid='1468043' user='jengelh' visible='true' version='1' changeset='147857774' lat='51.5604876' lon='9.971859' />
  <node id='11659701382' timestamp='2024-02-24T14:34:01Z' uid='1468043' user='jengelh' visible='true' version='1' changeset='147857774' lat='51.5605385' lon='9.9718456' />
  <node id='11659701383' timestamp='2024-02-24T14:34:01Z' uid='1468043' user='jengelh' visible='true' version='1' changeset='147857774' lat='51.5605885' lon='9.971804' />
  <node id='11659701384' timestamp='2024-02-24T14:34:01Z' uid='1468043' user='jengelh' visible='true' version='1' changeset='147857774' lat='51.560626' lon='9.9717289' />
  <node id='11659701385' timestamp='2024-02-24T14:34:01Z' uid='1468043' user='jengelh' visible='true' version='1' changeset='147857774' lat='51.5606627' lon='9.9716417' />
  <node id='11659701386' timestamp='2024-02-24T14:34:01Z' uid='1468043' user='jengelh' visible='true' version='1' changeset='147857774' lat='51.5606877' lon='9.9715385' />
  <node id='11659701387' timestamp='2024-02-24T14:34:01Z' uid='1468043' user='jengelh' visible='true' version='1' changeset='147857774' lat='51.5605681' lon='9.9694177' />
  <node id='11659701388' timestamp='2024-02-24T14:34:01Z' uid='1468043' user='jengelh' visible='true' version='1' changeset='147857774' lat='51.561795' lon='9.9701414' />
  <node id='11659701389' timestamp='2024-02-24T14:34:01Z' uid='1468043' user='jengelh' visible='true' version='1' changeset='147857774' lat='51.5618091' lon='9.9701189' />
  <node id='11659701390' timestamp='2024-02-24T14:34:01Z' uid='1468043' user='jengelh' visible='true' version='1' changeset='147857774' lat='51.5618824' lon='9.9702382' />
  <node id='11659701391' timestamp='2024-02-24T14:34:01Z' uid='1468043' user='jengelh' visible='true' version='1' changeset='147857774' lat='51.5610832' lon='9.9699009' />
  <node id='11659701392' timestamp='2024-12-06T13:54:09Z' uid='2573759' user='aeszter' visible='true' version='2' changeset='159995529' lat='51.5614074' lon='9.9694489' />
  <node id='11659701393' timestamp='2024-02-24T14:34:01Z' uid='1468043' user='jengelh' visible='true' version='1' changeset='147857774' lat='51.5615424' lon='9.9709876'>
    <tag k='barrier' v='gate' />
    <tag k='material' v='metal' />
    <tag k='survey:date' v='2024-02-24' />
  </node>
  <node id='11659701394' timestamp='2024-02-24T14:34:01Z' uid='1468043' user='jengelh' visible='true' version='1' changeset='147857774' lat='51.5618901' lon='9.9711262' />
  <node id='11659701395' timestamp='2024-02-24T14:34:01Z' uid='1468043' user='jengelh' visible='true' version='1' changeset='147857774' lat='51.5616941' lon='9.9707148' />
  <node id='11659701396' timestamp='2024-02-24T14:34:01Z' uid='1468043' user='jengelh' visible='true' version='1' changeset='147857774' lat='51.5618036' lon='9.9708891' />
  <node id='11659701397' timestamp='2024-02-24T14:34:01Z' uid='1468043' user='jengelh' visible='true' version='1' changeset='147857774' lat='51.5617726' lon='9.9709396' />
  <node id='11659701398' timestamp='2024-02-24T14:34:01Z' uid='1468043' user='jengelh' visible='true' version='1' changeset='147857774' lat='51.5621011' lon='9.9711566' />
  <node id='11659701399' timestamp='2024-02-24T14:34:01Z' uid='1468043' user='jengelh' visible='true' version='1' changeset='147857774' lat='51.5620567' lon='9.9712279' />
  <node id='11659701400' timestamp='2024-02-24T14:34:01Z' uid='1468043' user='jengelh' visible='true' version='1' changeset='147857774' lat='51.5622963' lon='9.9708431' />
  <node id='11659701401' timestamp='2024-02-24T14:34:01Z' uid='1468043' user='jengelh' visible='true' version='1' changeset='147857774' lat='51.5620251' lon='9.9712785'>
    <tag k='barrier' v='gate' />
    <tag k='material' v='metal' />
    <tag k='survey:date' v='2024-02-24' />
  </node>
  <node id='11659701402' timestamp='2024-02-24T14:34:01Z' uid='1468043' user='jengelh' visible='true' version='1' changeset='147857774' lat='51.5622001' lon='9.9709976' />
  <node id='11659701403' timestamp='2024-02-24T14:34:01Z' uid='1468043' user='jengelh' visible='true' version='1' changeset='147857774' lat='51.5621338' lon='9.9710803' />
  <node id='11659701404' timestamp='2024-02-24T14:34:01Z' uid='1468043' user='jengelh' visible='true' version='1' changeset='147857774' lat='51.5621809' lon='9.9708437' />
  <node id='11659701405' timestamp='2024-02-24T14:34:01Z' uid='1468043' user='jengelh' visible='true' version='1' changeset='147857774' lat='51.5621839' lon='9.9708426' />
  <node id='11659701406' timestamp='2024-02-24T14:34:01Z' uid='1468043' user='jengelh' visible='true' version='1' changeset='147857774' lat='51.5621869' lon='9.9708427' />
  <node id='11659701407' timestamp='2024-02-24T14:34:01Z' uid='1468043' user='jengelh' visible='true' version='1' changeset='147857774' lat='51.5621898' lon='9.9708441' />
  <node id='11659701408' timestamp='2024-02-24T14:34:01Z' uid='1468043' user='jengelh' visible='true' version='1' changeset='147857774' lat='51.5621923' lon='9.9708467' />
  <node id='11659701409' timestamp='2024-02-24T14:34:01Z' uid='1468043' user='jengelh' visible='true' version='1' changeset='147857774' lat='51.5621944' lon='9.9708502' />
  <node id='11659701410' timestamp='2024-02-24T14:34:01Z' uid='1468043' user='jengelh' visible='true' version='1' changeset='147857774' lat='51.5621958' lon='9.9708545' />
  <node id='11659701411' timestamp='2024-02-24T14:34:01Z' uid='1468043' user='jengelh' visible='true' version='1' changeset='147857774' lat='51.5621965' lon='9.9708592' />
  <node id='11659701412' timestamp='2024-02-24T14:34:01Z' uid='1468043' user='jengelh' visible='true' version='1' changeset='147857774' lat='51.5621964' lon='9.9708641' />
  <node id='11659701413' timestamp='2024-02-24T14:34:01Z' uid='1468043' user='jengelh' visible='true' version='1' changeset='147857774' lat='51.5621955' lon='9.9708687' />
  <node id='11659701414' timestamp='2024-02-24T14:34:01Z' uid='1468043' user='jengelh' visible='true' version='1' changeset='147857774' lat='51.5621939' lon='9.9708729' />
  <node id='11659701415' timestamp='2024-02-24T14:34:01Z' uid='1468043' user='jengelh' visible='true' version='1' changeset='147857774' lat='51.5621917' lon='9.9708762' />
  <node id='11659701416' timestamp='2024-02-24T14:34:01Z' uid='1468043' user='jengelh' visible='true' version='1' changeset='147857774' lat='51.5621891' lon='9.9708785' />
  <node id='11659701417' timestamp='2024-02-24T14:34:01Z' uid='1468043' user='jengelh' visible='true' version='1' changeset='147857774' lat='51.5621861' lon='9.9708796' />
  <node id='11659701418' timestamp='2024-02-24T14:34:01Z' uid='1468043' user='jengelh' visible='true' version='1' changeset='147857774' lat='51.5621831' lon='9.9708794' />
  <node id='11659701419' timestamp='2024-02-24T14:34:01Z' uid='1468043' user='jengelh' visible='true' version='1' changeset='147857774' lat='51.5621802' lon='9.970878' />
  <node id='11659701420' timestamp='2024-02-24T14:34:01Z' uid='1468043' user='jengelh' visible='true' version='1' changeset='147857774' lat='51.5621777' lon='9.9708754' />
  <node id='11659701421' timestamp='2024-02-24T14:34:01Z' uid='1468043' user='jengelh' visible='true' version='1' changeset='147857774' lat='51.5621756' lon='9.9708719' />
  <node id='11659701422' timestamp='2024-02-24T14:34:01Z' uid='1468043' user='jengelh' visible='true' version='1' changeset='147857774' lat='51.5621742' lon='9.9708676' />
  <node id='11659701423' timestamp='2024-02-24T14:34:01Z' uid='1468043' user='jengelh' visible='true' version='1' changeset='147857774' lat='51.5621735' lon='9.9708629' />
  <node id='11659701424' timestamp='2024-02-24T14:34:01Z' uid='1468043' user='jengelh' visible='true' version='1' changeset='147857774' lat='51.5621736' lon='9.970858' />
  <node id='11659701425' timestamp='2024-02-24T14:34:01Z' uid='1468043' user='jengelh' visible='true' version='1' changeset='147857774' lat='51.5621745' lon='9.9708534' />
  <node id='11659701426' timestamp='2024-02-24T14:34:01Z' uid='1468043' user='jengelh' visible='true' version='1' changeset='147857774' lat='51.5621761' lon='9.9708493' />
  <node id='11659701427' timestamp='2024-02-24T14:34:01Z' uid='1468043' user='jengelh' visible='true' version='1' changeset='147857774' lat='51.5621783' lon='9.9708459' />
  <node id='11659701428' timestamp='2024-02-24T14:34:01Z' uid='1468043' user='jengelh' visible='true' version='1' changeset='147857774' lat='51.5618783' lon='9.9711254' />
  <node id='11659701429' timestamp='2024-02-24T14:34:01Z' uid='1468043' user='jengelh' visible='true' version='1' changeset='147857774' lat='51.5617789' lon='9.9709675' />
  <node id='11659701430' timestamp='2024-02-24T14:34:01Z' uid='1468043' user='jengelh' visible='true' version='1' changeset='147857774' lat='51.5618912' lon='9.9715441'>
    <tag k='barrier' v='gate' />
    <tag k='height' v='1 m' />
    <tag k='material' v='metal' />
    <tag k='survey:date' v='2024-02-24' />
  </node>
  <node id='11659701431' timestamp='2024-02-24T14:34:01Z' uid='1468043' user='jengelh' visible='true' version='1' changeset='147857774' lat='51.5619205' lon='9.9714924' />
  <node id='11659701432' timestamp='2024-02-24T14:34:01Z' uid='1468043' user='jengelh' visible='true' version='1' changeset='147857774' lat='51.5614866' lon='9.9709498' />
  <node id='11659701433' timestamp='2024-02-24T14:34:01Z' uid='1468043' user='jengelh' visible='true' version='1' changeset='147857774' lat='51.5615915' lon='9.9711583' />
  <node id='11659701434' timestamp='2024-02-24T14:34:01Z' uid='1468043' user='jengelh' visible='true' version='1' changeset='147857774' lat='51.5617674' lon='9.9714359' />
  <node id='11659701435' timestamp='2024-02-24T14:34:01Z' uid='1468043' user='jengelh' visible='true' version='1' changeset='147857774' lat='51.5617365' lon='9.9707226' />
  <node id='11659701436' timestamp='2024-02-24T14:34:01Z' uid='1468043' user='jengelh' visible='true' version='1' changeset='147857774' lat='51.5617782' lon='9.9708329' />
  <node id='11659701437' timestamp='2024-02-24T14:34:01Z' uid='1468043' user='jengelh' visible='true' version='1' changeset='147857774' lat='51.5617578' lon='9.9708005' />
  <node id='11659701438' timestamp='2024-02-24T14:34:01Z' uid='1468043' user='jengelh' visible='true' version='1' changeset='147857774' lat='51.5617715' lon='9.9707781' />
  <node id='11659701439' timestamp='2024-02-24T14:34:01Z' uid='1468043' user='jengelh' visible='true' version='1' changeset='147857774' lat='51.5617919' lon='9.9708106' />
  <node id='11659701440' timestamp='2024-02-24T14:34:01Z' uid='1468043' user='jengelh' visible='true' version='1' changeset='147857774' lat='51.5622022' lon='9.9712998'>
    <tag k='description' v='Radiatoren, typisch aufgeständert (also kein Gebäude)' />
  </node>
  <node id='11659701441' timestamp='2024-02-24T14:34:01Z' uid='1468043' user='jengelh' visible='true' version='1' changeset='147857774' lat='51.5620839' lon='9.9711597' />
  <node id='11659701442' timestamp='2024-02-24T14:34:01Z' uid='1468043' user='jengelh' visible='true' version='1' changeset='147857774' lat='51.5620412' lon='9.9710903' />
  <node id='11659701443' timestamp='2024-02-24T14:34:01Z' uid='1468043' user='jengelh' visible='true' version='1' changeset='147857774' lat='51.5620528' lon='9.9710718' />
  <node id='11659701444' timestamp='2024-02-24T14:34:01Z' uid='1468043' user='jengelh' visible='true' version='1' changeset='147857774' lat='51.5620147' lon='9.9706287' />
  <node id='11659701445' timestamp='2024-02-24T14:34:01Z' uid='1468043' user='jengelh' visible='true' version='1' changeset='147857774' lat='51.5617938' lon='9.9703792' />
  <node id='11659701446' timestamp='2024-02-24T14:34:01Z' uid='1468043' user='jengelh' visible='true' version='1' changeset='147857774' lat='51.5617267' lon='9.970486' />
  <node id='11659701447' timestamp='2024-02-24T14:34:01Z' uid='1468043' user='jengelh' visible='true' version='1' changeset='147857774' lat='51.5618327' lon='9.9704424' />
  <node id='11659701448' timestamp='2024-02-24T14:34:01Z' uid='1468043' user='jengelh' visible='true' version='1' changeset='147857774' lat='51.5619134' lon='9.9707898' />
  <node id='11659701449' timestamp='2024-02-24T14:34:01Z' uid='1468043' user='jengelh' visible='true' version='1' changeset='147857774' lat='51.5616107' lon='9.9707714' />
  <node id='11659701450' timestamp='2024-02-24T14:34:01Z' uid='1468043' user='jengelh' visible='true' version='1' changeset='147857774' lat='51.5616069' lon='9.970705' />
  <node id='11659701451' timestamp='2024-02-24T14:34:01Z' uid='1468043' user='jengelh' visible='true' version='1' changeset='147857774' lat='51.5616903' lon='9.9708258' />
  <node id='11659701452' timestamp='2024-02-24T14:34:01Z' uid='1468043' user='jengelh' visible='true' version='1' changeset='147857774' lat='51.5615822' lon='9.9710512' />
  <node id='11659701453' timestamp='2024-02-24T14:34:01Z' uid='1468043' user='jengelh' visible='true' version='1' changeset='147857774' lat='51.561599' lon='9.9709617' />
  <node id='11659701454' timestamp='2024-02-24T14:34:01Z' uid='1468043' user='jengelh' visible='true' version='1' changeset='147857774' lat='51.561541' lon='9.9708686' />
  <node id='11659701455' timestamp='2024-02-24T14:34:01Z' uid='1468043' user='jengelh' visible='true' version='1' changeset='147857774' lat='51.5614782' lon='9.9708852' />
  <node id='11659701456' timestamp='2024-02-24T14:34:01Z' uid='1468043' user='jengelh' visible='true' version='1' changeset='147857774' lat='51.5618086' lon='9.9701636' />
  <node id='11659701457' timestamp='2024-02-24T14:34:01Z' uid='1468043' user='jengelh' visible='true' version='1' changeset='147857774' lat='51.5618683' lon='9.9702607' />
  <node id='11659701458' timestamp='2024-02-24T14:34:01Z' uid='1468043' user='jengelh' visible='true' version='1' changeset='147857774' lat='51.5618406' lon='9.9703047' />
  <node id='11659701459' timestamp='2024-02-24T14:34:01Z' uid='1468043' user='jengelh' visible='true' version='1' changeset='147857774' lat='51.561781' lon='9.9702076' />
  <node id='11659701460' timestamp='2024-02-24T14:34:01Z' uid='1468043' user='jengelh' visible='true' version='1' changeset='147857774' lat='51.5617456' lon='9.9702639' />
  <node id='11659701461' timestamp='2024-02-24T14:34:01Z' uid='1468043' user='jengelh' visible='true' version='1' changeset='147857774' lat='51.5617046' lon='9.9700833' />
  <node id='11659701462' timestamp='2024-02-24T14:34:01Z' uid='1468043' user='jengelh' visible='true' version='1' changeset='147857774' lat='51.5628756' lon='9.9723239' />
  <node id='11659701463' timestamp='2024-02-24T14:34:01Z' uid='1468043' user='jengelh' visible='true' version='1' changeset='147857774' lat='51.563017' lon='9.972567' />
  <node id='11659701464' timestamp='2024-02-24T14:34:01Z' uid='1468043' user='jengelh' visible='true' version='1' changeset='147857774' lat='51.5629259' lon='9.972321' />
  <node id='11659701465' timestamp='2024-02-24T14:34:01Z' uid='1468043' user='jengelh' visible='true' version='1' changeset='147857774' lat='51.562963' lon='9.9723867' />
  <node id='11659701466' timestamp='2024-02-24T14:34:01Z' uid='1468043' user='jengelh' visible='true' version='1' changeset='147857774' lat='51.563038' lon='9.9725423'>
    <tag k='barrier' v='gate' />
  </node>
  <node id='11659701467' timestamp='2024-02-24T14:34:01Z' uid='1468043' user='jengelh' visible='true' version='1' changeset='147857774' lat='51.5623877' lon='9.9718315' />
  <node id='11659701468' timestamp='2024-02-24T14:34:01Z' uid='1468043' user='jengelh' visible='true' version='1' changeset='147857774' lat='51.5623485' lon='9.9717658' />
  <node id='11659701469' timestamp='2024-02-24T14:34:01Z' uid='1468043' user='jengelh' visible='true' version='1' changeset='147857774' lat='51.5623023' lon='9.9717028' />
  <node id='11659701470' timestamp='2024-02-24T14:34:01Z' uid='1468043' user='jengelh' visible='true' version='1' changeset='147857774' lat='51.5621626' lon='9.9715479' />
  <node id='11659701471' timestamp='2024-02-24T14:34:01Z' uid='1468043' user='jengelh' visible='true' version='1' changeset='147857774' lat='51.5621038' lon='9.9714842' />
  <node id='11659701472' timestamp='2024-02-24T14:34:01Z' uid='1468043' user='jengelh' visible='true' version='1' changeset='147857774' lat='51.562073' lon='9.9714372' />
  <node id='11659701473' timestamp='2024-02-24T14:34:01Z' uid='1468043' user='jengelh' visible='true' version='1' changeset='147857774' lat='51.5620526' lon='9.9713903' />
  <node id='11659701474' timestamp='2024-02-24T14:34:01Z' uid='1468043' user='jengelh' visible='true' version='1' changeset='147857774' lat='51.5620346' lon='9.9713185' />
  <node id='11659701475' timestamp='2024-02-24T14:34:01Z' uid='1468043' user='jengelh' visible='true' version='1' changeset='147857774' lat='51.5620138' lon='9.9712307' />
  <node id='11659701476' timestamp='2024-02-24T14:34:01Z' uid='1468043' user='jengelh' visible='true' version='1' changeset='147857774' lat='51.5619896' lon='9.9711529' />
  <node id='11659701477' timestamp='2024-02-24T14:34:01Z' uid='1468043' user='jengelh' visible='true' version='1' changeset='147857774' lat='51.5619638' lon='9.9710899' />
  <node id='11659701478' timestamp='2024-02-24T14:34:01Z' uid='1468043' user='jengelh' visible='true' version='1' changeset='147857774' lat='51.5615232' lon='9.9710221' />
  <node id='11659701479' timestamp='2024-02-24T14:34:01Z' uid='1468043' user='jengelh' visible='true' version='1' changeset='147857774' lat='51.5610387' lon='9.9708934'>
    <tag k='amenity' v='bench' />
    <tag k='backrest' v='yes' />
  </node>
  <node id='11659701480' timestamp='2024-02-24T14:34:01Z' uid='1468043' user='jengelh' visible='true' version='1' changeset='147857774' lat='51.5611617' lon='9.9703488' />
  <node id='11659701481' timestamp='2024-02-24T14:34:01Z' uid='1468043' user='jengelh' visible='true' version='1' changeset='147857774' lat='51.5612126' lon='9.9703241' />
  <node id='11659701482' timestamp='2024-02-24T14:34:01Z' uid='1468043' user='jengelh' visible='true' version='1' changeset='147857774' lat='51.5611967' lon='9.9702436' />
  <node id='11659701483' timestamp='2024-02-24T14:34:01Z' uid='1468043' user='jengelh' visible='true' version='1' changeset='147857774' lat='51.5611617' lon='9.9701256' />
  <node id='11659701484' timestamp='2024-02-24T14:34:01Z' uid='1468043' user='jengelh' visible='true' version='1' changeset='147857774' lat='51.5609541' lon='9.9695315' />
  <node id='11659701485' timestamp='2024-02-24T14:34:01Z' uid='1468043' user='jengelh' visible='true' version='1' changeset='147857774' lat='51.5608511' lon='9.9693122' />
  <node id='11659701486' timestamp='2024-02-24T14:34:01Z' uid='1468043' user='jengelh' visible='true' version='1' changeset='147857774' lat='51.5607512' lon='9.96908' />
  <node id='11659701487' timestamp='2024-02-24T14:34:01Z' uid='1468043' user='jengelh' visible='true' version='1' changeset='147857774' lat='51.5610016' lon='9.9706306' />
  <node id='11659701488' timestamp='2024-02-24T14:34:01Z' uid='1468043' user='jengelh' visible='true' version='1' changeset='147857774' lat='51.5609929' lon='9.9706212' />
  <node id='11659701489' timestamp='2024-02-24T14:34:01Z' uid='1468043' user='jengelh' visible='true' version='1' changeset='147857774' lat='51.5609304' lon='9.9701907' />
  <node id='11659701490' timestamp='2024-02-24T14:34:01Z' uid='1468043' user='jengelh' visible='true' version='1' changeset='147857774' lat='51.560912' lon='9.9701484' />
  <node id='11659701491' timestamp='2024-02-24T14:34:01Z' uid='1468043' user='jengelh' visible='true' version='1' changeset='147857774' lat='51.5608837' lon='9.9701176' />
  <node id='11659701492' timestamp='2024-02-24T14:34:01Z' uid='1468043' user='jengelh' visible='true' version='1' changeset='147857774' lat='51.5607744' lon='9.9700727' />
  <node id='11659701493' timestamp='2024-02-24T14:34:01Z' uid='1468043' user='jengelh' visible='true' version='1' changeset='147857774' lat='51.5605093' lon='9.9700364' />
  <node id='11659701494' timestamp='2024-02-24T14:34:01Z' uid='1468043' user='jengelh' visible='true' version='1' changeset='147857774' lat='51.5605564' lon='9.9694759' />
  <node id='11659701495' timestamp='2024-02-24T14:34:01Z' uid='1468043' user='jengelh' visible='true' version='1' changeset='147857774' lat='51.5605852' lon='9.969333' />
  <node id='11659701496' timestamp='2024-02-24T14:34:01Z' uid='1468043' user='jengelh' visible='true' version='1' changeset='147857774' lat='51.5606535' lon='9.9691151' />
  <node id='11659701497' timestamp='2024-02-24T14:34:01Z' uid='1468043' user='jengelh' visible='true' version='1' changeset='147857774' lat='51.5606761' lon='9.9690823' />
  <node id='11659701498' timestamp='2024-02-24T14:34:01Z' uid='1468043' user='jengelh' visible='true' version='1' changeset='147857774' lat='51.560982' lon='9.9706668' />
  <node id='11659701499' timestamp='2024-02-24T14:34:01Z' uid='1468043' user='jengelh' visible='true' version='1' changeset='147857774' lat='51.5609262' lon='9.9702752' />
  <node id='11659701500' timestamp='2024-02-24T14:34:01Z' uid='1468043' user='jengelh' visible='true' version='1' changeset='147857774' lat='51.560902' lon='9.9701793' />
  <node id='11659701501' timestamp='2024-02-24T14:34:01Z' uid='1468043' user='jengelh' visible='true' version='1' changeset='147857774' lat='51.5608853' lon='9.9701618' />
  <node id='11659701502' timestamp='2024-02-24T14:34:01Z' uid='1468043' user='jengelh' visible='true' version='1' changeset='147857774' lat='51.5607711' lon='9.9701115' />
  <node id='11659701503' timestamp='2024-02-24T14:34:01Z' uid='1468043' user='jengelh' visible='true' version='1' changeset='147857774' lat='51.5604901' lon='9.9700639' />
  <node id='11659701504' timestamp='2024-02-24T14:34:01Z' uid='1468043' user='jengelh' visible='true' version='1' changeset='147857774' lat='51.5605243' lon='9.9696381' />
  <node id='11659701505' timestamp='2024-02-24T14:34:01Z' uid='1468043' user='jengelh' visible='true' version='1' changeset='147857774' lat='51.5605402' lon='9.9694692' />
  <node id='11659701506' timestamp='2024-02-24T14:34:01Z' uid='1468043' user='jengelh' visible='true' version='1' changeset='147857774' lat='51.5605672' lon='9.969339' />
  <node id='11845323505' timestamp='2024-04-24T19:30:13Z' uid='1468043' user='jengelh' visible='true' version='1' changeset='150464211' lat='51.5607253' lon='9.9689719' />
  <node id='11845323506' timestamp='2024-04-24T19:30:13Z' uid='1468043' user='jengelh' visible='true' version='1' changeset='150464211' lat='51.5608715' lon='9.9687736' />
  <node id='11845323507' timestamp='2026-02-04T11:26:21Z' uid='23647113' user='PhOeNiX1580' visible='true' version='2' changeset='178090319' lat='51.5624113' lon='9.9705401'>
    <tag k='entrance' v='service' />
  </node>
  <node id='11845323518' timestamp='2024-04-24T19:30:13Z' uid='1468043' user='jengelh' visible='true' version='1' changeset='150464211' lat='51.5608045' lon='9.9667695' />
  <node id='11845323526' timestamp='2024-04-24T19:30:13Z' uid='1468043' user='jengelh' visible='true' version='1' changeset='150464211' lat='51.5607515' lon='9.9668579' />
  <node id='11845323527' timestamp='2024-04-24T19:30:13Z' uid='1468043' user='jengelh' visible='true' version='1' changeset='150464211' lat='51.5604968' lon='9.966506' />
  <node id='11845323528' timestamp='2024-04-24T19:30:13Z' uid='1468043' user='jengelh' visible='true' version='1' changeset='150464211' lat='51.5605385' lon='9.9665308' />
  <node id='11845329983' timestamp='2024-04-24T19:30:13Z' uid='1468043' user='jengelh' visible='true' version='1' changeset='150464211' lat='51.5608964' lon='9.9661461' />
  <node id='11845329987' timestamp='2024-04-24T19:30:13Z' uid='1468043' user='jengelh' visible='true' version='1' changeset='150464211' lat='51.560906' lon='9.9660594' />
  <node id='11845330035' timestamp='2024-04-24T19:30:13Z' uid='1468043' user='jengelh' visible='true' version='1' changeset='150464211' lat='51.5613226' lon='9.967917' />
  <node id='11845330036' timestamp='2024-04-24T19:30:13Z' uid='1468043' user='jengelh' visible='true' version='1' changeset='150464211' lat='51.561308' lon='9.9678929' />
  <node id='11845330037' timestamp='2024-04-24T19:30:13Z' uid='1468043' user='jengelh' visible='true' version='1' changeset='150464211' lat='51.5612933' lon='9.9678687' />
  <node id='11845330038' timestamp='2024-04-24T19:30:13Z' uid='1468043' user='jengelh' visible='true' version='1' changeset='150464211' lat='51.5612787' lon='9.9678445' />
  <node id='11845330039' timestamp='2024-04-24T19:30:13Z' uid='1468043' user='jengelh' visible='true' version='1' changeset='150464211' lat='51.561264' lon='9.9678204' />
  <node id='11845330040' timestamp='2024-04-24T19:30:13Z' uid='1468043' user='jengelh' visible='true' version='1' changeset='150464211' lat='51.5612494' lon='9.9677962' />
  <node id='11845330041' timestamp='2024-04-24T19:30:13Z' uid='1468043' user='jengelh' visible='true' version='1' changeset='150464211' lat='51.5612347' lon='9.967772' />
  <node id='11845330042' timestamp='2024-04-24T19:30:13Z' uid='1468043' user='jengelh' visible='true' version='1' changeset='150464211' lat='51.5612201' lon='9.9677479' />
  <node id='11845330043' timestamp='2024-04-24T19:30:13Z' uid='1468043' user='jengelh' visible='true' version='1' changeset='150464211' lat='51.5612054' lon='9.9677237' />
  <node id='11845330044' timestamp='2024-04-24T19:30:13Z' uid='1468043' user='jengelh' visible='true' version='1' changeset='150464211' lat='51.5611908' lon='9.9676995' />
  <node id='11845330045' timestamp='2024-04-24T19:30:13Z' uid='1468043' user='jengelh' visible='true' version='1' changeset='150464211' lat='51.5612859' lon='9.9679747' />
  <node id='11845330046' timestamp='2024-04-24T19:30:13Z' uid='1468043' user='jengelh' visible='true' version='1' changeset='150464211' lat='51.5612712' lon='9.9679506' />
  <node id='11845330047' timestamp='2024-04-24T19:30:13Z' uid='1468043' user='jengelh' visible='true' version='1' changeset='150464211' lat='51.5612566' lon='9.9679264' />
  <node id='11845330048' timestamp='2024-04-24T19:30:13Z' uid='1468043' user='jengelh' visible='true' version='1' changeset='150464211' lat='51.5612419' lon='9.9679022' />
  <node id='11845330049' timestamp='2024-04-24T19:30:13Z' uid='1468043' user='jengelh' visible='true' version='1' changeset='150464211' lat='51.5612273' lon='9.967878' />
  <node id='11845330050' timestamp='2024-04-24T19:30:13Z' uid='1468043' user='jengelh' visible='true' version='1' changeset='150464211' lat='51.5612126' lon='9.9678539' />
  <node id='11845330051' timestamp='2024-04-24T19:30:13Z' uid='1468043' user='jengelh' visible='true' version='1' changeset='150464211' lat='51.561198' lon='9.9678297' />
  <node id='11845330052' timestamp='2024-04-24T19:30:13Z' uid='1468043' user='jengelh' visible='true' version='1' changeset='150464211' lat='51.5611833' lon='9.9678055' />
  <node id='11845330053' timestamp='2024-04-24T19:30:13Z' uid='1468043' user='jengelh' visible='true' version='1' changeset='150464211' lat='51.5611687' lon='9.9677814' />
  <node id='11845330054' timestamp='2024-04-24T19:30:13Z' uid='1468043' user='jengelh' visible='true' version='1' changeset='150464211' lat='51.561154' lon='9.9677572' />
  <node id='11845330055' timestamp='2024-04-24T19:30:13Z' uid='1468043' user='jengelh' visible='true' version='1' changeset='150464211' lat='51.5610255' lon='9.9675452' />
  <node id='11845330056' timestamp='2024-04-24T19:30:13Z' uid='1468043' user='jengelh' visible='true' version='1' changeset='150464211' lat='51.5610401' lon='9.9675694' />
  <node id='11845330057' timestamp='2024-04-24T19:30:13Z' uid='1468043' user='jengelh' visible='true' version='1' changeset='150464211' lat='51.5610548' lon='9.9675935' />
  <node id='11845330058' timestamp='2024-04-24T19:30:13Z' uid='1468043' user='jengelh' visible='true' version='1' changeset='150464211' lat='51.5610694' lon='9.9676177' />
  <node id='11845330059' timestamp='2024-04-24T19:30:13Z' uid='1468043' user='jengelh' visible='true' version='1' changeset='150464211' lat='51.5610841' lon='9.9676419' />
  <node id='11845330060' timestamp='2024-04-24T19:30:13Z' uid='1468043' user='jengelh' visible='true' version='1' changeset='150464211' lat='51.5610987' lon='9.9676661' />
  <node id='11845330061' timestamp='2024-04-24T19:30:13Z' uid='1468043' user='jengelh' visible='true' version='1' changeset='150464211' lat='51.5611134' lon='9.9676902' />
  <node id='11845330062' timestamp='2024-04-24T19:30:13Z' uid='1468043' user='jengelh' visible='true' version='1' changeset='150464211' lat='51.5610623' lon='9.9674875' />
  <node id='11845330063' timestamp='2024-04-24T19:30:13Z' uid='1468043' user='jengelh' visible='true' version='1' changeset='150464211' lat='51.5610769' lon='9.9675117' />
  <node id='11845330064' timestamp='2024-04-24T19:30:13Z' uid='1468043' user='jengelh' visible='true' version='1' changeset='150464211' lat='51.5610916' lon='9.9675358' />
  <node id='11845330065' timestamp='2024-04-24T19:30:13Z' uid='1468043' user='jengelh' visible='true' version='1' changeset='150464211' lat='51.5611062' lon='9.96756' />
  <node id='11845330066' timestamp='2024-04-24T19:30:13Z' uid='1468043' user='jengelh' visible='true' version='1' changeset='150464211' lat='51.5611209' lon='9.9675842' />
  <node id='11845330067' timestamp='2024-04-24T19:30:13Z' uid='1468043' user='jengelh' visible='true' version='1' changeset='150464211' lat='51.5611355' lon='9.9676084' />
  <node id='11845330068' timestamp='2024-04-24T19:30:13Z' uid='1468043' user='jengelh' visible='true' version='1' changeset='150464211' lat='51.5611502' lon='9.9676325' />
  <node id='11845330069' timestamp='2024-04-24T19:30:13Z' uid='1468043' user='jengelh' visible='true' version='1' changeset='150464211' lat='51.5611394' lon='9.9677331' />
  <node id='11845330070' timestamp='2024-04-24T19:30:13Z' uid='1468043' user='jengelh' visible='true' version='1' changeset='150464211' lat='51.561128' lon='9.9677144' />
  <node id='11845330071' timestamp='2024-04-24T19:30:13Z' uid='1468043' user='jengelh' visible='true' version='1' changeset='150464211' lat='51.5611648' lon='9.9676567' />
  <node id='11845330072' timestamp='2024-04-24T19:30:13Z' uid='1468043' user='jengelh' visible='true' version='1' changeset='150464211' lat='51.5611761' lon='9.9676754' />
  <node id='11845330073' timestamp='2024-04-24T19:30:13Z' uid='1468043' user='jengelh' visible='true' version='1' changeset='150464211' lat='51.5615812' lon='9.9682175' />
  <node id='11845330074' timestamp='2024-04-24T19:30:13Z' uid='1468043' user='jengelh' visible='true' version='1' changeset='150464211' lat='51.5615951' lon='9.9682404' />
  <node id='11845330075' timestamp='2024-04-24T19:30:13Z' uid='1468043' user='jengelh' visible='true' version='1' changeset='150464211' lat='51.5616091' lon='9.9682634' />
  <node id='11845330076' timestamp='2024-04-24T19:30:13Z' uid='1468043' user='jengelh' visible='true' version='1' changeset='150464211' lat='51.561623' lon='9.9682863' />
  <node id='11845330077' timestamp='2024-04-24T19:30:13Z' uid='1468043' user='jengelh' visible='true' version='1' changeset='150464211' lat='51.5616369' lon='9.9683092' />
  <node id='11845330078' timestamp='2024-04-24T19:30:13Z' uid='1468043' user='jengelh' visible='true' version='1' changeset='150464211' lat='51.5616508' lon='9.9683321' />
  <node id='11845330079' timestamp='2024-04-24T19:30:13Z' uid='1468043' user='jengelh' visible='true' version='1' changeset='150464211' lat='51.5616648' lon='9.968355' />
  <node id='11845330080' timestamp='2024-04-24T19:30:13Z' uid='1468043' user='jengelh' visible='true' version='1' changeset='150464211' lat='51.5616787' lon='9.968378' />
  <node id='11845330081' timestamp='2024-04-24T19:30:13Z' uid='1468043' user='jengelh' visible='true' version='1' changeset='150464211' lat='51.5616926' lon='9.9684009' />
  <node id='11845330082' timestamp='2024-04-24T19:30:13Z' uid='1468043' user='jengelh' visible='true' version='1' changeset='150464211' lat='51.5616188' lon='9.9681584' />
  <node id='11845330083' timestamp='2024-04-24T19:30:13Z' uid='1468043' user='jengelh' visible='true' version='1' changeset='150464211' lat='51.5616328' lon='9.9681813' />
  <node id='11845330084' timestamp='2024-04-24T19:30:13Z' uid='1468043' user='jengelh' visible='true' version='1' changeset='150464211' lat='51.5616467' lon='9.9682042' />
  <node id='11845330085' timestamp='2024-04-24T19:30:13Z' uid='1468043' user='jengelh' visible='true' version='1' changeset='150464211' lat='51.5616606' lon='9.9682271' />
  <node id='11845330086' timestamp='2024-04-24T19:30:13Z' uid='1468043' user='jengelh' visible='true' version='1' changeset='150464211' lat='51.5616745' lon='9.9682501' />
  <node id='11845330087' timestamp='2024-04-24T19:30:13Z' uid='1468043' user='jengelh' visible='true' version='1' changeset='150464211' lat='51.5616885' lon='9.968273' />
  <node id='11845330088' timestamp='2024-04-24T19:30:13Z' uid='1468043' user='jengelh' visible='true' version='1' changeset='150464211' lat='51.5617024' lon='9.9682959' />
  <node id='11845330089' timestamp='2024-04-24T19:30:13Z' uid='1468043' user='jengelh' visible='true' version='1' changeset='150464211' lat='51.5617163' lon='9.9683188' />
  <node id='11845330090' timestamp='2024-04-24T19:30:13Z' uid='1468043' user='jengelh' visible='true' version='1' changeset='150464211' lat='51.5617302' lon='9.9683417' />
  <node id='11845330091' timestamp='2024-04-24T19:30:13Z' uid='1468043' user='jengelh' visible='true' version='1' changeset='150464211' lat='51.5618817' lon='9.9685909' />
  <node id='11845330092' timestamp='2024-04-24T19:30:13Z' uid='1468043' user='jengelh' visible='true' version='1' changeset='150464211' lat='51.5618676' lon='9.9685677' />
  <node id='11845330093' timestamp='2024-04-24T19:30:13Z' uid='1468043' user='jengelh' visible='true' version='1' changeset='150464211' lat='51.5618535' lon='9.9685446' />
  <node id='11845330094' timestamp='2024-04-24T19:30:13Z' uid='1468043' user='jengelh' visible='true' version='1' changeset='150464211' lat='51.5618394' lon='9.9685214' />
  <node id='11845330095' timestamp='2024-04-24T19:30:13Z' uid='1468043' user='jengelh' visible='true' version='1' changeset='150464211' lat='51.5618253' lon='9.9684982' />
  <node id='11845330096' timestamp='2024-04-24T19:30:13Z' uid='1468043' user='jengelh' visible='true' version='1' changeset='150464211' lat='51.5618113' lon='9.968475' />
  <node id='11845330097' timestamp='2024-04-24T19:30:13Z' uid='1468043' user='jengelh' visible='true' version='1' changeset='150464211' lat='51.5617972' lon='9.9684518' />
  <node id='11845330098' timestamp='2024-04-24T19:30:13Z' uid='1468043' user='jengelh' visible='true' version='1' changeset='150464211' lat='51.5617831' lon='9.9684286' />
  <node id='11845330099' timestamp='2024-04-24T19:30:13Z' uid='1468043' user='jengelh' visible='true' version='1' changeset='150464211' lat='51.561769' lon='9.9684055' />
  <node id='11845330100' timestamp='2024-04-24T19:30:13Z' uid='1468043' user='jengelh' visible='true' version='1' changeset='150464211' lat='51.561844' lon='9.9686501' />
  <node id='11845330101' timestamp='2024-04-24T19:30:13Z' uid='1468043' user='jengelh' visible='true' version='1' changeset='150464211' lat='51.5618299' lon='9.9686269' />
  <node id='11845330102' timestamp='2024-04-24T19:30:13Z' uid='1468043' user='jengelh' visible='true' version='1' changeset='150464211' lat='51.5618158' lon='9.9686037' />
  <node id='11845330103' timestamp='2024-04-24T19:30:13Z' uid='1468043' user='jengelh' visible='true' version='1' changeset='150464211' lat='51.5618018' lon='9.9685806' />
  <node id='11845330104' timestamp='2024-04-24T19:30:13Z' uid='1468043' user='jengelh' visible='true' version='1' changeset='150464211' lat='51.5617877' lon='9.9685574' />
  <node id='11845330105' timestamp='2024-04-24T19:30:13Z' uid='1468043' user='jengelh' visible='true' version='1' changeset='150464211' lat='51.5617736' lon='9.9685342' />
  <node id='11845330106' timestamp='2024-04-24T19:30:13Z' uid='1468043' user='jengelh' visible='true' version='1' changeset='150464211' lat='51.5617595' lon='9.968511' />
  <node id='11845330107' timestamp='2024-04-24T19:30:13Z' uid='1468043' user='jengelh' visible='true' version='1' changeset='150464211' lat='51.5617454' lon='9.9684878' />
  <node id='11845330108' timestamp='2024-04-24T19:30:13Z' uid='1468043' user='jengelh' visible='true' version='1' changeset='150464211' lat='51.5617313' lon='9.9684646' />
  <node id='11845330109' timestamp='2024-04-24T19:30:13Z' uid='1468043' user='jengelh' visible='true' version='1' changeset='150464211' lat='51.5617549' lon='9.9683823' />
  <node id='11845330110' timestamp='2024-04-24T19:30:13Z' uid='1468043' user='jengelh' visible='true' version='1' changeset='150464211' lat='51.5617442' lon='9.9683646' />
  <node id='11845330111' timestamp='2024-04-24T19:30:13Z' uid='1468043' user='jengelh' visible='true' version='1' changeset='150464211' lat='51.5617065' lon='9.9684238' />
  <node id='11845330112' timestamp='2024-04-24T19:30:13Z' uid='1468043' user='jengelh' visible='true' version='1' changeset='150464211' lat='51.5617172' lon='9.9684414' />
  <node id='11845330113' timestamp='2024-04-24T19:30:13Z' uid='1468043' user='jengelh' visible='true' version='1' changeset='150464211' lat='51.5610814' lon='9.9683917' />
  <node id='11845330114' timestamp='2024-04-24T19:30:13Z' uid='1468043' user='jengelh' visible='true' version='1' changeset='150464211' lat='51.5610995' lon='9.9684214' />
  <node id='11845330115' timestamp='2024-04-24T19:30:13Z' uid='1468043' user='jengelh' visible='true' version='1' changeset='150464211' lat='51.5611177' lon='9.968451' />
  <node id='11845330116' timestamp='2024-04-24T19:30:13Z' uid='1468043' user='jengelh' visible='true' version='1' changeset='150464211' lat='51.5611358' lon='9.9684807' />
  <node id='11845330117' timestamp='2024-04-24T19:30:13Z' uid='1468043' user='jengelh' visible='true' version='1' changeset='150464211' lat='51.5611161' lon='9.9683367' />
  <node id='11845330118' timestamp='2024-04-24T19:30:13Z' uid='1468043' user='jengelh' visible='true' version='1' changeset='150464211' lat='51.5611342' lon='9.9683664' />
  <node id='11845330119' timestamp='2024-04-24T19:30:13Z' uid='1468043' user='jengelh' visible='true' version='1' changeset='150464211' lat='51.5611524' lon='9.968396' />
  <node id='11845330120' timestamp='2024-04-24T19:30:13Z' uid='1468043' user='jengelh' visible='true' version='1' changeset='150464211' lat='51.5611705' lon='9.9684257' />
  <node id='11845330121' timestamp='2024-04-24T19:30:13Z' uid='1468043' user='jengelh' visible='true' version='1' changeset='150464211' lat='51.5623009' lon='9.9707633' />
  <node id='11845330122' timestamp='2024-04-24T19:30:13Z' uid='1468043' user='jengelh' visible='true' version='1' changeset='150464211' lat='51.5623739' lon='9.9706468' />
  <node id='11845330123' timestamp='2024-04-24T19:30:13Z' uid='1468043' user='jengelh' visible='true' version='1' changeset='150464211' lat='51.5622543' lon='9.9707752' />
  <node id='11845330124' timestamp='2024-04-24T19:30:13Z' uid='1468043' user='jengelh' visible='true' version='1' changeset='150464211' lat='51.5627635' lon='9.9705134' />
  <node id='11845330125' timestamp='2024-04-24T19:30:13Z' uid='1468043' user='jengelh' visible='true' version='1' changeset='150464211' lat='51.562746' lon='9.970485' />
  <node id='11845330126' timestamp='2024-04-24T19:30:13Z' uid='1468043' user='jengelh' visible='true' version='1' changeset='150464211' lat='51.5628043' lon='9.9704482' />
  <node id='11845330127' timestamp='2024-04-24T19:30:13Z' uid='1468043' user='jengelh' visible='true' version='1' changeset='150464211' lat='51.5627868' lon='9.9704198' />
  <node id='11845330128' timestamp='2024-04-24T19:30:13Z' uid='1468043' user='jengelh' visible='true' version='1' changeset='150464211' lat='51.5627811' lon='9.9705418' />
  <node id='11845330129' timestamp='2024-04-24T19:30:13Z' uid='1468043' user='jengelh' visible='true' version='1' changeset='150464211' lat='51.5628219' lon='9.9704766' />
  <node id='11845330130' timestamp='2024-04-24T19:30:13Z' uid='1468043' user='jengelh' visible='true' version='1' changeset='150464211' lat='51.5629342' lon='9.9706587' />
  <node id='11845330131' timestamp='2024-04-24T19:30:13Z' uid='1468043' user='jengelh' visible='true' version='1' changeset='150464211' lat='51.5629165' lon='9.9706299' />
  <node id='11845330132' timestamp='2024-04-24T19:30:13Z' uid='1468043' user='jengelh' visible='true' version='1' changeset='150464211' lat='51.5628987' lon='9.9706012' />
  <node id='11845330133' timestamp='2024-04-24T19:30:13Z' uid='1468043' user='jengelh' visible='true' version='1' changeset='150464211' lat='51.562881' lon='9.9705724' />
  <node id='11845330134' timestamp='2024-04-24T19:30:13Z' uid='1468043' user='jengelh' visible='true' version='1' changeset='150464211' lat='51.5628633' lon='9.9705437' />
  <node id='11845330135' timestamp='2024-04-24T19:30:13Z' uid='1468043' user='jengelh' visible='true' version='1' changeset='150464211' lat='51.5628455' lon='9.970515' />
  <node id='11845330136' timestamp='2024-04-24T19:30:13Z' uid='1468043' user='jengelh' visible='true' version='1' changeset='150464211' lat='51.5628934' lon='9.9707238' />
  <node id='11845330137' timestamp='2024-04-24T19:30:13Z' uid='1468043' user='jengelh' visible='true' version='1' changeset='150464211' lat='51.5628757' lon='9.9706951' />
  <node id='11845330138' timestamp='2024-04-24T19:30:13Z' uid='1468043' user='jengelh' visible='true' version='1' changeset='150464211' lat='51.5628579' lon='9.9706664' />
  <node id='11845330139' timestamp='2024-04-24T19:30:13Z' uid='1468043' user='jengelh' visible='true' version='1' changeset='150464211' lat='51.5628402' lon='9.9706376' />
  <node id='11845330140' timestamp='2024-04-24T19:30:13Z' uid='1468043' user='jengelh' visible='true' version='1' changeset='150464211' lat='51.5628225' lon='9.9706089' />
  <node id='11845330141' timestamp='2024-04-24T19:30:13Z' uid='1468043' user='jengelh' visible='true' version='1' changeset='150464211' lat='51.5628047' lon='9.9705801' />
  <node id='11845330142' timestamp='2024-04-24T19:30:13Z' uid='1468043' user='jengelh' visible='true' version='1' changeset='150464211' lat='51.562787' lon='9.9705514' />
  <node id='11845330143' timestamp='2024-04-24T19:30:13Z' uid='1468043' user='jengelh' visible='true' version='1' changeset='150464211' lat='51.5628278' lon='9.9704862' />
  <node id='11845330144' timestamp='2024-04-24T19:30:13Z' uid='1468043' user='jengelh' visible='true' version='1' changeset='150464211' lat='51.5629519' lon='9.9706874' />
  <node id='11845330145' timestamp='2024-04-24T19:30:13Z' uid='1468043' user='jengelh' visible='true' version='1' changeset='150464211' lat='51.5627693' lon='9.9703914' />
  <node id='11845330146' timestamp='2024-04-24T19:30:13Z' uid='1468043' user='jengelh' visible='true' version='1' changeset='150464211' lat='51.5627285' lon='9.9704566' />
  <node id='11845330147' timestamp='2024-04-24T19:30:13Z' uid='1468043' user='jengelh' visible='true' version='1' changeset='150464211' lat='51.5629111' lon='9.9707526' />
  <node id='11845330148' timestamp='2024-04-24T19:30:13Z' uid='1468043' user='jengelh' visible='true' version='1' changeset='150464211' lat='51.563681' lon='9.9717055' />
  <node id='11845330149' timestamp='2024-04-24T19:30:13Z' uid='1468043' user='jengelh' visible='true' version='1' changeset='150464211' lat='51.5637232' lon='9.9716561' />
  <node id='11845330150' timestamp='2024-04-24T19:30:13Z' uid='1468043' user='jengelh' visible='true' version='1' changeset='150464211' lat='51.5636704' lon='9.971642' />
  <node id='11845330151' timestamp='2024-04-24T19:30:13Z' uid='1468043' user='jengelh' visible='true' version='1' changeset='150464211' lat='51.5637061' lon='9.9715799' />
  <node id='11845330152' timestamp='2024-04-24T19:30:13Z' uid='1468043' user='jengelh' visible='true' version='1' changeset='150464211' lat='51.5636546' lon='9.971582' />
  <node id='11845330153' timestamp='2024-04-24T19:30:13Z' uid='1468043' user='jengelh' visible='true' version='1' changeset='150464211' lat='51.5629424' lon='9.9704052' />
  <node id='11845330154' timestamp='2024-04-24T19:30:13Z' uid='1468043' user='jengelh' visible='true' version='1' changeset='150464211' lat='51.5629568' lon='9.9704218' />
  <node id='11845330155' timestamp='2024-04-24T19:30:13Z' uid='1468043' user='jengelh' visible='true' version='1' changeset='150464211' lat='51.5629711' lon='9.9704385' />
  <node id='11845330156' timestamp='2024-04-24T19:30:13Z' uid='1468043' user='jengelh' visible='true' version='1' changeset='150464211' lat='51.5629855' lon='9.9704551' />
  <node id='11845330157' timestamp='2024-04-24T19:30:13Z' uid='1468043' user='jengelh' visible='true' version='1' changeset='150464211' lat='51.5629999' lon='9.9704717' />
  <node id='11845330158' timestamp='2024-04-24T19:30:13Z' uid='1468043' user='jengelh' visible='true' version='1' changeset='150464211' lat='51.5630143' lon='9.9704884' />
  <node id='11845330159' timestamp='2024-04-24T19:30:13Z' uid='1468043' user='jengelh' visible='true' version='1' changeset='150464211' lat='51.5630287' lon='9.970505' />
  <node id='11845330160' timestamp='2024-04-24T19:30:13Z' uid='1468043' user='jengelh' visible='true' version='1' changeset='150464211' lat='51.5630431' lon='9.9705217' />
  <node id='11845330161' timestamp='2024-04-24T19:30:13Z' uid='1468043' user='jengelh' visible='true' version='1' changeset='150464211' lat='51.5629172' lon='9.9704621' />
  <node id='11845330162' timestamp='2024-04-24T19:30:13Z' uid='1468043' user='jengelh' visible='true' version='1' changeset='150464211' lat='51.5629316' lon='9.9704786' />
  <node id='11845330163' timestamp='2024-04-24T19:30:13Z' uid='1468043' user='jengelh' visible='true' version='1' changeset='150464211' lat='51.5629461' lon='9.9704952' />
  <node id='11845330164' timestamp='2024-04-24T19:30:13Z' uid='1468043' user='jengelh' visible='true' version='1' changeset='150464211' lat='51.5629605' lon='9.9705117' />
  <node id='11845330165' timestamp='2024-04-24T19:30:13Z' uid='1468043' user='jengelh' visible='true' version='1' changeset='150464211' lat='51.562975' lon='9.9705282' />
  <node id='11845330166' timestamp='2024-04-24T19:30:13Z' uid='1468043' user='jengelh' visible='true' version='1' changeset='150464211' lat='51.5629894' lon='9.9705447' />
  <node id='11845330167' timestamp='2024-04-24T19:30:13Z' uid='1468043' user='jengelh' visible='true' version='1' changeset='150464211' lat='51.5630039' lon='9.9705613' />
  <node id='11845330168' timestamp='2024-04-24T19:30:13Z' uid='1468043' user='jengelh' visible='true' version='1' changeset='150464211' lat='51.5630183' lon='9.9705778' />
  <node id='11845330169' timestamp='2024-04-24T19:30:13Z' uid='1468043' user='jengelh' visible='true' version='1' changeset='150464211' lat='51.5618612' lon='9.968993' />
  <node id='11845330170' timestamp='2024-04-24T19:30:13Z' uid='1468043' user='jengelh' visible='true' version='1' changeset='150464211' lat='51.561877' lon='9.9690193' />
  <node id='11845330171' timestamp='2024-04-24T19:30:13Z' uid='1468043' user='jengelh' visible='true' version='1' changeset='150464211' lat='51.5618928' lon='9.9690457' />
  <node id='11845330172' timestamp='2024-04-24T19:30:13Z' uid='1468043' user='jengelh' visible='true' version='1' changeset='150464211' lat='51.5619085' lon='9.969072' />
  <node id='11845330173' timestamp='2024-04-24T19:30:13Z' uid='1468043' user='jengelh' visible='true' version='1' changeset='150464211' lat='51.5619243' lon='9.9690984' />
  <node id='11845330174' timestamp='2024-04-24T19:30:13Z' uid='1468043' user='jengelh' visible='true' version='1' changeset='150464211' lat='51.5619401' lon='9.9691247' />
  <node id='11845330175' timestamp='2024-04-24T19:30:13Z' uid='1468043' user='jengelh' visible='true' version='1' changeset='150464211' lat='51.5619559' lon='9.969151' />
  <node id='11845330176' timestamp='2024-04-24T19:30:13Z' uid='1468043' user='jengelh' visible='true' version='1' changeset='150464211' lat='51.5619717' lon='9.9691774' />
  <node id='11845330177' timestamp='2024-04-24T19:30:13Z' uid='1468043' user='jengelh' visible='true' version='1' changeset='150464211' lat='51.5619875' lon='9.9692037' />
  <node id='11845330178' timestamp='2024-04-24T19:30:13Z' uid='1468043' user='jengelh' visible='true' version='1' changeset='150464211' lat='51.5620033' lon='9.9692301' />
  <node id='11845330179' timestamp='2024-04-24T19:30:13Z' uid='1468043' user='jengelh' visible='true' version='1' changeset='150464211' lat='51.5620191' lon='9.9692564' />
  <node id='11845330180' timestamp='2024-04-24T19:30:13Z' uid='1468043' user='jengelh' visible='true' version='1' changeset='150464211' lat='51.5620348' lon='9.9692828' />
  <node id='11845330181' timestamp='2024-04-24T19:30:13Z' uid='1468043' user='jengelh' visible='true' version='1' changeset='150464211' lat='51.561892' lon='9.9689453' />
  <node id='11845330182' timestamp='2024-04-24T19:30:13Z' uid='1468043' user='jengelh' visible='true' version='1' changeset='150464211' lat='51.5619077' lon='9.9689716' />
  <node id='11845330183' timestamp='2024-04-24T19:30:13Z' uid='1468043' user='jengelh' visible='true' version='1' changeset='150464211' lat='51.5619235' lon='9.968998' />
  <node id='11845330184' timestamp='2024-04-24T19:30:13Z' uid='1468043' user='jengelh' visible='true' version='1' changeset='150464211' lat='51.5619393' lon='9.9690243' />
  <node id='11845330185' timestamp='2024-04-24T19:30:13Z' uid='1468043' user='jengelh' visible='true' version='1' changeset='150464211' lat='51.5619551' lon='9.9690506' />
  <node id='11845330186' timestamp='2024-04-24T19:30:13Z' uid='1468043' user='jengelh' visible='true' version='1' changeset='150464211' lat='51.5619709' lon='9.969077' />
  <node id='11845330187' timestamp='2024-04-24T19:30:13Z' uid='1468043' user='jengelh' visible='true' version='1' changeset='150464211' lat='51.5619867' lon='9.9691033' />
  <node id='11845330188' timestamp='2024-04-24T19:30:13Z' uid='1468043' user='jengelh' visible='true' version='1' changeset='150464211' lat='51.5620025' lon='9.9691297' />
  <node id='11845330189' timestamp='2024-04-24T19:30:13Z' uid='1468043' user='jengelh' visible='true' version='1' changeset='150464211' lat='51.5620182' lon='9.969156' />
  <node id='11845330190' timestamp='2024-04-24T19:30:13Z' uid='1468043' user='jengelh' visible='true' version='1' changeset='150464211' lat='51.562034' lon='9.9691824' />
  <node id='11845330191' timestamp='2024-04-24T19:30:13Z' uid='1468043' user='jengelh' visible='true' version='1' changeset='150464211' lat='51.5620498' lon='9.9692087' />
  <node id='11845330192' timestamp='2024-04-24T19:30:13Z' uid='1468043' user='jengelh' visible='true' version='1' changeset='150464211' lat='51.5620656' lon='9.969235' />
  <node id='11845330193' timestamp='2024-04-24T19:30:13Z' uid='1468043' user='jengelh' visible='true' version='1' changeset='150464211' lat='51.5618762' lon='9.9689189' />
  <node id='11845330194' timestamp='2024-04-24T19:30:13Z' uid='1468043' user='jengelh' visible='true' version='1' changeset='150464211' lat='51.5618454' lon='9.9689667' />
  <node id='11845330195' timestamp='2024-04-24T19:30:13Z' uid='1468043' user='jengelh' visible='true' version='1' changeset='150464211' lat='51.5620506' lon='9.9693091' />
  <node id='11845330196' timestamp='2024-04-24T19:30:13Z' uid='1468043' user='jengelh' visible='true' version='1' changeset='150464211' lat='51.5620814' lon='9.9692614' />
  <node id='11845330197' timestamp='2024-04-24T19:30:13Z' uid='1468043' user='jengelh' visible='true' version='1' changeset='150464211' lat='51.5632769' lon='9.970924' />
  <node id='11845330198' timestamp='2024-04-24T19:30:13Z' uid='1468043' user='jengelh' visible='true' version='1' changeset='150464211' lat='51.5633106' lon='9.9708687' />
  <node id='11845330199' timestamp='2024-04-24T19:30:13Z' uid='1468043' user='jengelh' visible='true' version='1' changeset='150464211' lat='51.5632757' lon='9.9708195' />
  <node id='11845330200' timestamp='2024-04-24T19:30:13Z' uid='1468043' user='jengelh' visible='true' version='1' changeset='150464211' lat='51.5632451' lon='9.9708772' />
  <node id='11845330201' timestamp='2024-04-24T19:30:13Z' uid='1468043' user='jengelh' visible='true' version='1' changeset='150464211' lat='51.5632392' lon='9.9707719' />
  <node id='11845330202' timestamp='2024-04-24T19:30:13Z' uid='1468043' user='jengelh' visible='true' version='1' changeset='150464211' lat='51.5632203' lon='9.9707471' />
  <node id='11845330203' timestamp='2024-04-24T19:30:13Z' uid='1468043' user='jengelh' visible='true' version='1' changeset='150464211' lat='51.5632014' lon='9.9707223' />
  <node id='11845330204' timestamp='2024-04-24T19:30:13Z' uid='1468043' user='jengelh' visible='true' version='1' changeset='150464211' lat='51.5631825' lon='9.9706975' />
  <node id='11845330205' timestamp='2024-04-24T19:30:13Z' uid='1468043' user='jengelh' visible='true' version='1' changeset='150464211' lat='51.5631637' lon='9.9706727' />
  <node id='11845330206' timestamp='2024-04-24T19:30:13Z' uid='1468043' user='jengelh' visible='true' version='1' changeset='150464211' lat='51.5631448' lon='9.9706479' />
  <node id='11845330207' timestamp='2024-04-24T19:30:13Z' uid='1468043' user='jengelh' visible='true' version='1' changeset='150464211' lat='51.5631259' lon='9.9706231' />
  <node id='11845330208' timestamp='2024-04-24T19:30:13Z' uid='1468043' user='jengelh' visible='true' version='1' changeset='150464211' lat='51.563107' lon='9.9705983' />
  <node id='11845330209' timestamp='2024-04-24T19:30:13Z' uid='1468043' user='jengelh' visible='true' version='1' changeset='150464211' lat='51.5632098' lon='9.9708298' />
  <node id='11845330210' timestamp='2024-04-24T19:30:13Z' uid='1468043' user='jengelh' visible='true' version='1' changeset='150464211' lat='51.5631909' lon='9.970805' />
  <node id='11845330211' timestamp='2024-04-24T19:30:13Z' uid='1468043' user='jengelh' visible='true' version='1' changeset='150464211' lat='51.563172' lon='9.9707802' />
  <node id='11845330212' timestamp='2024-04-24T19:30:13Z' uid='1468043' user='jengelh' visible='true' version='1' changeset='150464211' lat='51.5631531' lon='9.9707554' />
  <node id='11845330213' timestamp='2024-04-24T19:30:13Z' uid='1468043' user='jengelh' visible='true' version='1' changeset='150464211' lat='51.5631342' lon='9.9707306' />
  <node id='11845330214' timestamp='2024-04-24T19:30:13Z' uid='1468043' user='jengelh' visible='true' version='1' changeset='150464211' lat='51.5631154' lon='9.9707058' />
  <node id='11845330215' timestamp='2024-04-24T19:30:13Z' uid='1468043' user='jengelh' visible='true' version='1' changeset='150464211' lat='51.5630965' lon='9.970681' />
  <node id='11845330216' timestamp='2024-04-24T19:30:13Z' uid='1468043' user='jengelh' visible='true' version='1' changeset='150464211' lat='51.5630776' lon='9.9706562' />
  <node id='11845330217' timestamp='2024-04-24T19:30:13Z' uid='1468043' user='jengelh' visible='true' version='1' changeset='150464211' lat='51.5632581' lon='9.9707967' />
  <node id='11845330218' timestamp='2024-04-24T19:30:13Z' uid='1468043' user='jengelh' visible='true' version='1' changeset='150464211' lat='51.5634263' lon='9.9711612' />
  <node id='11845330219' timestamp='2024-04-24T19:30:13Z' uid='1468043' user='jengelh' visible='true' version='1' changeset='150464211' lat='51.5634106' lon='9.9711363' />
  <node id='11845330220' timestamp='2024-04-24T19:30:13Z' uid='1468043' user='jengelh' visible='true' version='1' changeset='150464211' lat='51.5634603' lon='9.9711059' />
  <node id='11845330221' timestamp='2024-04-24T19:30:13Z' uid='1468043' user='jengelh' visible='true' version='1' changeset='150464211' lat='51.5634446' lon='9.971081' />
  <node id='11845330222' timestamp='2024-04-24T19:30:13Z' uid='1468043' user='jengelh' visible='true' version='1' changeset='150464211' lat='51.563395' lon='9.9711114' />
  <node id='11845330223' timestamp='2024-04-24T19:30:13Z' uid='1468043' user='jengelh' visible='true' version='1' changeset='150464211' lat='51.563442' lon='9.971186' />
  <node id='11845330224' timestamp='2024-04-24T19:30:13Z' uid='1468043' user='jengelh' visible='true' version='1' changeset='150464211' lat='51.5634759' lon='9.9711307' />
  <node id='11845330225' timestamp='2024-04-24T19:30:13Z' uid='1468043' user='jengelh' visible='true' version='1' changeset='150464211' lat='51.563429' lon='9.9710561' />
  <node id='11845330226' timestamp='2024-04-24T19:30:13Z' uid='1468043' user='jengelh' visible='true' version='1' changeset='150464211' lat='51.5633704' lon='9.9710724' />
  <node id='11845330227' timestamp='2024-04-24T19:30:13Z' uid='1468043' user='jengelh' visible='true' version='1' changeset='150464211' lat='51.5633547' lon='9.9710476' />
  <node id='11845330228' timestamp='2024-04-24T19:30:13Z' uid='1468043' user='jengelh' visible='true' version='1' changeset='150464211' lat='51.5633391' lon='9.9710227' />
  <node id='11845330229' timestamp='2024-04-24T19:30:13Z' uid='1468043' user='jengelh' visible='true' version='1' changeset='150464211' lat='51.5633234' lon='9.9709978' />
  <node id='11845330230' timestamp='2024-04-24T19:30:13Z' uid='1468043' user='jengelh' visible='true' version='1' changeset='150464211' lat='51.5633077' lon='9.970973' />
  <node id='11845330231' timestamp='2024-04-24T19:30:13Z' uid='1468043' user='jengelh' visible='true' version='1' changeset='150464211' lat='51.5634044' lon='9.971017' />
  <node id='11845330232' timestamp='2024-04-24T19:30:13Z' uid='1468043' user='jengelh' visible='true' version='1' changeset='150464211' lat='51.5633887' lon='9.9709922' />
  <node id='11845330233' timestamp='2024-04-24T19:30:13Z' uid='1468043' user='jengelh' visible='true' version='1' changeset='150464211' lat='51.5633731' lon='9.9709673' />
  <node id='11845330234' timestamp='2024-04-24T19:30:13Z' uid='1468043' user='jengelh' visible='true' version='1' changeset='150464211' lat='51.5633574' lon='9.9709424' />
  <node id='11845330235' timestamp='2024-04-24T19:30:13Z' uid='1468043' user='jengelh' visible='true' version='1' changeset='150464211' lat='51.5633417' lon='9.9709176' />
  <node id='11845330236' timestamp='2024-04-24T19:30:13Z' uid='1468043' user='jengelh' visible='true' version='1' changeset='150464211' lat='51.5632921' lon='9.9709481' />
  <node id='11845330237' timestamp='2024-04-24T19:30:13Z' uid='1468043' user='jengelh' visible='true' version='1' changeset='150464211' lat='51.5633861' lon='9.9710973' />
  <node id='11845330238' timestamp='2024-04-24T19:30:13Z' uid='1468043' user='jengelh' visible='true' version='1' changeset='150464211' lat='51.56342' lon='9.9710419' />
  <node id='11845330239' timestamp='2024-04-24T19:30:13Z' uid='1468043' user='jengelh' visible='true' version='1' changeset='150464211' lat='51.5633259' lon='9.9708928' />
  <node id='11845330240' timestamp='2024-04-24T19:30:13Z' uid='1468043' user='jengelh' visible='true' version='1' changeset='150464211' lat='51.5634674' lon='9.9712298' />
  <node id='11845330241' timestamp='2024-04-24T19:30:13Z' uid='1468043' user='jengelh' visible='true' version='1' changeset='150464211' lat='51.5634827' lon='9.9712569' />
  <node id='11845330242' timestamp='2024-04-24T19:30:13Z' uid='1468043' user='jengelh' visible='true' version='1' changeset='150464211' lat='51.563498' lon='9.971284' />
  <node id='11845330243' timestamp='2024-04-24T19:30:13Z' uid='1468043' user='jengelh' visible='true' version='1' changeset='150464211' lat='51.5635133' lon='9.971311' />
  <node id='11845330244' timestamp='2024-04-24T19:30:13Z' uid='1468043' user='jengelh' visible='true' version='1' changeset='150464211' lat='51.5635035' lon='9.9711774' />
  <node id='11845330245' timestamp='2024-04-24T19:30:13Z' uid='1468043' user='jengelh' visible='true' version='1' changeset='150464211' lat='51.5635187' lon='9.9712045' />
  <node id='11845330246' timestamp='2024-04-24T19:30:13Z' uid='1468043' user='jengelh' visible='true' version='1' changeset='150464211' lat='51.5635339' lon='9.9712317' />
  <node id='11845330247' timestamp='2024-04-24T19:30:13Z' uid='1468043' user='jengelh' visible='true' version='1' changeset='150464211' lat='51.5635492' lon='9.9712588' />
  <node id='11845330248' timestamp='2024-04-24T19:30:13Z' uid='1468043' user='jengelh' visible='true' version='1' changeset='150464211' lat='51.5635285' lon='9.9713381' />
  <node id='11845330249' timestamp='2024-04-24T19:30:13Z' uid='1468043' user='jengelh' visible='true' version='1' changeset='150464211' lat='51.5635644' lon='9.971286' />
  <node id='11845330250' timestamp='2024-04-24T19:30:13Z' uid='1468043' user='jengelh' visible='true' version='1' changeset='150464211' lat='51.5635916' lon='9.9713338' />
  <node id='11845330251' timestamp='2024-04-24T19:30:13Z' uid='1468043' user='jengelh' visible='true' version='1' changeset='150464211' lat='51.5636061' lon='9.9713589' />
  <node id='11845330252' timestamp='2024-04-24T19:30:13Z' uid='1468043' user='jengelh' visible='true' version='1' changeset='150464211' lat='51.5636205' lon='9.971384' />
  <node id='11845330253' timestamp='2024-04-24T19:30:13Z' uid='1468043' user='jengelh' visible='true' version='1' changeset='150464211' lat='51.5636349' lon='9.971409' />
  <node id='11845330254' timestamp='2024-04-24T19:30:13Z' uid='1468043' user='jengelh' visible='true' version='1' changeset='150464211' lat='51.5636494' lon='9.9714341' />
  <node id='11845330255' timestamp='2024-04-24T19:30:13Z' uid='1468043' user='jengelh' visible='true' version='1' changeset='150464211' lat='51.5635558' lon='9.9713864' />
  <node id='11845330256' timestamp='2024-04-24T19:30:13Z' uid='1468043' user='jengelh' visible='true' version='1' changeset='150464211' lat='51.5635701' lon='9.9714116' />
  <node id='11845330257' timestamp='2024-04-24T19:30:13Z' uid='1468043' user='jengelh' visible='true' version='1' changeset='150464211' lat='51.5635845' lon='9.9714368' />
  <node id='11845330258' timestamp='2024-04-24T19:30:13Z' uid='1468043' user='jengelh' visible='true' version='1' changeset='150464211' lat='51.5635988' lon='9.971462' />
  <node id='11845330259' timestamp='2024-04-24T19:30:13Z' uid='1468043' user='jengelh' visible='true' version='1' changeset='150464211' lat='51.5636131' lon='9.9714873' />
  <node id='11845330260' timestamp='2024-04-24T19:30:13Z' uid='1468043' user='jengelh' visible='true' version='1' changeset='150464211' lat='51.5635414' lon='9.971361' />
  <node id='11845330261' timestamp='2024-04-24T19:30:13Z' uid='1468043' user='jengelh' visible='true' version='1' changeset='150464211' lat='51.5635773' lon='9.9713089' />
  <node id='11845330262' timestamp='2024-04-24T19:30:13Z' uid='1468043' user='jengelh' visible='true' version='1' changeset='150464211' lat='51.5635693' lon='9.9716901' />
  <node id='11845330263' timestamp='2024-04-24T19:30:13Z' uid='1468043' user='jengelh' visible='true' version='1' changeset='150464211' lat='51.5635576' lon='9.9716523' />
  <node id='11845330264' timestamp='2024-04-24T19:30:13Z' uid='1468043' user='jengelh' visible='true' version='1' changeset='150464211' lat='51.5635643' lon='9.9715294' />
  <node id='11845330265' timestamp='2024-04-24T19:30:13Z' uid='1468043' user='jengelh' visible='true' version='1' changeset='150464211' lat='51.5635263' lon='9.9715762' />
  <node id='11845330266' timestamp='2024-04-24T19:30:13Z' uid='1468043' user='jengelh' visible='true' version='1' changeset='150464211' lat='51.5635671' lon='9.971816' />
  <node id='11845330267' timestamp='2024-04-24T19:30:13Z' uid='1468043' user='jengelh' visible='true' version='1' changeset='150464211' lat='51.5635116' lon='9.9718981' />
  <node id='11845330268' timestamp='2024-04-24T19:30:13Z' uid='1468043' user='jengelh' visible='true' version='1' changeset='150464211' lat='51.5634711' lon='9.971985' />
  <node id='11845330269' timestamp='2024-04-24T19:30:13Z' uid='1468043' user='jengelh' visible='true' version='1' changeset='150464211' lat='51.5634532' lon='9.9719096' />
  <node id='11845330270' timestamp='2024-04-24T19:30:13Z' uid='1468043' user='jengelh' visible='true' version='1' changeset='150464211' lat='51.5634225' lon='9.971981' />
  <node id='11845330271' timestamp='2024-04-24T19:30:13Z' uid='1468043' user='jengelh' visible='true' version='1' changeset='150464211' lat='51.5634097' lon='9.9719024' />
  <node id='11845330272' timestamp='2024-04-24T19:30:13Z' uid='1468043' user='jengelh' visible='true' version='1' changeset='150464211' lat='51.5635281' lon='9.9714677' />
  <node id='11845330273' timestamp='2024-04-24T19:30:13Z' uid='1468043' user='jengelh' visible='true' version='1' changeset='150464211' lat='51.5635118' lon='9.9714407' />
  <node id='11845330274' timestamp='2024-04-24T19:30:13Z' uid='1468043' user='jengelh' visible='true' version='1' changeset='150464211' lat='51.5634955' lon='9.9714137' />
  <node id='11845330275' timestamp='2024-04-24T19:30:13Z' uid='1468043' user='jengelh' visible='true' version='1' changeset='150464211' lat='51.5634792' lon='9.9713867' />
  <node id='11845330276' timestamp='2024-04-24T19:30:13Z' uid='1468043' user='jengelh' visible='true' version='1' changeset='150464211' lat='51.5634628' lon='9.9713597' />
  <node id='11845330277' timestamp='2024-04-24T19:30:13Z' uid='1468043' user='jengelh' visible='true' version='1' changeset='150464211' lat='51.5634465' lon='9.9713327' />
  <node id='11845330278' timestamp='2024-04-24T19:30:13Z' uid='1468043' user='jengelh' visible='true' version='1' changeset='150464211' lat='51.5634302' lon='9.9713058' />
  <node id='11845330279' timestamp='2024-04-24T19:30:13Z' uid='1468043' user='jengelh' visible='true' version='1' changeset='150464211' lat='51.5634937' lon='9.9715215' />
  <node id='11845330280' timestamp='2024-04-24T19:30:13Z' uid='1468043' user='jengelh' visible='true' version='1' changeset='150464211' lat='51.5634774' lon='9.9714945' />
  <node id='11845330281' timestamp='2024-04-24T19:30:13Z' uid='1468043' user='jengelh' visible='true' version='1' changeset='150464211' lat='51.5634611' lon='9.9714676' />
  <node id='11845330282' timestamp='2024-04-24T19:30:13Z' uid='1468043' user='jengelh' visible='true' version='1' changeset='150464211' lat='51.5634447' lon='9.9714406' />
  <node id='11845330283' timestamp='2024-04-24T19:30:13Z' uid='1468043' user='jengelh' visible='true' version='1' changeset='150464211' lat='51.5634284' lon='9.9714136' />
  <node id='11845330284' timestamp='2024-04-24T19:30:13Z' uid='1468043' user='jengelh' visible='true' version='1' changeset='150464211' lat='51.5634121' lon='9.9713866' />
  <node id='11845330285' timestamp='2024-04-24T19:30:13Z' uid='1468043' user='jengelh' visible='true' version='1' changeset='150464211' lat='51.5633958' lon='9.9713596' />
  <node id='11845330286' timestamp='2024-04-24T19:30:13Z' uid='1468043' user='jengelh' visible='true' version='1' changeset='150464211' lat='51.5632817' lon='9.9718362' />
  <node id='11845330287' timestamp='2024-04-24T19:30:13Z' uid='1468043' user='jengelh' visible='true' version='1' changeset='150464211' lat='51.5633033' lon='9.9718483' />
  <node id='11845330288' timestamp='2024-04-24T19:30:13Z' uid='1468043' user='jengelh' visible='true' version='1' changeset='150464211' lat='51.5633248' lon='9.9718605' />
  <node id='11845330289' timestamp='2024-04-24T19:30:13Z' uid='1468043' user='jengelh' visible='true' version='1' changeset='150464211' lat='51.5633464' lon='9.9718727' />
  <node id='11845330290' timestamp='2024-04-24T19:30:13Z' uid='1468043' user='jengelh' visible='true' version='1' changeset='150464211' lat='51.5633679' lon='9.9718849' />
  <node id='11845330291' timestamp='2024-04-24T19:30:13Z' uid='1468043' user='jengelh' visible='true' version='1' changeset='150464211' lat='51.5632662' lon='9.9719071' />
  <node id='11845330292' timestamp='2024-04-24T19:30:13Z' uid='1468043' user='jengelh' visible='true' version='1' changeset='150464211' lat='51.5632878' lon='9.9719193' />
  <node id='11845330293' timestamp='2024-04-24T19:30:13Z' uid='1468043' user='jengelh' visible='true' version='1' changeset='150464211' lat='51.5633093' lon='9.9719315' />
  <node id='11845330294' timestamp='2024-04-24T19:30:13Z' uid='1468043' user='jengelh' visible='true' version='1' changeset='150464211' lat='51.5633309' lon='9.9719437' />
  <node id='11845330295' timestamp='2024-04-24T19:30:13Z' uid='1468043' user='jengelh' visible='true' version='1' changeset='150464211' lat='51.5633524' lon='9.9719559' />
  <node id='11845330296' timestamp='2024-04-24T19:30:13Z' uid='1468043' user='jengelh' visible='true' version='1' changeset='150464211' lat='51.5628806' lon='9.9711239' />
  <node id='11845330297' timestamp='2024-04-24T19:30:13Z' uid='1468043' user='jengelh' visible='true' version='1' changeset='150464211' lat='51.5627971' lon='9.9712572' />
  <node id='11845330298' timestamp='2024-04-24T19:30:13Z' uid='1468043' user='jengelh' visible='true' version='1' changeset='150464211' lat='51.5626899' lon='9.9711279' />
  <node id='11845330299' timestamp='2024-04-24T19:30:13Z' uid='1468043' user='jengelh' visible='true' version='1' changeset='150464211' lat='51.5627081' lon='9.9711573' />
  <node id='11845330300' timestamp='2024-04-24T19:30:13Z' uid='1468043' user='jengelh' visible='true' version='1' changeset='150464211' lat='51.5627263' lon='9.9711868' />
  <node id='11845330301' timestamp='2024-04-24T19:30:13Z' uid='1468043' user='jengelh' visible='true' version='1' changeset='150464211' lat='51.5627445' lon='9.9712162' />
  <node id='11845330302' timestamp='2024-04-24T19:30:13Z' uid='1468043' user='jengelh' visible='true' version='1' changeset='150464211' lat='51.5627627' lon='9.9712457' />
  <node id='11845330303' timestamp='2024-04-24T19:30:13Z' uid='1468043' user='jengelh' visible='true' version='1' changeset='150464211' lat='51.5626525' lon='9.9711877' />
  <node id='11845330304' timestamp='2024-04-24T19:30:13Z' uid='1468043' user='jengelh' visible='true' version='1' changeset='150464211' lat='51.5626707' lon='9.9712171' />
  <node id='11845330305' timestamp='2024-04-24T19:30:13Z' uid='1468043' user='jengelh' visible='true' version='1' changeset='150464211' lat='51.5626889' lon='9.9712466' />
  <node id='11845330306' timestamp='2024-04-24T19:30:13Z' uid='1468043' user='jengelh' visible='true' version='1' changeset='150464211' lat='51.5627071' lon='9.971276' />
  <node id='11845330307' timestamp='2024-04-24T19:30:13Z' uid='1468043' user='jengelh' visible='true' version='1' changeset='150464211' lat='51.5627253' lon='9.9713055' />
  <node id='11845330308' timestamp='2024-04-24T19:30:13Z' uid='1468043' user='jengelh' visible='true' version='1' changeset='150464211' lat='51.5626717' lon='9.9710984' />
  <node id='11845330309' timestamp='2024-04-24T19:30:13Z' uid='1468043' user='jengelh' visible='true' version='1' changeset='150464211' lat='51.5627561' lon='9.9709638' />
  <node id='11845330310' timestamp='2024-04-24T19:30:13Z' uid='1468043' user='jengelh' visible='true' version='1' changeset='150464211' lat='51.5627383' lon='9.9709922' />
  <node id='11845330311' timestamp='2024-04-24T19:30:13Z' uid='1468043' user='jengelh' visible='true' version='1' changeset='150464211' lat='51.5627252' lon='9.9709137' />
  <node id='11845330312' timestamp='2024-04-24T19:30:13Z' uid='1468043' user='jengelh' visible='true' version='1' changeset='150464211' lat='51.5627074' lon='9.9709421' />
  <node id='11845330313' timestamp='2024-04-24T19:30:13Z' uid='1468043' user='jengelh' visible='true' version='1' changeset='150464211' lat='51.562774' lon='9.9709353' />
  <node id='11845330314' timestamp='2024-04-24T19:30:13Z' uid='1468043' user='jengelh' visible='true' version='1' changeset='150464211' lat='51.562787' lon='9.9710276' />
  <node id='11845330315' timestamp='2024-04-24T19:30:13Z' uid='1468043' user='jengelh' visible='true' version='1' changeset='150464211' lat='51.5627698' lon='9.971055' />
  <node id='11845330316' timestamp='2024-04-24T19:30:13Z' uid='1468043' user='jengelh' visible='true' version='1' changeset='150464211' lat='51.5627526' lon='9.9710825' />
  <node id='11845330317' timestamp='2024-04-24T19:30:13Z' uid='1468043' user='jengelh' visible='true' version='1' changeset='150464211' lat='51.5628182' lon='9.9710782' />
  <node id='11845330318' timestamp='2024-04-24T19:30:13Z' uid='1468043' user='jengelh' visible='true' version='1' changeset='150464211' lat='51.562801' lon='9.9711056' />
  <node id='11845330319' timestamp='2024-04-24T19:30:13Z' uid='1468043' user='jengelh' visible='true' version='1' changeset='150464211' lat='51.5627838' lon='9.9711331' />
  <node id='11845330320' timestamp='2024-04-24T19:30:13Z' uid='1468043' user='jengelh' visible='true' version='1' changeset='150464211' lat='51.5628494' lon='9.9711288' />
  <node id='11845330321' timestamp='2024-04-24T19:30:13Z' uid='1468043' user='jengelh' visible='true' version='1' changeset='150464211' lat='51.5628323' lon='9.9711563' />
  <node id='11845330322' timestamp='2024-04-24T19:30:13Z' uid='1468043' user='jengelh' visible='true' version='1' changeset='150464211' lat='51.5628151' lon='9.9711837' />
  <node id='11845330323' timestamp='2024-04-24T19:30:13Z' uid='1468043' user='jengelh' visible='true' version='1' changeset='150464211' lat='51.5628354' lon='9.9710507' />
  <node id='11845330324' timestamp='2024-04-24T19:30:13Z' uid='1468043' user='jengelh' visible='true' version='1' changeset='150464211' lat='51.5627666' lon='9.9711606' />
  <node id='11845330325' timestamp='2024-04-24T19:30:13Z' uid='1468043' user='jengelh' visible='true' version='1' changeset='150464211' lat='51.5627979' lon='9.9712112' />
  <node id='11845330326' timestamp='2024-04-24T19:30:13Z' uid='1468043' user='jengelh' visible='true' version='1' changeset='150464211' lat='51.5628666' lon='9.9711013' />
  <node id='11845330327' timestamp='2024-04-24T19:30:13Z' uid='1468043' user='jengelh' visible='true' version='1' changeset='150464211' lat='51.5628042' lon='9.9710001' />
  <node id='11845330328' timestamp='2024-04-24T19:30:13Z' uid='1468043' user='jengelh' visible='true' version='1' changeset='150464211' lat='51.5627354' lon='9.97111' />
  <node id='11845330329' timestamp='2024-04-24T19:30:13Z' uid='1468043' user='jengelh' visible='true' version='1' changeset='150464211' lat='51.5628619' lon='9.971315' />
  <node id='11845330330' timestamp='2024-04-24T19:30:13Z' uid='1468043' user='jengelh' visible='true' version='1' changeset='150464211' lat='51.5628783' lon='9.9713416' />
  <node id='11845330331' timestamp='2024-04-24T19:30:13Z' uid='1468043' user='jengelh' visible='true' version='1' changeset='150464211' lat='51.5628947' lon='9.9713681' />
  <node id='11845330332' timestamp='2024-04-24T19:30:13Z' uid='1468043' user='jengelh' visible='true' version='1' changeset='150464211' lat='51.5629111' lon='9.9713947' />
  <node id='11845330333' timestamp='2024-04-24T19:30:13Z' uid='1468043' user='jengelh' visible='true' version='1' changeset='150464211' lat='51.5629275' lon='9.9714213' />
  <node id='11845330334' timestamp='2024-04-24T19:30:13Z' uid='1468043' user='jengelh' visible='true' version='1' changeset='150464211' lat='51.5629439' lon='9.9714478' />
  <node id='11845330335' timestamp='2024-04-24T19:30:13Z' uid='1468043' user='jengelh' visible='true' version='1' changeset='150464211' lat='51.5629603' lon='9.9714744' />
  <node id='11845330336' timestamp='2024-04-24T19:30:13Z' uid='1468043' user='jengelh' visible='true' version='1' changeset='150464211' lat='51.5629767' lon='9.971501' />
  <node id='11845330337' timestamp='2024-04-24T19:30:13Z' uid='1468043' user='jengelh' visible='true' version='1' changeset='150464211' lat='51.5629931' lon='9.9715275' />
  <node id='11845330338' timestamp='2024-04-24T19:30:13Z' uid='1468043' user='jengelh' visible='true' version='1' changeset='150464211' lat='51.5630095' lon='9.9715541' />
  <node id='11845330339' timestamp='2024-04-24T19:30:13Z' uid='1468043' user='jengelh' visible='true' version='1' changeset='150464211' lat='51.5630259' lon='9.9715807' />
  <node id='11845330340' timestamp='2024-04-24T19:30:13Z' uid='1468043' user='jengelh' visible='true' version='1' changeset='150464211' lat='51.5630422' lon='9.9716072' />
  <node id='11845330341' timestamp='2024-04-24T19:30:13Z' uid='1468043' user='jengelh' visible='true' version='1' changeset='150464211' lat='51.5628987' lon='9.9712563' />
  <node id='11845330342' timestamp='2024-04-24T19:30:13Z' uid='1468043' user='jengelh' visible='true' version='1' changeset='150464211' lat='51.5629151' lon='9.9712829' />
  <node id='11845330343' timestamp='2024-04-24T19:30:13Z' uid='1468043' user='jengelh' visible='true' version='1' changeset='150464211' lat='51.5629315' lon='9.9713094' />
  <node id='11845330344' timestamp='2024-04-24T19:30:13Z' uid='1468043' user='jengelh' visible='true' version='1' changeset='150464211' lat='51.5629479' lon='9.971336' />
  <node id='11845330345' timestamp='2024-04-24T19:30:13Z' uid='1468043' user='jengelh' visible='true' version='1' changeset='150464211' lat='51.5629642' lon='9.9713626' />
  <node id='11845330346' timestamp='2024-04-24T19:30:13Z' uid='1468043' user='jengelh' visible='true' version='1' changeset='150464211' lat='51.5629806' lon='9.9713892' />
  <node id='11845330347' timestamp='2024-04-24T19:30:13Z' uid='1468043' user='jengelh' visible='true' version='1' changeset='150464211' lat='51.562997' lon='9.9714157' />
  <node id='11845330348' timestamp='2024-04-24T19:30:13Z' uid='1468043' user='jengelh' visible='true' version='1' changeset='150464211' lat='51.5630134' lon='9.9714423' />
  <node id='11845330349' timestamp='2024-04-24T19:30:13Z' uid='1468043' user='jengelh' visible='true' version='1' changeset='150464211' lat='51.5630298' lon='9.9714689' />
  <node id='11845330350' timestamp='2024-04-24T19:30:13Z' uid='1468043' user='jengelh' visible='true' version='1' changeset='150464211' lat='51.5630462' lon='9.9714954' />
  <node id='11845330351' timestamp='2024-04-24T19:30:13Z' uid='1468043' user='jengelh' visible='true' version='1' changeset='150464211' lat='51.5630626' lon='9.971522' />
  <node id='11845330352' timestamp='2024-04-24T19:30:13Z' uid='1468043' user='jengelh' visible='true' version='1' changeset='150464211' lat='51.563079' lon='9.9715486' />
  <node id='11845330353' timestamp='2024-04-24T19:30:13Z' uid='1468043' user='jengelh' visible='true' version='1' changeset='150464211' lat='51.5630586' lon='9.9716338' />
  <node id='11845330354' timestamp='2024-04-24T19:30:13Z' uid='1468043' user='jengelh' visible='true' version='1' changeset='150464211' lat='51.5628455' lon='9.9712884' />
  <node id='11845330355' timestamp='2024-04-24T19:30:13Z' uid='1468043' user='jengelh' visible='true' version='1' changeset='150464211' lat='51.5628823' lon='9.9712297' />
  <node id='11845330356' timestamp='2024-04-24T19:30:13Z' uid='1468043' user='jengelh' visible='true' version='1' changeset='150464211' lat='51.562799' lon='9.9713044' />
  <node id='11845330357' timestamp='2024-04-24T19:30:13Z' uid='1468043' user='jengelh' visible='true' version='1' changeset='150464211' lat='51.5627616' lon='9.9713642' />
  <node id='11845330358' timestamp='2024-04-24T19:30:13Z' uid='1468043' user='jengelh' visible='true' version='1' changeset='150464211' lat='51.5628639' lon='9.9714096' />
  <node id='11845330359' timestamp='2024-04-24T19:30:13Z' uid='1468043' user='jengelh' visible='true' version='1' changeset='150464211' lat='51.5628265' lon='9.9714693' />
  <node id='11845330360' timestamp='2024-04-24T19:30:13Z' uid='1468043' user='jengelh' visible='true' version='1' changeset='150464211' lat='51.5623362' lon='9.97072' />
  <node id='11845330361' timestamp='2024-04-24T19:30:13Z' uid='1468043' user='jengelh' visible='true' version='1' changeset='150464211' lat='51.5623675' lon='9.9707707' />
  <node id='11845330362' timestamp='2024-04-24T19:30:13Z' uid='1468043' user='jengelh' visible='true' version='1' changeset='150464211' lat='51.5623282' lon='9.9708333' />
  <node id='11845330363' timestamp='2024-04-24T19:30:13Z' uid='1468043' user='jengelh' visible='true' version='1' changeset='150464211' lat='51.562297' lon='9.9707827' />
  <node id='11845330364' timestamp='2024-04-24T19:30:13Z' uid='1468043' user='jengelh' visible='true' version='1' changeset='150464211' lat='51.5623171' lon='9.9705543' />
  <node id='11845330365' timestamp='2024-04-24T19:30:13Z' uid='1468043' user='jengelh' visible='true' version='1' changeset='150464211' lat='51.5622999' lon='9.9705263' />
  <node id='11845330366' timestamp='2024-04-24T19:30:13Z' uid='1468043' user='jengelh' visible='true' version='1' changeset='150464211' lat='51.5622827' lon='9.9704983' />
  <node id='11845330367' timestamp='2024-04-24T19:30:13Z' uid='1468043' user='jengelh' visible='true' version='1' changeset='150464211' lat='51.5622655' lon='9.9704703' />
  <node id='11845330368' timestamp='2024-04-24T19:30:13Z' uid='1468043' user='jengelh' visible='true' version='1' changeset='150464211' lat='51.5623574' lon='9.9704903' />
  <node id='11845330369' timestamp='2024-04-24T19:30:13Z' uid='1468043' user='jengelh' visible='true' version='1' changeset='150464211' lat='51.5623402' lon='9.9704623' />
  <node id='11845330370' timestamp='2024-04-24T19:30:13Z' uid='1468043' user='jengelh' visible='true' version='1' changeset='150464211' lat='51.562323' lon='9.9704343' />
  <node id='11845330371' timestamp='2024-04-24T19:30:13Z' uid='1468043' user='jengelh' visible='true' version='1' changeset='150464211' lat='51.5623058' lon='9.9704063' />
  <node id='11845330372' timestamp='2024-04-24T19:30:13Z' uid='1468043' user='jengelh' visible='true' version='1' changeset='150464211' lat='51.5622483' lon='9.9704423' />
  <node id='11845330373' timestamp='2024-04-24T19:30:13Z' uid='1468043' user='jengelh' visible='true' version='1' changeset='150464211' lat='51.5623343' lon='9.9705823' />
  <node id='11845330374' timestamp='2024-04-24T19:30:13Z' uid='1468043' user='jengelh' visible='true' version='1' changeset='150464211' lat='51.5622886' lon='9.9703783' />
  <node id='11845330375' timestamp='2024-04-24T19:30:13Z' uid='1468043' user='jengelh' visible='true' version='1' changeset='150464211' lat='51.5623746' lon='9.9705183' />
  <node id='11845330376' timestamp='2024-04-24T19:30:13Z' uid='1468043' user='jengelh' visible='true' version='1' changeset='150464211' lat='51.5622752' lon='9.9706131' />
  <node id='11845330377' timestamp='2024-04-24T19:30:13Z' uid='1468043' user='jengelh' visible='true' version='1' changeset='150464211' lat='51.5622594' lon='9.9705875' />
  <node id='11845330378' timestamp='2024-04-24T19:30:13Z' uid='1468043' user='jengelh' visible='true' version='1' changeset='150464211' lat='51.5622437' lon='9.9705619' />
  <node id='11845330379' timestamp='2024-04-24T19:30:13Z' uid='1468043' user='jengelh' visible='true' version='1' changeset='150464211' lat='51.562228' lon='9.9705363' />
  <node id='11845330380' timestamp='2024-04-24T19:30:13Z' uid='1468043' user='jengelh' visible='true' version='1' changeset='150464211' lat='51.5622122' lon='9.9705107' />
  <node id='11845330381' timestamp='2024-04-24T19:30:13Z' uid='1468043' user='jengelh' visible='true' version='1' changeset='150464211' lat='51.5621965' lon='9.9704851' />
  <node id='11845330382' timestamp='2024-04-24T19:30:13Z' uid='1468043' user='jengelh' visible='true' version='1' changeset='150464211' lat='51.5621808' lon='9.9704594' />
  <node id='11845330383' timestamp='2024-04-24T19:30:13Z' uid='1468043' user='jengelh' visible='true' version='1' changeset='150464211' lat='51.5621651' lon='9.9704338' />
  <node id='11845330384' timestamp='2024-04-24T19:30:13Z' uid='1468043' user='jengelh' visible='true' version='1' changeset='150464211' lat='51.5621493' lon='9.9704082' />
  <node id='11845330385' timestamp='2024-04-24T19:30:13Z' uid='1468043' user='jengelh' visible='true' version='1' changeset='150464211' lat='51.5621336' lon='9.9703826' />
  <node id='11845330386' timestamp='2024-04-24T19:30:13Z' uid='1468043' user='jengelh' visible='true' version='1' changeset='150464211' lat='51.5621179' lon='9.970357' />
  <node id='11845330387' timestamp='2024-04-24T19:30:13Z' uid='1468043' user='jengelh' visible='true' version='1' changeset='150464211' lat='51.5621021' lon='9.9703314' />
  <node id='11845330388' timestamp='2024-04-24T19:30:13Z' uid='1468043' user='jengelh' visible='true' version='1' changeset='150464211' lat='51.5620864' lon='9.9703058' />
  <node id='11845330389' timestamp='2024-04-24T19:30:13Z' uid='1468043' user='jengelh' visible='true' version='1' changeset='150464211' lat='51.5620707' lon='9.9702802' />
  <node id='11845330390' timestamp='2024-04-24T19:30:13Z' uid='1468043' user='jengelh' visible='true' version='1' changeset='150464211' lat='51.5622415' lon='9.9706666' />
  <node id='11845330391' timestamp='2024-04-24T19:30:13Z' uid='1468043' user='jengelh' visible='true' version='1' changeset='150464211' lat='51.5622258' lon='9.970641' />
  <node id='11845330392' timestamp='2024-04-24T19:30:13Z' uid='1468043' user='jengelh' visible='true' version='1' changeset='150464211' lat='51.56221' lon='9.9706154' />
  <node id='11845330393' timestamp='2024-04-24T19:30:13Z' uid='1468043' user='jengelh' visible='true' version='1' changeset='150464211' lat='51.5621943' lon='9.9705898' />
  <node id='11845330394' timestamp='2024-04-24T19:30:13Z' uid='1468043' user='jengelh' visible='true' version='1' changeset='150464211' lat='51.5621786' lon='9.9705642' />
  <node id='11845330395' timestamp='2024-04-24T19:30:13Z' uid='1468043' user='jengelh' visible='true' version='1' changeset='150464211' lat='51.5621628' lon='9.9705386' />
  <node id='11845330396' timestamp='2024-04-24T19:30:13Z' uid='1468043' user='jengelh' visible='true' version='1' changeset='150464211' lat='51.5621471' lon='9.970513' />
  <node id='11845330397' timestamp='2024-04-24T19:30:13Z' uid='1468043' user='jengelh' visible='true' version='1' changeset='150464211' lat='51.5621314' lon='9.9704874' />
  <node id='11845330398' timestamp='2024-04-24T19:30:13Z' uid='1468043' user='jengelh' visible='true' version='1' changeset='150464211' lat='51.5621156' lon='9.9704617' />
  <node id='11845330399' timestamp='2024-04-24T19:30:13Z' uid='1468043' user='jengelh' visible='true' version='1' changeset='150464211' lat='51.5620999' lon='9.9704361' />
  <node id='11845330400' timestamp='2024-04-24T19:30:13Z' uid='1468043' user='jengelh' visible='true' version='1' changeset='150464211' lat='51.5620842' lon='9.9704105' />
  <node id='11845330401' timestamp='2024-04-24T19:30:13Z' uid='1468043' user='jengelh' visible='true' version='1' changeset='150464211' lat='51.5620684' lon='9.9703849' />
  <node id='11845330402' timestamp='2024-04-24T19:30:13Z' uid='1468043' user='jengelh' visible='true' version='1' changeset='150464211' lat='51.5620527' lon='9.9703593' />
  <node id='11845330403' timestamp='2024-04-24T19:30:13Z' uid='1468043' user='jengelh' visible='true' version='1' changeset='150464211' lat='51.562037' lon='9.9703337' />
  <node id='11845330404' timestamp='2024-04-24T19:30:13Z' uid='1468043' user='jengelh' visible='true' version='1' changeset='150464211' lat='51.5622909' lon='9.9706387' />
  <node id='11845330405' timestamp='2024-04-24T19:30:13Z' uid='1468043' user='jengelh' visible='true' version='1' changeset='150464211' lat='51.5620549' lon='9.9702545' />
  <node id='11845330406' timestamp='2024-04-24T19:30:13Z' uid='1468043' user='jengelh' visible='true' version='1' changeset='150464211' lat='51.5620212' lon='9.9703081' />
  <node id='11845330407' timestamp='2024-04-24T19:30:13Z' uid='1468043' user='jengelh' visible='true' version='1' changeset='150464211' lat='51.5615696' lon='9.9695129' />
  <node id='11845330408' timestamp='2024-04-24T19:30:13Z' uid='1468043' user='jengelh' visible='true' version='1' changeset='150464211' lat='51.5616035' lon='9.9695679' />
  <node id='11845330409' timestamp='2024-04-24T19:30:13Z' uid='1468043' user='jengelh' visible='true' version='1' changeset='150464211' lat='51.5615878' lon='9.9695932' />
  <node id='11845330410' timestamp='2024-04-24T19:30:13Z' uid='1468043' user='jengelh' visible='true' version='1' changeset='150464211' lat='51.5616193' lon='9.9695427' />
  <node id='11845330411' timestamp='2024-04-24T19:30:13Z' uid='1468043' user='jengelh' visible='true' version='1' changeset='150464211' lat='51.5615854' lon='9.9694877' />
  <node id='11845330412' timestamp='2024-04-24T19:30:13Z' uid='1468043' user='jengelh' visible='true' version='1' changeset='150464211' lat='51.5615538' lon='9.9695382' />
  <node id='11845330413' timestamp='2024-04-24T19:30:13Z' uid='1468043' user='jengelh' visible='true' version='1' changeset='150464211' lat='51.5616241' lon='9.9695505' />
  <node id='11845330414' timestamp='2024-04-24T19:30:13Z' uid='1468043' user='jengelh' visible='true' version='1' changeset='150464211' lat='51.5613947' lon='9.9692179' />
  <node id='11845330415' timestamp='2024-04-24T19:30:13Z' uid='1468043' user='jengelh' visible='true' version='1' changeset='150464211' lat='51.5613602' lon='9.969162' />
  <node id='11845330416' timestamp='2024-04-24T19:30:13Z' uid='1468043' user='jengelh' visible='true' version='1' changeset='150464211' lat='51.5614133' lon='9.9691882' />
  <node id='11845330417' timestamp='2024-04-24T19:30:13Z' uid='1468043' user='jengelh' visible='true' version='1' changeset='150464211' lat='51.5613761' lon='9.9692477' />
  <node id='11845330418' timestamp='2024-04-24T19:30:13Z' uid='1468043' user='jengelh' visible='true' version='1' changeset='150464211' lat='51.5613415' lon='9.9691918' />
  <node id='11845330419' timestamp='2024-04-24T19:30:13Z' uid='1468043' user='jengelh' visible='true' version='1' changeset='150464211' lat='51.5609182' lon='9.9692578' />
  <node id='11845330420' timestamp='2024-04-24T19:30:13Z' uid='1468043' user='jengelh' visible='true' version='1' changeset='150464211' lat='51.5609346' lon='9.9692333' />
  <node id='11845330421' timestamp='2024-04-24T19:30:13Z' uid='1468043' user='jengelh' visible='true' version='1' changeset='150464211' lat='51.5609511' lon='9.9692088' />
  <node id='11845330422' timestamp='2024-04-24T19:30:13Z' uid='1468043' user='jengelh' visible='true' version='1' changeset='150464211' lat='51.5609675' lon='9.9691843' />
  <node id='11845330423' timestamp='2024-04-24T19:30:13Z' uid='1468043' user='jengelh' visible='true' version='1' changeset='150464211' lat='51.5609839' lon='9.9691597' />
  <node id='11845330424' timestamp='2024-04-24T19:30:13Z' uid='1468043' user='jengelh' visible='true' version='1' changeset='150464211' lat='51.5610004' lon='9.9691352' />
  <node id='11845330425' timestamp='2024-04-24T19:30:13Z' uid='1468043' user='jengelh' visible='true' version='1' changeset='150464211' lat='51.560948' lon='9.9693096' />
  <node id='11845330426' timestamp='2024-04-24T19:30:13Z' uid='1468043' user='jengelh' visible='true' version='1' changeset='150464211' lat='51.5609645' lon='9.9692851' />
  <node id='11845330427' timestamp='2024-04-24T19:30:13Z' uid='1468043' user='jengelh' visible='true' version='1' changeset='150464211' lat='51.5609809' lon='9.9692605' />
  <node id='11845330428' timestamp='2024-04-24T19:30:13Z' uid='1468043' user='jengelh' visible='true' version='1' changeset='150464211' lat='51.5609973' lon='9.969236' />
  <node id='11845330429' timestamp='2024-04-24T19:30:13Z' uid='1468043' user='jengelh' visible='true' version='1' changeset='150464211' lat='51.5610138' lon='9.9692115' />
  <node id='11845330430' timestamp='2024-04-24T19:30:13Z' uid='1468043' user='jengelh' visible='true' version='1' changeset='150464211' lat='51.5610302' lon='9.969187' />
  <node id='11845330431' timestamp='2024-04-24T19:30:13Z' uid='1468043' user='jengelh' visible='true' version='1' changeset='150464211' lat='51.5610168' lon='9.9691107' />
  <node id='11845330432' timestamp='2024-04-24T19:30:13Z' uid='1468043' user='jengelh' visible='true' version='1' changeset='150464211' lat='51.5609018' lon='9.9692824' />
  <node id='11845330433' timestamp='2024-04-24T19:30:13Z' uid='1468043' user='jengelh' visible='true' version='1' changeset='150464211' lat='51.5609316' lon='9.9693341' />
  <node id='11845330434' timestamp='2024-04-24T19:30:13Z' uid='1468043' user='jengelh' visible='true' version='1' changeset='150464211' lat='51.5610467' lon='9.9691624' />
  <node id='11845330435' timestamp='2024-04-24T19:30:13Z' uid='1468043' user='jengelh' visible='true' version='1' changeset='150464211' lat='51.5610466' lon='9.9690663' />
  <node id='11845330436' timestamp='2024-04-24T19:30:13Z' uid='1468043' user='jengelh' visible='true' version='1' changeset='150464211' lat='51.5610632' lon='9.9690414' />
  <node id='11845330437' timestamp='2024-04-24T19:30:13Z' uid='1468043' user='jengelh' visible='true' version='1' changeset='150464211' lat='51.5610798' lon='9.9690166' />
  <node id='11845330438' timestamp='2024-04-24T19:30:13Z' uid='1468043' user='jengelh' visible='true' version='1' changeset='150464211' lat='51.5610764' lon='9.969118' />
  <node id='11845330439' timestamp='2024-04-24T19:30:13Z' uid='1468043' user='jengelh' visible='true' version='1' changeset='150464211' lat='51.561093' lon='9.9690932' />
  <node id='11845330440' timestamp='2024-04-24T19:30:13Z' uid='1468043' user='jengelh' visible='true' version='1' changeset='150464211' lat='51.5611097' lon='9.9690683' />
  <node id='11845330441' timestamp='2024-04-24T19:30:13Z' uid='1468043' user='jengelh' visible='true' version='1' changeset='150464211' lat='51.5610965' lon='9.9689918' />
  <node id='11845330442' timestamp='2024-04-24T19:30:13Z' uid='1468043' user='jengelh' visible='true' version='1' changeset='150464211' lat='51.5610299' lon='9.9690911' />
  <node id='11845330443' timestamp='2024-04-24T19:30:13Z' uid='1468043' user='jengelh' visible='true' version='1' changeset='150464211' lat='51.5610598' lon='9.9691429' />
  <node id='11845330444' timestamp='2024-04-24T19:30:13Z' uid='1468043' user='jengelh' visible='true' version='1' changeset='150464211' lat='51.5611263' lon='9.9690435' />
  <node id='11845330445' timestamp='2024-04-24T19:30:13Z' uid='1468043' user='jengelh' visible='true' version='1' changeset='150464211' lat='51.5610471' lon='9.9689498' />
  <node id='11845330446' timestamp='2024-04-24T19:30:13Z' uid='1468043' user='jengelh' visible='true' version='1' changeset='150464211' lat='51.5610302' lon='9.968975' />
  <node id='11845330447' timestamp='2024-04-24T19:30:13Z' uid='1468043' user='jengelh' visible='true' version='1' changeset='150464211' lat='51.5610133' lon='9.9690002' />
  <node id='11845330448' timestamp='2024-04-24T19:30:13Z' uid='1468043' user='jengelh' visible='true' version='1' changeset='150464211' lat='51.5609964' lon='9.9690254' />
  <node id='11845330449' timestamp='2024-04-24T19:30:13Z' uid='1468043' user='jengelh' visible='true' version='1' changeset='150464211' lat='51.5609796' lon='9.9690506' />
  <node id='11845330450' timestamp='2024-04-24T19:30:13Z' uid='1468043' user='jengelh' visible='true' version='1' changeset='150464211' lat='51.5609627' lon='9.9690758' />
  <node id='11845330451' timestamp='2024-04-24T19:30:13Z' uid='1468043' user='jengelh' visible='true' version='1' changeset='150464211' lat='51.5609458' lon='9.969101' />
  <node id='11845330452' timestamp='2024-04-24T19:30:13Z' uid='1468043' user='jengelh' visible='true' version='1' changeset='150464211' lat='51.5609289' lon='9.9691262' />
  <node id='11845330453' timestamp='2024-04-24T19:30:13Z' uid='1468043' user='jengelh' visible='true' version='1' changeset='150464211' lat='51.560912' lon='9.9691514' />
  <node id='11845330454' timestamp='2024-04-24T19:30:13Z' uid='1468043' user='jengelh' visible='true' version='1' changeset='150464211' lat='51.5608951' lon='9.9691767' />
  <node id='11845330455' timestamp='2024-04-24T19:30:13Z' uid='1468043' user='jengelh' visible='true' version='1' changeset='150464211' lat='51.5608782' lon='9.9692019' />
  <node id='11845330456' timestamp='2024-04-24T19:30:13Z' uid='1468043' user='jengelh' visible='true' version='1' changeset='150464211' lat='51.5608613' lon='9.9692271' />
  <node id='11845330457' timestamp='2024-04-24T19:30:13Z' uid='1468043' user='jengelh' visible='true' version='1' changeset='150464211' lat='51.5610156' lon='9.9688952' />
  <node id='11845330458' timestamp='2024-04-24T19:30:13Z' uid='1468043' user='jengelh' visible='true' version='1' changeset='150464211' lat='51.5609988' lon='9.9689204' />
  <node id='11845330459' timestamp='2024-04-24T19:30:13Z' uid='1468043' user='jengelh' visible='true' version='1' changeset='150464211' lat='51.5609819' lon='9.9689456' />
  <node id='11845330460' timestamp='2024-04-24T19:30:13Z' uid='1468043' user='jengelh' visible='true' version='1' changeset='150464211' lat='51.560965' lon='9.9689708' />
  <node id='11845330461' timestamp='2024-04-24T19:30:13Z' uid='1468043' user='jengelh' visible='true' version='1' changeset='150464211' lat='51.5609481' lon='9.968996' />
  <node id='11845330462' timestamp='2024-04-24T19:30:13Z' uid='1468043' user='jengelh' visible='true' version='1' changeset='150464211' lat='51.5609312' lon='9.9690212' />
  <node id='11845330463' timestamp='2024-04-24T19:30:13Z' uid='1468043' user='jengelh' visible='true' version='1' changeset='150464211' lat='51.5609143' lon='9.9690465' />
  <node id='11845330464' timestamp='2024-04-24T19:30:13Z' uid='1468043' user='jengelh' visible='true' version='1' changeset='150464211' lat='51.5608974' lon='9.9690717' />
  <node id='11845330465' timestamp='2024-04-24T19:30:13Z' uid='1468043' user='jengelh' visible='true' version='1' changeset='150464211' lat='51.5608805' lon='9.9690969' />
  <node id='11845330466' timestamp='2024-04-24T19:30:13Z' uid='1468043' user='jengelh' visible='true' version='1' changeset='150464211' lat='51.5608636' lon='9.9691221' />
  <node id='11845330467' timestamp='2024-04-24T19:30:13Z' uid='1468043' user='jengelh' visible='true' version='1' changeset='150464211' lat='51.5608467' lon='9.9691473' />
  <node id='11845330468' timestamp='2024-04-24T19:30:13Z' uid='1468043' user='jengelh' visible='true' version='1' changeset='150464211' lat='51.5608298' lon='9.9691725' />
  <node id='11845330469' timestamp='2024-04-24T19:30:13Z' uid='1468043' user='jengelh' visible='true' version='1' changeset='150464211' lat='51.561064' lon='9.9689246' />
  <node id='11845330470' timestamp='2024-04-24T19:30:13Z' uid='1468043' user='jengelh' visible='true' version='1' changeset='150464211' lat='51.5608444' lon='9.9692523' />
  <node id='11845330483' timestamp='2024-04-24T19:30:13Z' uid='1468043' user='jengelh' visible='true' version='1' changeset='150464211' lat='51.5608256' lon='9.9670428' />
  <node id='11845330484' timestamp='2024-04-24T19:30:13Z' uid='1468043' user='jengelh' visible='true' version='1' changeset='150464211' lat='51.5608096' lon='9.9670168' />
  <node id='11845330485' timestamp='2024-04-24T19:30:13Z' uid='1468043' user='jengelh' visible='true' version='1' changeset='150464211' lat='51.5607935' lon='9.9669907' />
  <node id='11845330486' timestamp='2024-04-24T19:30:13Z' uid='1468043' user='jengelh' visible='true' version='1' changeset='150464211' lat='51.5607775' lon='9.9669647' />
  <node id='11845330487' timestamp='2024-04-24T19:30:13Z' uid='1468043' user='jengelh' visible='true' version='1' changeset='150464211' lat='51.5607615' lon='9.9669386' />
  <node id='11845330488' timestamp='2024-04-24T19:30:13Z' uid='1468043' user='jengelh' visible='true' version='1' changeset='150464211' lat='51.5607454' lon='9.9669126' />
  <node id='11845330489' timestamp='2024-04-24T19:30:13Z' uid='1468043' user='jengelh' visible='true' version='1' changeset='150464211' lat='51.5607294' lon='9.9668865' />
  <node id='11845330490' timestamp='2024-04-24T19:30:13Z' uid='1468043' user='jengelh' visible='true' version='1' changeset='150464211' lat='51.5607134' lon='9.9668605' />
  <node id='11845330491' timestamp='2024-04-24T19:30:13Z' uid='1468043' user='jengelh' visible='true' version='1' changeset='150464211' lat='51.5606973' lon='9.9668344' />
  <node id='11845330492' timestamp='2024-04-24T19:30:13Z' uid='1468043' user='jengelh' visible='true' version='1' changeset='150464211' lat='51.5606813' lon='9.9668084' />
  <node id='11845330493' timestamp='2024-04-24T19:30:13Z' uid='1468043' user='jengelh' visible='true' version='1' changeset='150464211' lat='51.5606653' lon='9.9667823' />
  <node id='11845330494' timestamp='2024-04-24T19:30:13Z' uid='1468043' user='jengelh' visible='true' version='1' changeset='150464211' lat='51.5606492' lon='9.9667563' />
  <node id='12040069712' timestamp='2026-02-22T15:18:53Z' uid='1468043' user='jengelh' visible='true' version='2' changeset='178903233' lat='51.5613738' lon='9.9696366' />
  <node id='12040069713' timestamp='2026-02-22T15:18:53Z' uid='1468043' user='jengelh' visible='true' version='2' changeset='178903233' lat='51.5612067' lon='9.9698978' />
  <node id='12040069715' timestamp='2026-02-22T15:18:53Z' uid='1468043' user='jengelh' visible='true' version='2' changeset='178903233' lat='51.5617003' lon='9.9701772' />
  <node id='12040069716' timestamp='2026-02-22T15:18:53Z' uid='1468043' user='jengelh' visible='true' version='2' changeset='178903233' lat='51.5615332' lon='9.9704383' />
  <node id='12040069717' timestamp='2026-02-22T15:18:53Z' uid='1468043' user='jengelh' visible='true' version='2' changeset='178903233' lat='51.5613686' lon='9.9701658' />
  <node id='12040069718' timestamp='2026-02-22T15:18:53Z' uid='1468043' user='jengelh' visible='true' version='2' changeset='178903233' lat='51.5615357' lon='9.9699047' />
  <node id='12092960776' timestamp='2024-08-05T09:28:22Z' uid='8804172' user='ayxis' visible='true' version='2' changeset='154840725' lat='51.5612388' lon='9.9670659'>
    <tag k='access' v='customers' />
    <tag k='defibrillator:location:de' v='Im Fitnessraum' />
    <tag k='emergency' v='defibrillator' />
    <tag k='fixme' v='Position korrigieren' />
    <tag k='indoor' v='yes' />
  </node>
  <node id='12092960777' timestamp='2024-08-05T09:15:58Z' uid='8804172' user='ayxis' visible='true' version='1' changeset='154840209' lat='51.5630213' lon='9.9713118'>
    <tag k='access' v='customers' />
    <tag k='defibrillator:location' v='Am Haupteingang' />
    <tag k='emergency' v='defibrillator' />
    <tag k='indoor' v='yes' />
  </node>
  <node id='12092960778' timestamp='2024-08-05T09:15:58Z' uid='8804172' user='ayxis' visible='true' version='1' changeset='154840209' lat='51.561308' lon='9.9686605'>
    <tag k='access' v='customers' />
    <tag k='defibrillator:location' v='Am Haupteingang' />
    <tag k='emergency' v='defibrillator' />
    <tag k='indoor' v='yes' />
  </node>
  <node id='12092960779' timestamp='2024-08-05T09:15:58Z' uid='8804172' user='ayxis' visible='true' version='1' changeset='154840209' lat='51.5619125' lon='9.9699613'>
    <tag k='access' v='customers' />
    <tag k='defibrillator:location' v='Bei der Materialausgabe' />
    <tag k='emergency' v='defibrillator' />
    <tag k='indoor' v='yes' />
  </node>
  <node id='12125126019' timestamp='2024-08-21T18:20:15Z' uid='1468043' user='jengelh' visible='true' version='1' changeset='155573088' lat='51.5611863' lon='9.9706024'>
    <tag k='highway' v='traffic_mirror' />
  </node>
  <node id='12125126020' timestamp='2024-08-21T18:20:15Z' uid='1468043' user='jengelh' visible='true' version='1' changeset='155573088' lat='51.5609708' lon='9.9706889'>
    <tag k='highway' v='traffic_mirror' />
  </node>
  <node id='12985847752' timestamp='2025-07-07T16:10:26Z' uid='2573759' user='aeszter' visible='true' version='1' changeset='168613066' lat='51.5622159' lon='9.9696026'>
    <tag k='entrance' v='yes' />
    <tag k='ref' v='T7' />
  </node>
  <node id='12985847753' timestamp='2025-07-07T16:10:26Z' uid='2573759' user='aeszter' visible='true' version='1' changeset='168613066' lat='51.5612866' lon='9.9680947'>
    <tag k='entrance' v='yes' />
    <tag k='ref' v='T24' />
  </node>
  <node id='12985847754' timestamp='2025-07-07T16:10:26Z' uid='2573759' user='aeszter' visible='true' version='1' changeset='168613066' lat='51.5614798' lon='9.9682626'>
    <tag k='entrance' v='yes' />
    <tag k='ref' v='T1' />
  </node>
  <node id='12985847755' timestamp='2025-07-07T16:10:26Z' uid='2573759' user='aeszter' visible='true' version='1' changeset='168613066' lat='51.5613669' lon='9.9677714'>
    <tag k='entrance' v='yes' />
    <tag k='ref' v='T19' />
  </node>
  <node id='12985847756' timestamp='2025-07-07T16:10:26Z' uid='2573759' user='aeszter' visible='true' version='1' changeset='168613066' lat='51.5627156' lon='9.9701197'>
    <tag k='entrance' v='yes' />
    <tag k='ref' v='T27' />
  </node>
  <node id='12985847757' timestamp='2025-07-07T16:10:26Z' uid='2573759' user='aeszter' visible='true' version='1' changeset='168613066' lat='51.5615749' lon='9.9679303'>
    <tag k='entrance' v='yes' />
    <tag k='ref' v='T40' />
  </node>
  <node id='12985847758' timestamp='2025-07-07T16:10:26Z' uid='2573759' user='aeszter' visible='true' version='1' changeset='168613066' lat='51.5625665' lon='9.9699124'>
    <tag k='entrance' v='yes' />
    <tag k='ref' v='T26' />
  </node>
  <node id='12985847759' timestamp='2025-07-07T16:10:26Z' uid='2573759' user='aeszter' visible='true' version='1' changeset='168613066' lat='51.5617714' lon='9.9689332'>
    <tag k='entrance' v='yes' />
    <tag k='ref' v='T3' />
  </node>
  <node id='13383149528' timestamp='2025-12-17T10:40:48Z' uid='42123' user='Ropino' visible='true' version='1' changeset='176043160' lat='51.5539076' lon='9.964442' />
  <node id='13383149529' timestamp='2025-12-17T10:40:48Z' uid='42123' user='Ropino' visible='true' version='1' changeset='176043160' lat='51.5539155' lon='9.9644026' />
  <node id='13383149530' timestamp='2025-12-17T10:40:48Z' uid='42123' user='Ropino' visible='true' version='1' changeset='176043160' lat='51.5539173' lon='9.9643936' />
  <node id='13383149531' timestamp='2025-12-17T10:40:48Z' uid='42123' user='Ropino' visible='true' version='1' changeset='176043160' lat='51.5539327' lon='9.9643172' />
  <node id='13383149532' timestamp='2025-12-17T10:40:48Z' uid='42123' user='Ropino' visible='true' version='1' changeset='176043160' lat='51.5539798' lon='9.9640831' />
  <node id='13383149533' timestamp='2025-12-17T10:40:48Z' uid='42123' user='Ropino' visible='true' version='1' changeset='176043160' lat='51.5540949' lon='9.9635114' />
  <node id='13383149534' timestamp='2025-12-17T10:40:48Z' uid='42123' user='Ropino' visible='true' version='1' changeset='176043160' lat='51.5540995' lon='9.963512' />
  <node id='13383149535' timestamp='2025-12-17T10:40:48Z' uid='42123' user='Ropino' visible='true' version='1' changeset='176043160' lat='51.5543225' lon='9.9635427' />
  <node id='13383149536' timestamp='2025-12-17T10:40:48Z' uid='42123' user='Ropino' visible='true' version='1' changeset='176043160' lat='51.5543542' lon='9.963547' />
  <node id='13383149537' timestamp='2025-12-17T10:40:48Z' uid='42123' user='Ropino' visible='true' version='1' changeset='176043160' lat='51.5543752' lon='9.9635499' />
  <node id='13383149538' timestamp='2025-12-17T10:40:48Z' uid='42123' user='Ropino' visible='true' version='1' changeset='176043160' lat='51.5544108' lon='9.9635548' />
  <node id='13383149539' timestamp='2025-12-17T10:40:48Z' uid='42123' user='Ropino' visible='true' version='1' changeset='176043160' lat='51.5544982' lon='9.9635668' />
  <node id='13383149540' timestamp='2025-12-17T10:40:48Z' uid='42123' user='Ropino' visible='true' version='1' changeset='176043160' lat='51.5546619' lon='9.9635895' />
  <node id='13383149541' timestamp='2025-12-17T10:40:48Z' uid='42123' user='Ropino' visible='true' version='1' changeset='176043160' lat='51.5548092' lon='9.9636098' />
  <node id='13383149542' timestamp='2025-12-17T10:40:48Z' uid='42123' user='Ropino' visible='true' version='1' changeset='176043160' lat='51.5548764' lon='9.9636191' />
  <node id='13383149543' timestamp='2025-12-17T10:40:48Z' uid='42123' user='Ropino' visible='true' version='1' changeset='176043160' lat='51.5548078' lon='9.9639871' />
  <node id='13383149544' timestamp='2025-12-17T10:40:48Z' uid='42123' user='Ropino' visible='true' version='1' changeset='176043160' lat='51.5547974' lon='9.9641916' />
  <node id='13383149545' timestamp='2025-12-17T10:40:48Z' uid='42123' user='Ropino' visible='true' version='1' changeset='176043160' lat='51.5547888' lon='9.9643604' />
  <node id='13383149546' timestamp='2025-12-17T10:40:48Z' uid='42123' user='Ropino' visible='true' version='1' changeset='176043160' lat='51.5547925' lon='9.9644' />
  <node id='13383149547' timestamp='2025-12-17T10:40:48Z' uid='42123' user='Ropino' visible='true' version='1' changeset='176043160' lat='51.5548087' lon='9.9645704' />
  <node id='13383149548' timestamp='2025-12-17T10:40:48Z' uid='42123' user='Ropino' visible='true' version='1' changeset='176043160' lat='51.5548122' lon='9.9646067' />
  <node id='13383149549' timestamp='2025-12-17T10:40:48Z' uid='42123' user='Ropino' visible='true' version='1' changeset='176043160' lat='51.5548181' lon='9.9646581' />
  <node id='13383149550' timestamp='2025-12-17T10:40:48Z' uid='42123' user='Ropino' visible='true' version='1' changeset='176043160' lat='51.5548232' lon='9.9647022' />
  <node id='13383149551' timestamp='2025-12-17T10:40:48Z' uid='42123' user='Ropino' visible='true' version='1' changeset='176043160' lat='51.5548318' lon='9.964776' />
  <node id='13383149552' timestamp='2025-12-17T10:40:48Z' uid='42123' user='Ropino' visible='true' version='1' changeset='176043160' lat='51.5548398' lon='9.9647791' />
  <node id='13383149553' timestamp='2025-12-17T10:40:48Z' uid='42123' user='Ropino' visible='true' version='1' changeset='176043160' lat='51.5549117' lon='9.9648077' />
  <node id='13383149554' timestamp='2025-12-17T10:40:48Z' uid='42123' user='Ropino' visible='true' version='1' changeset='176043160' lat='51.5555909' lon='9.964953' />
  <node id='13383149555' timestamp='2025-12-17T10:40:48Z' uid='42123' user='Ropino' visible='true' version='1' changeset='176043160' lat='51.5560188' lon='9.9650445' />
  <node id='13383149556' timestamp='2025-12-17T10:40:48Z' uid='42123' user='Ropino' visible='true' version='1' changeset='176043160' lat='51.5563701' lon='9.9651196' />
  <node id='13383149557' timestamp='2025-12-17T10:40:48Z' uid='42123' user='Ropino' visible='true' version='1' changeset='176043160' lat='51.5564072' lon='9.9651276' />
  <node id='13383149558' timestamp='2025-12-17T10:40:48Z' uid='42123' user='Ropino' visible='true' version='1' changeset='176043160' lat='51.5568147' lon='9.9650065' />
  <node id='13383149559' timestamp='2025-12-17T10:40:48Z' uid='42123' user='Ropino' visible='true' version='1' changeset='176043160' lat='51.5573221' lon='9.9648541' />
  <node id='13383149560' timestamp='2025-12-17T10:40:48Z' uid='42123' user='Ropino' visible='true' version='1' changeset='176043160' lat='51.5580577' lon='9.9646343' />
  <node id='13383149561' timestamp='2025-12-17T10:40:48Z' uid='42123' user='Ropino' visible='true' version='1' changeset='176043160' lat='51.5580723' lon='9.9646662' />
  <node id='13383149562' timestamp='2025-12-17T10:40:48Z' uid='42123' user='Ropino' visible='true' version='1' changeset='176043160' lat='51.5581285' lon='9.9646236' />
  <node id='13383149563' timestamp='2025-12-17T10:40:48Z' uid='42123' user='Ropino' visible='true' version='1' changeset='176043160' lat='51.5581625' lon='9.9645978' />
  <node id='13383149564' timestamp='2025-12-17T10:40:48Z' uid='42123' user='Ropino' visible='true' version='1' changeset='176043160' lat='51.5582028' lon='9.9645672' />
  <node id='13383149565' timestamp='2025-12-17T10:40:48Z' uid='42123' user='Ropino' visible='true' version='1' changeset='176043160' lat='51.5582092' lon='9.9645784' />
  <node id='13383149566' timestamp='2025-12-17T10:40:48Z' uid='42123' user='Ropino' visible='true' version='1' changeset='176043160' lat='51.5584286' lon='9.9649283' />
  <node id='13383149567' timestamp='2025-12-17T10:40:48Z' uid='42123' user='Ropino' visible='true' version='1' changeset='176043160' lat='51.5584876' lon='9.9650224' />
  <node id='13383149568' timestamp='2025-12-17T10:40:48Z' uid='42123' user='Ropino' visible='true' version='1' changeset='176043160' lat='51.5584997' lon='9.9650416' />
  <node id='13383149569' timestamp='2025-12-17T10:40:48Z' uid='42123' user='Ropino' visible='true' version='1' changeset='176043160' lat='51.5587621' lon='9.9648117' />
  <node id='13383149570' timestamp='2025-12-17T10:40:48Z' uid='42123' user='Ropino' visible='true' version='1' changeset='176043160' lat='51.5584987' lon='9.9640814' />
  <node id='13383149571' timestamp='2025-12-17T10:40:48Z' uid='42123' user='Ropino' visible='true' version='1' changeset='176043160' lat='51.5584959' lon='9.9640012' />
  <node id='13383149572' timestamp='2025-12-17T10:40:48Z' uid='42123' user='Ropino' visible='true' version='1' changeset='176043160' lat='51.558413' lon='9.9635704' />
  <node id='13383149573' timestamp='2025-12-17T10:40:48Z' uid='42123' user='Ropino' visible='true' version='1' changeset='176043160' lat='51.5583597' lon='9.9632934' />
  <node id='13383149574' timestamp='2025-12-17T10:40:48Z' uid='42123' user='Ropino' visible='true' version='1' changeset='176043160' lat='51.558369' lon='9.9632869' />
  <node id='13383149575' timestamp='2025-12-17T10:40:48Z' uid='42123' user='Ropino' visible='true' version='1' changeset='176043160' lat='51.5583567' lon='9.9632465' />
  <node id='13383149576' timestamp='2025-12-17T10:40:48Z' uid='42123' user='Ropino' visible='true' version='1' changeset='176043160' lat='51.5583404' lon='9.9631931' />
  <node id='13383149577' timestamp='2025-12-17T10:40:48Z' uid='42123' user='Ropino' visible='true' version='1' changeset='176043160' lat='51.5583317' lon='9.9631646' />
  <node id='13383149578' timestamp='2025-12-17T10:40:48Z' uid='42123' user='Ropino' visible='true' version='1' changeset='176043160' lat='51.5586594' lon='9.9629265' />
  <node id='13383149579' timestamp='2025-12-17T10:40:48Z' uid='42123' user='Ropino' visible='true' version='1' changeset='176043160' lat='51.5587213' lon='9.9628815' />
  <node id='13383149580' timestamp='2025-12-17T10:40:48Z' uid='42123' user='Ropino' visible='true' version='1' changeset='176043160' lat='51.5589563' lon='9.9627108' />
  <node id='13383149581' timestamp='2025-12-17T10:40:48Z' uid='42123' user='Ropino' visible='true' version='1' changeset='176043160' lat='51.5589869' lon='9.9626886' />
  <node id='13383149582' timestamp='2025-12-17T10:40:48Z' uid='42123' user='Ropino' visible='true' version='1' changeset='176043160' lat='51.5591756' lon='9.9625515' />
  <node id='13383149583' timestamp='2025-12-17T10:40:48Z' uid='42123' user='Ropino' visible='true' version='1' changeset='176043160' lat='51.5598588' lon='9.9620552' />
  <node id='13383149584' timestamp='2025-12-17T10:40:48Z' uid='42123' user='Ropino' visible='true' version='1' changeset='176043160' lat='51.5598752' lon='9.9621423' />
  <node id='13383149585' timestamp='2025-12-17T10:40:48Z' uid='42123' user='Ropino' visible='true' version='1' changeset='176043160' lat='51.5599019' lon='9.9621265' />
  <node id='13383149586' timestamp='2025-12-17T10:40:48Z' uid='42123' user='Ropino' visible='true' version='1' changeset='176043160' lat='51.5601343' lon='9.9619885' />
  <node id='13383149587' timestamp='2025-12-17T10:40:48Z' uid='42123' user='Ropino' visible='true' version='1' changeset='176043160' lat='51.5602113' lon='9.9619427' />
  <node id='13383149588' timestamp='2025-12-17T10:40:48Z' uid='42123' user='Ropino' visible='true' version='1' changeset='176043160' lat='51.5602753' lon='9.9619046' />
  <node id='13383149589' timestamp='2025-12-17T10:40:48Z' uid='42123' user='Ropino' visible='true' version='1' changeset='176043160' lat='51.5602992' lon='9.9618904' />
  <node id='13383149590' timestamp='2025-12-17T10:40:48Z' uid='42123' user='Ropino' visible='true' version='1' changeset='176043160' lat='51.5603232' lon='9.9618761' />
  <node id='13383149591' timestamp='2025-12-17T10:40:48Z' uid='42123' user='Ropino' visible='true' version='1' changeset='176043160' lat='51.5607423' lon='9.9616245' />
  <node id='13383149592' timestamp='2025-12-17T10:40:48Z' uid='42123' user='Ropino' visible='true' version='1' changeset='176043160' lat='51.5608025' lon='9.9618231' />
  <node id='13383149593' timestamp='2025-12-17T10:40:48Z' uid='42123' user='Ropino' visible='true' version='1' changeset='176043160' lat='51.5608554' lon='9.9622333' />
  <node id='13383149594' timestamp='2025-12-17T10:40:48Z' uid='42123' user='Ropino' visible='true' version='1' changeset='176043160' lat='51.5608832' lon='9.9624494' />
  <node id='13383149595' timestamp='2025-12-17T10:40:48Z' uid='42123' user='Ropino' visible='true' version='1' changeset='176043160' lat='51.5609765' lon='9.9628372' />
  <node id='13383149596' timestamp='2025-12-17T10:40:48Z' uid='42123' user='Ropino' visible='true' version='1' changeset='176043160' lat='51.5611652' lon='9.9635107' />
  <node id='13383149597' timestamp='2025-12-17T10:40:48Z' uid='42123' user='Ropino' visible='true' version='1' changeset='176043160' lat='51.5613226' lon='9.9640971' />
  <node id='13383149598' timestamp='2025-12-17T10:40:48Z' uid='42123' user='Ropino' visible='true' version='1' changeset='176043160' lat='51.5614104' lon='9.9644243' />
  <node id='13383149599' timestamp='2025-12-17T10:40:48Z' uid='42123' user='Ropino' visible='true' version='1' changeset='176043160' lat='51.5616304' lon='9.9651921' />
  <node id='13383149600' timestamp='2025-12-17T10:40:48Z' uid='42123' user='Ropino' visible='true' version='1' changeset='176043160' lat='51.5619996' lon='9.9662928' />
  <node id='13383149601' timestamp='2025-12-17T10:40:48Z' uid='42123' user='Ropino' visible='true' version='1' changeset='176043160' lat='51.5621558' lon='9.9666754' />
  <node id='13383149602' timestamp='2025-12-17T10:40:48Z' uid='42123' user='Ropino' visible='true' version='1' changeset='176043160' lat='51.5623189' lon='9.9670556' />
  <node id='13383149603' timestamp='2025-12-17T10:40:48Z' uid='42123' user='Ropino' visible='true' version='1' changeset='176043160' lat='51.5626486' lon='9.9677256' />
  <node id='13383149604' timestamp='2025-12-17T10:40:48Z' uid='42123' user='Ropino' visible='true' version='1' changeset='176043160' lat='51.5629533' lon='9.968424' />
  <node id='13383149605' timestamp='2025-12-17T10:40:48Z' uid='42123' user='Ropino' visible='true' version='1' changeset='176043160' lat='51.5632821' lon='9.9691685' />
  <node id='13383149606' timestamp='2025-12-17T10:40:48Z' uid='42123' user='Ropino' visible='true' version='1' changeset='176043160' lat='51.5637414' lon='9.9699376' />
  <node id='13383149607' timestamp='2025-12-17T10:40:48Z' uid='42123' user='Ropino' visible='true' version='1' changeset='176043160' lat='51.5644016' lon='9.9708331' />
  <node id='13383149608' timestamp='2025-12-17T10:40:48Z' uid='42123' user='Ropino' visible='true' version='1' changeset='176043160' lat='51.5646578' lon='9.9710842' />
  <node id='13383149609' timestamp='2025-12-17T10:40:48Z' uid='42123' user='Ropino' visible='true' version='1' changeset='176043160' lat='51.565252' lon='9.9714834' />
  <node id='13383149610' timestamp='2025-12-17T10:40:48Z' uid='42123' user='Ropino' visible='true' version='1' changeset='176043160' lat='51.5652765' lon='9.9714173' />
  <node id='13383149611' timestamp='2025-12-17T10:40:48Z' uid='42123' user='Ropino' visible='true' version='1' changeset='176043160' lat='51.5653566' lon='9.9711621' />
  <node id='13383149612' timestamp='2025-12-17T10:40:48Z' uid='42123' user='Ropino' visible='true' version='1' changeset='176043160' lat='51.565411' lon='9.9709704' />
  <node id='13383149613' timestamp='2025-12-17T10:40:48Z' uid='42123' user='Ropino' visible='true' version='1' changeset='176043160' lat='51.5654441' lon='9.9709316' />
  <node id='13383149614' timestamp='2025-12-17T10:40:48Z' uid='42123' user='Ropino' visible='true' version='1' changeset='176043160' lat='51.5654718' lon='9.970899' />
  <node id='13383149615' timestamp='2025-12-17T10:40:48Z' uid='42123' user='Ropino' visible='true' version='1' changeset='176043160' lat='51.5654991' lon='9.9708669' />
  <node id='13383149616' timestamp='2025-12-17T10:40:48Z' uid='42123' user='Ropino' visible='true' version='1' changeset='176043160' lat='51.5661412' lon='9.9713477' />
  <node id='13383149617' timestamp='2025-12-17T10:40:48Z' uid='42123' user='Ropino' visible='true' version='1' changeset='176043160' lat='51.5669161' lon='9.9719343' />
  <node id='13383149618' timestamp='2025-12-17T10:40:48Z' uid='42123' user='Ropino' visible='true' version='1' changeset='176043160' lat='51.5669374' lon='9.9719504' />
  <node id='13383149619' timestamp='2025-12-17T10:40:48Z' uid='42123' user='Ropino' visible='true' version='1' changeset='176043160' lat='51.5668712' lon='9.9721523' />
  <node id='13383149620' timestamp='2025-12-17T10:40:48Z' uid='42123' user='Ropino' visible='true' version='1' changeset='176043160' lat='51.5674202' lon='9.9725011' />
  <node id='13383149621' timestamp='2025-12-17T10:40:48Z' uid='42123' user='Ropino' visible='true' version='1' changeset='176043160' lat='51.5676891' lon='9.9727322' />
  <node id='13383149622' timestamp='2025-12-17T10:40:48Z' uid='42123' user='Ropino' visible='true' version='1' changeset='176043160' lat='51.5684801' lon='9.9731112' />
  <node id='13383149623' timestamp='2025-12-17T10:40:48Z' uid='42123' user='Ropino' visible='true' version='1' changeset='176043160' lat='51.5688335' lon='9.9732586' />
  <node id='13383149624' timestamp='2025-12-17T10:40:48Z' uid='42123' user='Ropino' visible='true' version='1' changeset='176043160' lat='51.5689143' lon='9.9740766' />
  <node id='13383149625' timestamp='2025-12-17T10:40:48Z' uid='42123' user='Ropino' visible='true' version='1' changeset='176043160' lat='51.5689537' lon='9.9743841' />
  <node id='13383149626' timestamp='2025-12-17T10:40:48Z' uid='42123' user='Ropino' visible='true' version='1' changeset='176043160' lat='51.568962' lon='9.9747112' />
  <node id='13383149627' timestamp='2025-12-17T10:40:48Z' uid='42123' user='Ropino' visible='true' version='1' changeset='176043160' lat='51.5691018' lon='9.9748364' />
  <node id='13383149628' timestamp='2025-12-17T10:40:48Z' uid='42123' user='Ropino' visible='true' version='1' changeset='176043160' lat='51.5691542' lon='9.974796' />
  <node id='13383149629' timestamp='2025-12-17T10:40:48Z' uid='42123' user='Ropino' visible='true' version='1' changeset='176043160' lat='51.5694312' lon='9.9745828' />
  <node id='13383149630' timestamp='2025-12-17T10:40:48Z' uid='42123' user='Ropino' visible='true' version='1' changeset='176043160' lat='51.5696169' lon='9.9744904' />
  <node id='13383149631' timestamp='2025-12-17T10:40:48Z' uid='42123' user='Ropino' visible='true' version='1' changeset='176043160' lat='51.5699372' lon='9.9744019' />
  <node id='13383149632' timestamp='2025-12-17T10:40:48Z' uid='42123' user='Ropino' visible='true' version='1' changeset='176043160' lat='51.5700797' lon='9.9743669' />
  <node id='13383149633' timestamp='2025-12-17T10:40:48Z' uid='42123' user='Ropino' visible='true' version='1' changeset='176043160' lat='51.5702825' lon='9.9743626' />
  <node id='13590655419' timestamp='2026-02-22T15:18:53Z' uid='1468043' user='jengelh' visible='true' version='1' changeset='178903233' lat='51.5614375' lon='9.9698599' />
  <node id='13590655420' timestamp='2026-02-22T15:18:53Z' uid='1468043' user='jengelh' visible='true' version='1' changeset='178903233' lat='51.5613071' lon='9.9700639' />
  <node id='13590655421' timestamp='2026-02-22T15:18:53Z' uid='1468043' user='jengelh' visible='true' version='1' changeset='178903233' lat='51.5613372' lon='9.9696938' />
  <node id='14046002962' timestamp='2026-07-24T14:21:52Z' uid='2725798' user='lesekaffee' visible='true' version='1' changeset='186296801' lat='51.5612831' lon='9.9677069'>
    <tag k='leaf_type' v='broadleaved' />
    <tag k='natural' v='tree' />
  </node>
  <node id='14046019776' timestamp='2026-07-24T14:20:19Z' uid='2725798' user='lesekaffee' visible='true' version='4' changeset='186298545' lat='51.5618795' lon='9.9690722'>
    <tag k='amenity' v='bicycle_parking' />
    <tag k='bicycle_parking' v='safe_loops' />
    <tag k='capacity' v='16' />
    <tag k='covered' v='no' />
  </node>
  <node id='14046027589' timestamp='2026-07-24T14:22:04Z' uid='2725798' user='lesekaffee' visible='true' version='2' changeset='186298654' lat='51.5613499' lon='9.967788'>
    <tag k='amenity' v='bench' />
    <tag k='backrest' v='no' />
  </node>
  <way id='-48266' action='modify' visible='true'>
    <nd ref='-32777' />
    <nd ref='2502054153' />
    <nd ref='-32738' />
    <nd ref='-32737' />
    <nd ref='-32777' />
    <tag k='building:levels' v='1' />
    <tag k='building:part' v='true' />
    <tag k='roof:shape' v='flat' />
    <tag k='upload' v='false' />
  </way>
  <way id='-48267' action='modify' visible='true'>
    <nd ref='-32739' />
    <nd ref='-32740' />
    <nd ref='-32741' />
    <nd ref='-32742' />
    <nd ref='-32754' />
    <nd ref='-32743' />
    <nd ref='-32760' />
    <nd ref='-32757' />
    <nd ref='-32759' />
    <nd ref='-32753' />
    <nd ref='-32744' />
    <nd ref='-32739' />
    <tag k='building:levels' v='4' />
    <tag k='building:part' v='yes' />
    <tag k='name' v='Turm 6' />
    <tag k='ref' v='T5' />
    <tag k='ref:PIZ' v='0775' />
    <tag k='roof:shape' v='flat' />
    <tag k='upload' v='false' />
  </way>
  <way id='-48268' action='modify' visible='true'>
    <nd ref='-32745' />
    <nd ref='-32746' />
    <nd ref='-32747' />
    <nd ref='-32748' />
    <nd ref='-32745' />
    <tag k='building:levels' v='5' />
    <tag k='building:min_level' v='4' />
    <tag k='building:part' v='yes' />
    <tag k='roof:shape' v='flat' />
    <tag k='upload' v='false' />
  </way>
  <way id='-48269' action='modify' visible='true'>
    <nd ref='-32757' />
    <nd ref='-32760' />
    <nd ref='-32754' />
    <nd ref='-32749' />
    <nd ref='-32750' />
    <nd ref='-32751' />
    <nd ref='-32752' />
    <nd ref='-32753' />
    <nd ref='-32759' />
    <nd ref='-32757' />
    <tag k='building:levels' v='3' />
    <tag k='building:part' v='yes' />
    <tag k='name' v='Turm 6' />
    <tag k='ref' v='T5' />
    <tag k='ref:PIZ' v='0775' />
    <tag k='roof:shape' v='flat' />
    <tag k='upload' v='false' />
  </way>
  <way id='-48270' action='modify' visible='true'>
    <nd ref='-32755' />
    <nd ref='-32756' />
    <nd ref='-32759' />
    <nd ref='-32757' />
    <nd ref='-32760' />
    <nd ref='-32758' />
    <nd ref='-32755' />
    <tag k='building:levels' v='4' />
    <tag k='building:min_level' v='3' />
    <tag k='building:part' v='yes' />
    <tag k='name' v='Turm 6' />
    <tag k='roof:shape' v='flat' />
    <tag k='upload' v='false' />
  </way>
  <way id='31159885' timestamp='2024-04-24T19:30:13Z' uid='1468043' user='jengelh' visible='true' version='20' changeset='150464211'>
    <nd ref='434062780' />
    <nd ref='434062782' />
    <nd ref='346773859' />
    <nd ref='346773867' />
    <nd ref='346773873' />
    <nd ref='3885963836' />
    <nd ref='346773880' />
    <nd ref='11067749950' />
    <nd ref='346773889' />
    <nd ref='3885963838' />
    <nd ref='346773895' />
    <nd ref='3885963834' />
    <nd ref='346773901' />
    <nd ref='346773909' />
    <nd ref='3885963833' />
    <nd ref='346773917' />
    <nd ref='2503657520' />
    <nd ref='3885963830' />
    <nd ref='346773922' />
    <nd ref='2503657519' />
    <nd ref='346773929' />
    <nd ref='2503657517' />
    <nd ref='346773935' />
    <nd ref='346773941' />
    <nd ref='11659701400' />
    <nd ref='6074766703' />
    <nd ref='11845330123' />
    <nd ref='6074766698' />
    <nd ref='7009037234' />
    <nd ref='7009037237' />
    <nd ref='1500272784' />
    <nd ref='3293438107' />
    <nd ref='3293438100' />
    <nd ref='10006675482' />
    <nd ref='346773955' />
    <tag k='highway' v='service' />
    <tag k='lit' v='yes' />
    <tag k='sidewalk' v='no' />
    <tag k='smoothness' v='good' />
    <tag k='surface' v='asphalt' />
  </way>
  <way id='33272609' timestamp='2021-01-18T11:34:37Z' uid='1468043' user='jengelh' visible='true' version='10' changeset='97695366'>
    <nd ref='409701127' />
    <nd ref='1042711283' />
    <nd ref='1042711279' />
    <nd ref='377898602' />
    <nd ref='5940417934' />
    <nd ref='377898611' />
    <nd ref='1042711270' />
    <nd ref='5940417935' />
    <nd ref='377898618' />
    <nd ref='1042686401' />
    <tag k='highway' v='track' />
    <tag k='lit' v='no' />
    <tag k='surface' v='compacted' />
    <tag k='survey:date' v='2018-09-29' />
    <tag k='tracktype' v='grade2' />
  </way>
  <way id='33272611' timestamp='2026-07-24T14:04:33Z' uid='2725798' user='lesekaffee' visible='true' version='11' changeset='186296786'>
    <nd ref='409701139' />
    <nd ref='409701140' />
    <nd ref='3885964379' />
    <nd ref='3885964382' />
    <nd ref='290723257' />
    <tag k='highway' v='track' />
    <tag k='smoothness' v='intermediate' />
    <tag k='surface' v='fine_gravel' />
    <tag k='tracktype' v='grade2' />
  </way>
  <way id='37248609' action='modify' timestamp='2025-07-07T16:10:26Z' uid='2573759' user='aeszter' visible='true' version='22' changeset='168613066'>
    <nd ref='-32779' />
    <nd ref='-32784' />
    <nd ref='7009049711' />
    <nd ref='2502054132' />
    <nd ref='2502054137' />
    <nd ref='2502054091' />
    <nd ref='2502054088' />
    <nd ref='12985847752' />
    <nd ref='2502054084' />
    <nd ref='6074766687' />
    <nd ref='2502054083' />
    <nd ref='12985847759' />
    <nd ref='1707439436' />
    <nd ref='433952686' />
    <nd ref='12985847754' />
    <nd ref='1707439352' />
    <nd ref='12985847753' />
    <nd ref='11067712233' />
    <nd ref='1707439312' />
    <nd ref='1707439330' />
    <nd ref='433971563' />
    <nd ref='7009037228' />
    <nd ref='433952689' />
    <nd ref='1707439364' />
    <nd ref='11598481891' />
    <nd ref='11598481886' />
    <nd ref='11598481887' />
    <nd ref='11598481888' />
    <nd ref='11598481892' />
    <nd ref='1707439398' />
    <nd ref='4090067193' />
    <nd ref='10006675479' />
    <nd ref='7009037226' />
    <nd ref='2502054038' />
    <nd ref='11845330416' />
    <nd ref='2502054041' />
    <nd ref='2502054047' />
    <nd ref='7009037239' />
    <nd ref='2502054056' />
    <nd ref='2502054076' />
    <nd ref='7009037240' />
    <nd ref='2502054054' />
    <nd ref='2502054074' />
    <nd ref='2502054082' />
    <nd ref='2502054089' />
    <nd ref='2502054101' />
    <nd ref='11845323507' />
    <nd ref='2502054108' />
    <nd ref='11845330122' />
    <nd ref='2502054103' />
    <nd ref='2502054122' />
    <nd ref='2502054139' />
    <nd ref='2502054144' />
    <nd ref='7009037215' />
    <nd ref='-32779' />
    <tag k='addr:city' v='Göttingen' />
    <tag k='addr:country' v='DE' />
    <tag k='addr:housenumber' v='11' />
    <tag k='addr:postcode' v='37077' />
    <tag k='addr:street' v='Am Faßberg' />
    <tag k='addr:suburb' v='Nikolausberg' />
    <tag k='architect' v='Walter Henn' />
    <tag k='building' v='commercial' />
    <tag k='building:levels' v='1' />
    <tag k='construction_date' v='1968' />
    <tag k='roof:shape' v='flat' />
    <tag k='start_date' v='1971' />
  </way>
  <way id='37255977' timestamp='2025-07-07T16:10:26Z' uid='2573759' user='aeszter' visible='true' version='17' changeset='168613066'>
    <nd ref='434062755' />
    <nd ref='1707439244' />
    <nd ref='1707439246' />
    <nd ref='1707439259' />
    <nd ref='1707439260' />
    <nd ref='2052717669' />
    <nd ref='3902840940' />
    <nd ref='1707439351' />
    <nd ref='1707439343' />
    <nd ref='12985847755' />
    <nd ref='1707439385' />
    <nd ref='3885963764' />
    <nd ref='12985847757' />
    <nd ref='1707439412' />
    <nd ref='1707439363' />
    <nd ref='1707439397' />
    <nd ref='1707439384' />
    <nd ref='1707439383' />
    <nd ref='1707439350' />
    <nd ref='1707439358' />
    <nd ref='3885963051' />
    <nd ref='1707439329' />
    <nd ref='1707439311' />
    <nd ref='1707439274' />
    <nd ref='1707439292' />
    <nd ref='3885963034' />
    <nd ref='1707439273' />
    <nd ref='3885963026' />
    <nd ref='1707439258' />
    <nd ref='1707439255' />
    <nd ref='1707439256' />
    <nd ref='1707439248' />
    <nd ref='11845323518' />
    <nd ref='434062755' />
    <tag k='addr:city' v='Göttingen' />
    <tag k='addr:country' v='DE' />
    <tag k='addr:housenumber' v='11' />
    <tag k='addr:postcode' v='37077' />
    <tag k='addr:street' v='Am Faßberg' />
    <tag k='addr:suburb' v='Nikolausberg' />
    <tag k='architect' v='Walter Henn' />
    <tag k='building' v='commercial' />
    <tag k='building:levels' v='2' />
    <tag k='construction_date' v='1965' />
    <tag k='name' v='Allgemeines Institutsgebäude' />
    <tag k='ref' v='AI' />
    <tag k='ref:PIZ' v='0784' />
    <tag k='roof:levels' v='0' />
    <tag k='roof:shape' v='flat' />
    <tag k='start_date' v='1971' />
  </way>
  <way id='37255978' timestamp='2022-09-05T07:42:55Z' uid='2573759' user='aeszter' visible='true' version='11' changeset='125800901'>
    <nd ref='434062761' />
    <nd ref='2502054071' />
    <nd ref='2502054069' />
    <nd ref='2502054078' />
    <nd ref='2502054072' />
    <nd ref='7009049727' />
    <nd ref='2502054080' />
    <nd ref='2502054081' />
    <nd ref='434062763' />
    <nd ref='434062766' />
    <nd ref='434062765' />
    <nd ref='434062761' />
    <tag k='addr:city' v='Göttingen' />
    <tag k='addr:country' v='DE' />
    <tag k='addr:housenumber' v='11' />
    <tag k='addr:postcode' v='37077' />
    <tag k='addr:street' v='Am Faßberg' />
    <tag k='addr:suburb' v='Nikolausberg' />
    <tag k='building' v='commercial' />
    <tag k='building:levels' v='1' />
    <tag k='ref' v='NMR I' />
    <tag k='roof:levels' v='0' />
    <tag k='smoking' v='outside' />
    <tag k='source' v='hi-res aerial imagery' />
    <tag k='start_date' v='1989' />
  </way>
  <way id='37255979' timestamp='2023-08-23T14:51:38Z' uid='2573759' user='aeszter' visible='true' version='4' changeset='140280353'>
    <nd ref='434062772' />
    <nd ref='434062768' />
    <nd ref='2503657500' />
    <nd ref='434062769' />
    <tag k='highway' v='service' />
    <tag k='smoothness' v='good' />
    <tag k='surface' v='asphalt' />
  </way>
  <way id='37255981' timestamp='2023-08-17T13:29:16Z' uid='2573759' user='aeszter' visible='true' version='3' changeset='140013326'>
    <nd ref='434062785' />
    <nd ref='434062786' />
    <tag k='highway' v='service' />
    <tag k='service' v='driveway' />
    <tag k='sidewalk' v='no' />
    <tag k='surface' v='asphalt' />
  </way>
  <way id='37255982' timestamp='2024-04-24T19:30:13Z' uid='1468043' user='jengelh' visible='true' version='5' changeset='150464211'>
    <nd ref='346773929' />
    <nd ref='2503657518' />
    <nd ref='11845330297' />
    <tag k='highway' v='service' />
    <tag k='sidewalk' v='no' />
    <tag k='smoothness' v='good' />
    <tag k='surface' v='asphalt' />
  </way>
  <way id='37255983' timestamp='2025-07-07T16:10:26Z' uid='2573759' user='aeszter' visible='true' version='15' changeset='168613066'>
    <nd ref='2502054121' />
    <nd ref='2502054118' />
    <nd ref='2502054119' />
    <nd ref='2502054116' />
    <nd ref='2502054117' />
    <nd ref='2502054110' />
    <nd ref='3885963790' />
    <nd ref='434062790' />
    <nd ref='12985847758' />
    <nd ref='434062789' />
    <nd ref='11067749931' />
    <nd ref='434062792' />
    <nd ref='2502054138' />
    <nd ref='2502054140' />
    <nd ref='2502054135' />
    <nd ref='2502054136' />
    <nd ref='2502054130' />
    <nd ref='2502054133' />
    <nd ref='2502054120' />
    <nd ref='2502054121' />
    <tag k='addr:city' v='Göttingen' />
    <tag k='addr:country' v='DE' />
    <tag k='addr:housenumber' v='11' />
    <tag k='addr:postcode' v='37077' />
    <tag k='addr:street' v='Am Faßberg' />
    <tag k='addr:suburb' v='Nikolausberg' />
    <tag k='architect' v='Architekten Fröse, Braunschweig' />
    <tag k='building' v='commercial' />
    <tag k='building:levels' v='2' />
    <tag k='building:levels:underground' v='2' />
    <tag k='construction_date' v='2000-09' />
    <tag k='ref' v='NMR II' />
    <tag k='source' v='hi-res aerial imagery' />
    <tag k='start_date' v='2002' />
  </way>
  <way id='89952479' timestamp='2023-07-20T11:19:12Z' uid='2573759' user='aeszter' visible='true' version='8' changeset='138759371'>
    <nd ref='409701133' />
    <nd ref='409701132' />
    <nd ref='1042686376' />
    <nd ref='1042686382' />
    <nd ref='377898739' />
    <nd ref='1042686381' />
    <nd ref='4934695026' />
    <nd ref='377898727' />
    <nd ref='1042686390' />
    <nd ref='377898716' />
    <nd ref='1042686370' />
    <nd ref='377898701' />
    <nd ref='3338172609' />
    <nd ref='1042686408' />
    <nd ref='377898689' />
    <nd ref='3338172606' />
    <nd ref='1042686401' />
    <tag k='bicycle' v='yes' />
    <tag k='highway' v='footway' />
    <tag k='lit' v='yes' />
    <tag k='smoothness' v='bad' />
    <tag k='surface' v='gravel' />
    <tag k='survey:date' v='2018-09-29' />
    <tag k='tracktype' v='grade2' />
  </way>
  <way id='89956165' timestamp='2024-02-24T14:34:01Z' uid='1468043' user='jengelh' visible='true' version='8' changeset='147857774'>
    <nd ref='11659701376' />
    <nd ref='1042728212' />
    <nd ref='1042728087' />
    <nd ref='1042728048' />
    <nd ref='1042728151' />
    <nd ref='1042728263' />
    <nd ref='1042728204' />
    <nd ref='1042728120' />
    <nd ref='5940417957' />
    <nd ref='5940417958' />
    <nd ref='5940417959' />
    <nd ref='1042728059' />
    <nd ref='1042728124' />
    <nd ref='1042728004' />
    <nd ref='7974992949' />
    <nd ref='7974992950' />
    <nd ref='11659701386' />
    <nd ref='11659701385' />
    <nd ref='11659701384' />
    <nd ref='11659701383' />
    <nd ref='11659701382' />
    <nd ref='11659701381' />
    <nd ref='11659701380' />
    <nd ref='11659701379' />
    <nd ref='11659701378' />
    <nd ref='11659701377' />
    <nd ref='11659701376' />
    <tag k='natural' v='grassland' />
  </way>
  <way id='89958724' timestamp='2018-09-30T10:21:11Z' uid='1468043' user='jengelh' visible='true' version='3' changeset='63059230'>
    <nd ref='1042759335' />
    <nd ref='5940417956' />
    <nd ref='1042759374' />
    <nd ref='5940417960' />
    <nd ref='5940417953' />
    <nd ref='5940417952' />
    <nd ref='5940417951' />
    <nd ref='5940417954' />
    <nd ref='5940417955' />
    <nd ref='1042759344' />
    <nd ref='1042759335' />
    <tag k='landuse' v='residential' />
  </way>
  <way id='108208779' timestamp='2016-11-08T12:13:23Z' uid='181582' user='quazgar' visible='true' version='7' changeset='43485721'>
    <nd ref='1241854039' />
    <nd ref='1309319071' />
    <nd ref='1241854035' />
    <nd ref='4488600972' />
    <nd ref='1309319021' />
    <nd ref='4488600965' />
    <nd ref='1241854038' />
    <nd ref='1241854036' />
    <nd ref='1309319017' />
    <nd ref='1309319066' />
    <nd ref='1241854039' />
  </way>
  <way id='114877943' timestamp='2026-07-24T13:50:34Z' uid='2725798' user='lesekaffee' visible='true' version='6' changeset='186296806'>
    <nd ref='1300173703' />
    <nd ref='4783708909' />
    <nd ref='1300173699' />
    <nd ref='1300173643' />
    <nd ref='4783708908' />
    <nd ref='4783708907' />
    <nd ref='1300173713' />
    <nd ref='4783708906' />
    <nd ref='1300173681' />
    <nd ref='4783708905' />
    <nd ref='4783708901' />
    <nd ref='4783708900' />
    <nd ref='4783708899' />
    <nd ref='1300173719' />
    <nd ref='4783708868' />
    <nd ref='2420157103' />
    <nd ref='800364851' />
    <nd ref='800364860' />
    <nd ref='800364876' />
    <nd ref='800364888' />
    <nd ref='800364897' />
    <nd ref='800364901' />
    <nd ref='800364904' />
    <nd ref='800364909' />
    <nd ref='800364914' />
    <nd ref='800364916' />
    <nd ref='800364919' />
    <nd ref='800364924' />
    <nd ref='800364928' />
    <nd ref='800364929' />
    <nd ref='800364933' />
    <nd ref='800364944' />
    <nd ref='800364949' />
    <nd ref='800364953' />
    <nd ref='800364958' />
    <nd ref='800364964' />
    <nd ref='800364967' />
    <nd ref='800364972' />
    <nd ref='800364976' />
    <nd ref='2250164824' />
    <nd ref='800364980' />
    <nd ref='800364985' />
    <nd ref='2149289312' />
    <nd ref='800364989' />
    <nd ref='800364993' />
    <nd ref='800364998' />
    <nd ref='800365002' />
    <nd ref='800365006' />
    <nd ref='800365012' />
    <nd ref='409701155' />
    <tag k='highway' v='path' />
    <tag k='surface' v='dirt' />
  </way>
  <way id='116017907' timestamp='2021-04-06T18:15:20Z' uid='1468043' user='jengelh' visible='true' version='8' changeset='102425770'>
    <nd ref='346773955' />
    <nd ref='2250164815' />
    <nd ref='346773959' />
    <nd ref='6074761484' />
    <nd ref='346773965' />
    <nd ref='434062769' />
    <nd ref='1309319054' />
    <nd ref='1309319058' />
    <nd ref='1309319044' />
    <nd ref='7009049743' />
    <nd ref='346773981' />
    <tag k='highway' v='service' />
    <tag k='lit' v='yes' />
    <tag k='sidewalk' v='left' />
    <tag k='surface' v='asphalt' />
  </way>
  <way id='116017908' timestamp='2022-09-12T15:14:26Z' uid='2573759' user='aeszter' visible='true' version='5' changeset='126095212'>
    <nd ref='1309319054' />
    <nd ref='1310655020' />
    <nd ref='1309319035' />
    <nd ref='1309319016' />
    <nd ref='1309319020' />
    <nd ref='1309319021' />
    <tag k='bicycle' v='permissive' />
    <tag k='foot' v='designated' />
    <tag k='highway' v='footway' />
    <tag k='lit' v='no' />
    <tag k='surface' v='asphalt' />
  </way>
  <way id='116017909' timestamp='2023-07-25T20:54:24Z' uid='1468043' user='jengelh' visible='true' version='4' changeset='139007904'>
    <nd ref='1309319053' />
    <nd ref='11067712251' />
    <nd ref='1309319044' />
    <tag k='highway' v='footway' />
    <tag k='lit' v='yes' />
    <tag k='surface' v='paving_stones' />
  </way>
  <way id='116017912' timestamp='2022-09-05T11:06:53Z' uid='2573759' user='aeszter' visible='true' version='4' changeset='125809496'>
    <nd ref='1309319071' />
    <nd ref='1309319067' />
    <nd ref='1309319062' />
    <nd ref='1309319059' />
    <nd ref='1309319058' />
    <tag k='bicycle' v='permissive' />
    <tag k='foot' v='designated' />
    <tag k='highway' v='footway' />
    <tag k='lit' v='yes' />
    <tag k='surface' v='paving_stones' />
  </way>
  <way id='158565816' timestamp='2020-10-04T22:29:01Z' uid='1468043' user='jengelh' visible='true' version='7' changeset='91947868'>
    <nd ref='1707439293' />
    <nd ref='1707439296' />
    <nd ref='1707439294' />
    <nd ref='1707439313' />
    <nd ref='2250383170' />
    <nd ref='1707439334' />
    <nd ref='2250383171' />
    <nd ref='4193371543' />
    <nd ref='4193371541' />
    <nd ref='2250383173' />
    <nd ref='2250383177' />
    <nd ref='1707439293' />
    <tag k='building' v='residential' />
    <tag k='description' v='Gästewohnungen' />
  </way>
  <way id='158565834' timestamp='2024-02-24T14:34:01Z' uid='1468043' user='jengelh' visible='true' version='8' changeset='147857774'>
    <nd ref='4090143936' />
    <nd ref='1707439540' />
    <nd ref='4090143938' />
    <nd ref='1707439557' />
    <nd ref='4090143940' />
    <nd ref='1707439562' />
    <nd ref='4090143941' />
    <nd ref='1707439570' />
    <nd ref='4090143942' />
    <nd ref='1707439589' />
    <nd ref='4090143943' />
    <nd ref='1707439610' />
    <nd ref='2502054141' />
    <nd ref='1707439539' />
    <nd ref='1707439533' />
    <nd ref='1707439515' />
    <nd ref='2502054092' />
    <nd ref='4090143933' />
    <nd ref='4090143935' />
    <nd ref='1707439534' />
    <nd ref='1707439535' />
    <nd ref='4090143936' />
    <tag k='addr:housenumber' v='11' />
    <tag k='addr:street' v='Am Faßberg' />
    <tag k='building' v='commercial' />
    <tag k='building:levels' v='2' />
    <tag k='name' v='Betriebstechnisches Labor' />
    <tag k='ref' v='BTL' />
    <tag k='roof:material' v='grass' />
    <tag k='roof:shape' v='flat' />
    <tag k='short_name' v='BTL' />
    <tag k='start_date' v='1989' />
  </way>
  <way id='158565837' timestamp='2024-12-06T13:54:09Z' uid='2573759' user='aeszter' visible='true' version='5' changeset='159995529'>
    <nd ref='1707439409' />
    <nd ref='1707439388' />
    <nd ref='1707439413' />
    <nd ref='1707439418' />
    <nd ref='1707439427' />
    <nd ref='11659701461' />
    <nd ref='1707439437' />
    <nd ref='1707439425' />
    <nd ref='1707439426' />
    <nd ref='1707439422' />
    <nd ref='1707439421' />
    <nd ref='1707439407' />
    <nd ref='1707439408' />
    <nd ref='1707439405' />
    <nd ref='1707439406' />
    <nd ref='1707439386' />
    <nd ref='1707439366' />
    <nd ref='1707439387' />
    <nd ref='1707439399' />
    <nd ref='1707439409' />
    <tag k='removed:building' v='yes' />
  </way>
  <way id='158565856' timestamp='2022-09-01T13:03:32Z' uid='2573759' user='aeszter' visible='true' version='4' changeset='125655668'>
    <nd ref='1707439498' />
    <nd ref='1707439479' />
    <nd ref='1707439489' />
    <nd ref='5829490821' />
    <nd ref='1707439509' />
    <nd ref='1707439498' />
    <tag k='building' v='warehouse' />
  </way>
  <way id='158565862' timestamp='2016-04-01T14:29:15Z' uid='16256' user='patzi' visible='true' version='6' changeset='38227435'>
    <nd ref='1707439325' />
    <nd ref='1707439333' />
    <nd ref='1707439326' />
    <nd ref='1707439295' />
    <nd ref='1707439325' />
    <tag k='building' v='yes' />
    <tag k='building:levels' v='1' />
    <tag k='power' v='substation' />
    <tag k='roof:shape' v='flat' />
    <tag k='substation' v='minor_distribution' />
  </way>
  <way id='158565867' timestamp='2024-02-24T14:34:01Z' uid='1468043' user='jengelh' visible='true' version='4' changeset='147857774'>
    <nd ref='1707439512' />
    <nd ref='1707439491' />
    <nd ref='1707439481' />
    <nd ref='1707439502' />
    <nd ref='1707439512' />
    <tag k='building' v='industrial' />
    <tag k='ref' v='ZK' />
    <tag k='source' v='www.mpibpc.mpg.de' />
  </way>
  <way id='158565868' timestamp='2024-02-24T14:34:01Z' uid='1468043' user='jengelh' visible='true' version='3' changeset='147857774'>
    <nd ref='1707439362' />
    <nd ref='1707439359' />
    <nd ref='1707439374' />
    <nd ref='1707439389' />
    <nd ref='1707439362' />
    <tag k='removed:building' v='yes' />
  </way>
  <way id='158565871' timestamp='2024-02-24T14:34:01Z' uid='1468043' user='jengelh' visible='true' version='3' changeset='147857774'>
    <nd ref='1707439400' />
    <nd ref='1707439375' />
    <nd ref='1707439367' />
    <nd ref='1707439390' />
    <nd ref='1707439400' />
    <tag k='removed:building' v='yes' />
  </way>
  <way id='158565874' timestamp='2019-11-25T17:21:50Z' uid='1468043' user='jengelh' visible='true' version='5' changeset='77536485'>
    <nd ref='1707439749' />
    <nd ref='1707439826' />
    <nd ref='1707439858' />
    <nd ref='1707439784' />
    <nd ref='7009049697' />
    <nd ref='7009049698' />
    <nd ref='1707439749' />
    <tag k='building' v='yes' />
    <tag k='building:levels' v='1' />
    <tag k='power' v='substation' />
    <tag k='ref' v='TS-T6' />
    <tag k='roof:shape' v='flat' />
    <tag k='substation' v='minor_distribution' />
  </way>
  <way id='158565885' timestamp='2024-02-24T14:34:01Z' uid='1468043' user='jengelh' visible='true' version='7' changeset='147857774'>
    <nd ref='3338172624' />
    <nd ref='1707439451' />
    <nd ref='11659701447' />
    <nd ref='1707439441' />
    <nd ref='11659701448' />
    <nd ref='3338172623' />
    <nd ref='11659701444' />
    <nd ref='3338172624' />
    <tag k='alt_name' v='Station Max-Planck-Gesellschaft' />
    <tag k='building' v='yes' />
    <tag k='name' v='Station MPG' />
    <tag k='power' v='substation' />
    <tag k='ref:PIZ' v='0794' />
    <tag k='substation' v='minor_distribution' />
    <tag k='survey:date' v='2015-02-06' />
  </way>
  <way id='176070459' timestamp='2012-08-14T20:37:40Z' uid='253212' user='jwu-chris' visible='true' version='1' changeset='12731497'>
    <nd ref='1866343967' />
    <nd ref='1866343969' />
    <nd ref='1866343981' />
    <nd ref='1866343937' />
    <nd ref='1866343974' />
    <nd ref='1866343973' />
    <nd ref='1866343975' />
    <nd ref='1866343978' />
    <nd ref='1866343976' />
    <nd ref='1866343977' />
    <nd ref='1866343979' />
    <tag k='highway' v='track' />
    <tag k='tracktype' v='grade4' />
  </way>
  <way id='194760873' timestamp='2024-12-06T13:54:09Z' uid='2573759' user='aeszter' visible='true' version='6' changeset='159995529'>
    <nd ref='3293438103' />
    <nd ref='3338172614' />
    <tag k='highway' v='footway' />
    <tag k='lit' v='yes' />
    <tag k='surface' v='paving_stones' />
  </way>
  <way id='215552857' timestamp='2026-07-24T14:10:49Z' uid='2725798' user='lesekaffee' visible='true' version='9' changeset='186297989'>
    <nd ref='5874096088' />
    <nd ref='5788034996' />
    <nd ref='2250164810' />
    <nd ref='5788035001' />
    <tag k='check_date' v='2026-07-24' />
    <tag k='construction' v='footway' />
    <tag k='highway' v='construction' />
    <tag k='surface' v='compacted' />
  </way>
  <way id='215552867' timestamp='2022-09-05T11:05:47Z' uid='2573759' user='aeszter' visible='true' version='2' changeset='125809352'>
    <nd ref='2250164815' />
    <nd ref='2250164816' />
    <tag k='highway' v='service' />
    <tag k='service' v='parking_aisle' />
    <tag k='surface' v='asphalt' />
  </way>
  <way id='215552869' timestamp='2024-04-24T19:30:13Z' uid='1468043' user='jengelh' visible='true' version='4' changeset='150464211'>
    <nd ref='2250164818' />
    <nd ref='11845330457' />
    <nd ref='11845330458' />
    <nd ref='11845330459' />
    <nd ref='11845330460' />
    <nd ref='11845330461' />
    <nd ref='11845330462' />
    <nd ref='11845330463' />
    <nd ref='11845330464' />
    <nd ref='11845330465' />
    <nd ref='11845330466' />
    <nd ref='11845330467' />
    <nd ref='11845330468' />
    <nd ref='2250164821' />
    <nd ref='11845330470' />
    <nd ref='2250164820' />
    <nd ref='11845330433' />
    <nd ref='11845330425' />
    <nd ref='11845330426' />
    <nd ref='11845330427' />
    <nd ref='11845330428' />
    <nd ref='11845330429' />
    <nd ref='11845330430' />
    <nd ref='11845330434' />
    <nd ref='11845330443' />
    <nd ref='11845330438' />
    <nd ref='11845330439' />
    <nd ref='11845330440' />
    <nd ref='11845330444' />
    <nd ref='2250164819' />
    <nd ref='11845330469' />
    <nd ref='2250164818' />
    <tag k='access' v='private' />
    <tag k='amenity' v='parking' />
    <tag k='capacity' v='24' />
    <tag k='orientation' v='perpendicular' />
    <tag k='parking' v='surface' />
    <tag k='surface' v='paving_stones' />
  </way>
  <way id='215552871' timestamp='2026-07-24T14:11:17Z' uid='2725798' user='lesekaffee' visible='true' version='6' changeset='186297989'>
    <nd ref='10044627464' />
    <nd ref='2250164822' />
    <nd ref='5788034997' />
    <nd ref='2250164823' />
    <tag k='check_date' v='2026-07-24' />
    <tag k='construction' v='footway' />
    <tag k='highway' v='construction' />
    <tag k='surface' v='gravel' />
  </way>
  <way id='220428123' timestamp='2024-04-24T19:30:13Z' uid='1468043' user='jengelh' visible='true' version='2' changeset='150464211'>
    <nd ref='2295507398' />
    <nd ref='2295507397' />
    <nd ref='2295507395' />
    <tag k='barrier' v='retaining_wall' />
  </way>
  <way id='242753213' action='modify' timestamp='2024-04-24T19:30:13Z' uid='1468043' user='jengelh' visible='true' version='8' changeset='150464211'>
    <nd ref='2502054132' />
    <nd ref='2502054137' />
    <nd ref='2502054091' />
    <nd ref='2502054088' />
    <nd ref='6074766694' />
    <nd ref='4090067210' />
    <nd ref='4090067204' />
    <nd ref='4090067205' />
    <nd ref='1707439465' />
    <nd ref='4090067195' />
    <nd ref='4090067193' />
    <nd ref='7009037226' />
    <nd ref='2502054038' />
    <nd ref='11845330416' />
    <nd ref='2502054041' />
    <nd ref='2502054049' />
    <nd ref='2502054058' />
    <nd ref='2502054056' />
    <nd ref='2502054076' />
    <nd ref='2502054086' />
    <nd ref='2502054090' />
    <nd ref='2502054112' />
    <nd ref='2502054101' />
    <nd ref='11845323507' />
    <nd ref='2502054108' />
    <nd ref='2502054128' />
    <nd ref='2502054149' />
    <nd ref='2502054139' />
    <nd ref='2502054144' />
    <nd ref='7009037215' />
    <nd ref='-32778' />
    <nd ref='-32783' />
    <nd ref='7009049711' />
    <nd ref='2502054132' />
    <tag k='building:levels' v='2' />
    <tag k='building:part' v='yes' />
    <tag k='roof:shape' v='flat' />
  </way>
  <way id='242753218' timestamp='2019-11-25T17:21:50Z' uid='1468043' user='jengelh' visible='true' version='4' changeset='77536485'>
    <nd ref='2502054036' />
    <nd ref='1707439330' />
    <nd ref='433971563' />
    <nd ref='7009037228' />
    <nd ref='433952689' />
    <nd ref='1707439364' />
    <nd ref='2502054045' />
    <nd ref='2502054036' />
    <tag k='building:levels' v='3' />
    <tag k='building:part' v='yes' />
    <tag k='name' v='Turm 1' />
    <tag k='ref' v='T1' />
    <tag k='ref:PIZ' v='0788' />
    <tag k='roof:shape' v='flat' />
  </way>
  <way id='242753219' timestamp='2019-11-25T17:21:50Z' uid='1468043' user='jengelh' visible='true' version='4' changeset='77536485'>
    <nd ref='2502054058' />
    <nd ref='2502054049' />
    <nd ref='2502054041' />
    <nd ref='2502054047' />
    <nd ref='7009037239' />
    <nd ref='2502054056' />
    <nd ref='2502054058' />
    <tag k='building:levels' v='4' />
    <tag k='building:part' v='yes' />
    <tag k='name' v='Turm 2' />
    <tag k='ref' v='T2' />
    <tag k='ref:PIZ' v='0790' />
    <tag k='roof:shape' v='flat' />
  </way>
  <way id='242753220' timestamp='2019-11-25T17:21:50Z' uid='1468043' user='jengelh' visible='true' version='4' changeset='77536485'>
    <nd ref='2502054086' />
    <nd ref='2502054076' />
    <nd ref='7009037240' />
    <nd ref='2502054054' />
    <nd ref='2502054074' />
    <nd ref='2502054082' />
    <nd ref='2502054086' />
    <tag k='building:levels' v='5' />
    <tag k='building:part' v='yes' />
    <tag k='name' v='Turm 3' />
    <tag k='ref' v='T3' />
    <tag k='ref:PIZ' v='0772' />
    <tag k='roof:shape' v='flat' />
  </way>
  <way id='242753221' timestamp='2019-11-25T17:21:50Z' uid='1468043' user='jengelh' visible='true' version='5' changeset='77536485'>
    <nd ref='2502054090' />
    <nd ref='2502054086' />
    <nd ref='2502054082' />
    <nd ref='2502054089' />
    <nd ref='2502054101' />
    <nd ref='2502054112' />
    <nd ref='2502054090' />
    <tag k='building:levels' v='4' />
    <tag k='building:part' v='yes' />
    <tag k='name' v='Turm 4' />
    <tag k='ref' v='T4' />
    <tag k='ref:PIZ' v='0773' />
    <tag k='roof:shape' v='flat' />
  </way>
  <way id='242753222' timestamp='2024-04-24T19:30:13Z' uid='1468043' user='jengelh' visible='true' version='4' changeset='150464211'>
    <nd ref='2502054108' />
    <nd ref='11845330122' />
    <nd ref='2502054103' />
    <nd ref='2502054122' />
    <nd ref='2502054139' />
    <nd ref='2502054149' />
    <nd ref='2502054128' />
    <nd ref='2502054108' />
    <tag k='building:levels' v='4' />
    <tag k='building:part' v='yes' />
    <tag k='name' v='Turm 5' />
    <tag k='ref' v='T5' />
    <tag k='ref:PIZ' v='0775' />
    <tag k='roof:shape' v='flat' />
  </way>
  <way id='242753223' timestamp='2022-04-08T09:02:25Z' uid='2551686' user='gausserrorfunction' visible='true' version='7' changeset='119460203'>
    <nd ref='434062775' />
    <nd ref='2052717732' />
    <nd ref='1707439643' />
    <nd ref='2502054161' />
    <nd ref='434062779' />
    <nd ref='7009049693' />
    <nd ref='7009049696' />
    <nd ref='434062776' />
    <nd ref='434062775' />
    <tag k='building:levels' v='5' />
    <tag k='building:part' v='yes' />
    <tag k='name' v='Turm 6' />
    <tag k='ref' v='T6' />
    <tag k='ref:PIZ' v='0757' />
    <tag k='roof:shape' v='flat' />
  </way>
  <way id='242753224' timestamp='2024-04-24T19:30:13Z' uid='1468043' user='jengelh' visible='true' version='5' changeset='150464211'>
    <nd ref='2502054147' />
    <nd ref='11845330308' />
    <nd ref='2502054143' />
    <nd ref='2502054134' />
    <nd ref='2502054146' />
    <nd ref='7009037218' />
    <nd ref='2502054147' />
    <tag k='building' v='container' />
    <tag k='building:levels' v='1' />
    <tag k='note' v='offices in a group of shipping containers' />
    <tag k='roof:shape' v='flat' />
  </way>
  <way id='242753225' timestamp='2024-02-24T14:34:01Z' uid='1468043' user='jengelh' visible='true' version='3' changeset='147857774'>
    <nd ref='2502054141' />
    <nd ref='4090143936' />
    <nd ref='1707439535' />
    <nd ref='1707439534' />
    <nd ref='4090143939' />
    <nd ref='4090143937' />
    <nd ref='4090143935' />
    <nd ref='4090143933' />
    <nd ref='1707439533' />
    <nd ref='1707439539' />
    <nd ref='2502054141' />
    <tag k='building:part' v='yes' />
    <tag k='roof:material' v='concrete' />
  </way>
  <way id='242753227' timestamp='2023-07-25T21:10:16Z' uid='1468043' user='jengelh' visible='true' version='8' changeset='139008565'>
    <nd ref='2502054026' />
    <nd ref='11067749979' />
    <nd ref='2502054032' />
    <nd ref='2503657501' />
    <nd ref='2502054034' />
    <nd ref='2502054039' />
    <nd ref='2502054043' />
    <nd ref='3885963769' />
    <nd ref='2502054050' />
    <nd ref='2502054052' />
    <nd ref='3885963784' />
    <tag k='highway' v='footway' />
    <tag k='smoothness' v='intermediate' />
    <tag k='source' v='bing' />
    <tag k='surface' v='compacted' />
  </way>
  <way id='253918008' timestamp='2026-02-06T20:13:38Z' uid='1468043' user='jengelh' visible='true' version='22' changeset='178204117'>
    <nd ref='2597825722' />
    <nd ref='1690082970' />
    <nd ref='11659701455' />
    <nd ref='11659701393' />
    <nd ref='11659701452' />
    <nd ref='5940417915' />
    <nd ref='11659701430' />
    <nd ref='11067750634' />
    <nd ref='1690082973' />
    <nd ref='11067750660' />
    <nd ref='1690082977' />
    <nd ref='7974992953' />
    <nd ref='240961917' />
    <nd ref='11067749980' />
    <nd ref='2052752559' />
    <nd ref='2052752566' />
    <nd ref='3885964384' />
    <nd ref='2052752553' />
    <nd ref='4111602050' />
    <nd ref='3885964387' />
    <nd ref='11067749992' />
    <nd ref='3885964388' />
    <nd ref='2503657531' />
    <nd ref='2503657528' />
    <nd ref='2597825726' />
    <nd ref='5842107349' />
    <nd ref='240961920' />
    <nd ref='3885963818' />
    <nd ref='2503657512' />
    <nd ref='2503657511' />
    <nd ref='2503657505' />
    <nd ref='240961922' />
    <nd ref='3885963780' />
    <nd ref='240961925' />
    <nd ref='2597825721' />
    <nd ref='3885963011' />
    <nd ref='3885963008' />
    <nd ref='2597825717' />
    <nd ref='2597825718' />
    <nd ref='3338172597' />
    <nd ref='2597825716' />
    <nd ref='3338172593' />
    <nd ref='3338062725' />
    <nd ref='2597825714' />
    <nd ref='3338062726' />
    <nd ref='3338062724' />
    <nd ref='3890700949' />
    <nd ref='2597825712' />
    <nd ref='4570458514' />
    <nd ref='2597825710' />
    <nd ref='7009037279' />
    <nd ref='2597825707' />
    <nd ref='8600071095' />
    <nd ref='8600071094' />
    <nd ref='8600071062' />
    <nd ref='1042728147' />
    <nd ref='8600071056' />
    <nd ref='1042728212' />
    <nd ref='11659701376' />
    <nd ref='7974992952' />
    <nd ref='7974992951' />
    <nd ref='7974992950' />
    <nd ref='7974992949' />
    <nd ref='1042728110' />
    <nd ref='2597825722' />
    <tag k='alt_name' v='Karl-Friedrich-Bonhoeffer-Institut' />
    <tag k='amenity' v='research_institute' />
    <tag k='architect' v='Walter Henn' />
    <tag k='contact:website' v='https://www.mpinat.mpg.de/' />
    <tag k='int_name' v='Max Planck Institute for Multidisciplinary Sciences' />
    <tag k='name' v='Max-Planck-Institut für Multidisziplinäre Naturwissenschaften' />
    <tag k='name:en' v='Max Planck Institute for Multidisciplinary Sciences' />
    <tag k='old_name' v='Max-Planck-Institut für biophysikalische Chemie' />
    <tag k='short_name' v='MPINAT' />
    <tag k='start_date' v='1971' />
    <tag k='wikidata' v='Q836125' />
    <tag k='wikipedia' v='de:Max-Planck-Institut für Multidisziplinäre Naturwissenschaften' />
  </way>
  <way id='300701151' timestamp='2018-09-30T10:21:13Z' uid='1468043' user='jengelh' visible='true' version='2' changeset='63059230'>
    <nd ref='2052752560' />
    <nd ref='3048097306' />
    <nd ref='3048097307' />
    <nd ref='3048097308' />
    <nd ref='3048097309' />
    <nd ref='3048097310' />
    <nd ref='3048097311' />
    <nd ref='3048097312' />
    <nd ref='3048097313' />
    <nd ref='3048097314' />
    <nd ref='3048097315' />
    <nd ref='3048097316' />
    <nd ref='1500272807' />
    <tag k='highway' v='path' />
  </way>
  <way id='322569733' timestamp='2022-09-05T15:18:40Z' uid='2573759' user='aeszter' visible='true' version='4' changeset='125819921'>
    <nd ref='3293438099' />
    <nd ref='3338172613' />
    <tag k='handrail' v='yes' />
    <tag k='highway' v='steps' />
    <tag k='incline' v='up' />
    <tag k='ramp' v='no' />
  </way>
  <way id='322569735' timestamp='2022-09-12T15:13:32Z' uid='2573759' user='aeszter' visible='true' version='3' changeset='126095212'>
    <nd ref='3293438107' />
    <nd ref='3293438102' />
    <nd ref='3293438099' />
    <nd ref='3293438100' />
    <tag k='highway' v='footway' />
    <tag k='lit' v='no' />
    <tag k='surface' v='paving_stones' />
  </way>
  <way id='327100260' timestamp='2024-04-24T19:30:13Z' uid='1468043' user='jengelh' visible='true' version='6' changeset='150464211'>
    <nd ref='3338172626' />
    <nd ref='3338172625' />
    <nd ref='11845330291' />
    <nd ref='11845330292' />
    <nd ref='11845330293' />
    <nd ref='11845330294' />
    <nd ref='11845330295' />
    <nd ref='3338172627' />
    <nd ref='3338172630' />
    <nd ref='11845330270' />
    <nd ref='3338172633' />
    <nd ref='11845330268' />
    <nd ref='3338172635' />
    <nd ref='3338172638' />
    <nd ref='3338172642' />
    <nd ref='3338172649' />
    <nd ref='3338172651' />
    <nd ref='3338172653' />
    <nd ref='3338172655' />
    <nd ref='3338172657' />
    <nd ref='3338172656' />
    <nd ref='3338172654' />
    <nd ref='3338172652' />
    <nd ref='3338172650' />
    <nd ref='11845330264' />
    <nd ref='3338172644' />
    <nd ref='11845330272' />
    <nd ref='11845330273' />
    <nd ref='11845330274' />
    <nd ref='11845330275' />
    <nd ref='11845330276' />
    <nd ref='11845330277' />
    <nd ref='11845330278' />
    <nd ref='3338172631' />
    <nd ref='3338172628' />
    <nd ref='11845330285' />
    <nd ref='11845330284' />
    <nd ref='11845330283' />
    <nd ref='11845330282' />
    <nd ref='11845330281' />
    <nd ref='11845330280' />
    <nd ref='11845330279' />
    <nd ref='3338172637' />
    <nd ref='11845330265' />
    <nd ref='3338172640' />
    <nd ref='11845330263' />
    <nd ref='11845330262' />
    <nd ref='3338172646' />
    <nd ref='3338172648' />
    <nd ref='3338172647' />
    <nd ref='11845330266' />
    <nd ref='3338172643' />
    <nd ref='3338172641' />
    <nd ref='3338172639' />
    <nd ref='11845330267' />
    <nd ref='3338172636' />
    <nd ref='3338172634' />
    <nd ref='11845330269' />
    <nd ref='3338172632' />
    <nd ref='11845330271' />
    <nd ref='3338172629' />
    <nd ref='11845330290' />
    <nd ref='11845330289' />
    <nd ref='11845330288' />
    <nd ref='11845330287' />
    <nd ref='11845330286' />
    <nd ref='3338172626' />
    <tag k='access' v='customers' />
    <tag k='amenity' v='parking' />
    <tag k='capacity' v='32' />
    <tag k='fee' v='no' />
    <tag k='orientation' v='perpendicular' />
    <tag k='parking' v='street_side' />
    <tag k='surface' v='paving_stones' />
  </way>
  <way id='327100262' timestamp='2024-04-24T19:30:13Z' uid='1468043' user='jengelh' visible='true' version='4' changeset='150464211'>
    <nd ref='3338172621' />
    <nd ref='3338172618' />
    <nd ref='11598481957' />
    <nd ref='11598481958' />
    <nd ref='11598481959' />
    <nd ref='11598481960' />
    <nd ref='11598481961' />
    <nd ref='11598481962' />
    <nd ref='11598481963' />
    <nd ref='11598481964' />
    <nd ref='3338172611' />
    <nd ref='3338172610' />
    <nd ref='11598481956' />
    <nd ref='11598481955' />
    <nd ref='11598481954' />
    <nd ref='11598481953' />
    <nd ref='11598481952' />
    <nd ref='11598481951' />
    <nd ref='11598481950' />
    <nd ref='11598481949' />
    <nd ref='3338172616' />
    <nd ref='3338172617' />
    <nd ref='11598481947' />
    <nd ref='3338172620' />
    <nd ref='3338172622' />
    <nd ref='11598481948' />
    <nd ref='3338172621' />
    <tag k='access' v='customers' />
    <tag k='amenity' v='parking' />
    <tag k='capacity' v='11' />
    <tag k='fee' v='no' />
    <tag k='orientation' v='perpendicular' />
    <tag k='parking' v='street_side' />
  </way>
  <way id='327100263' timestamp='2022-09-08T11:29:01Z' uid='2573759' user='aeszter' visible='true' version='2' changeset='125938768'>
    <nd ref='1309341039' />
    <nd ref='3338172599' />
    <nd ref='3338172600' />
    <nd ref='3338172605' />
    <nd ref='1309341039' />
    <tag k='amenity' v='bicycle_parking' />
    <tag k='bicycle_parking' v='stands' />
    <tag k='capacity' v='48' />
    <tag k='capacity:note' v='24 stands; per_capacity=2' />
    <tag k='covered' v='partial' />
  </way>
  <way id='327100268' timestamp='2024-02-24T14:34:01Z' uid='1468043' user='jengelh' visible='true' version='5' changeset='147857774'>
    <nd ref='3338172623' />
    <nd ref='1707439466' />
    <nd ref='1707439461' />
    <nd ref='11659701443' />
    <nd ref='1707439471' />
    <nd ref='11659701403' />
    <nd ref='1707439490' />
    <nd ref='1707439474' />
    <nd ref='1707439480' />
    <nd ref='3338172624' />
    <nd ref='11659701444' />
    <nd ref='3338172623' />
    <tag k='building' v='industrial' />
    <tag k='name' v='Energiezentrale' />
    <tag k='ref' v='EZ' />
    <tag k='ref:PIZ' v='0794' />
    <tag k='short_name' v='EZ' />
    <tag k='source' v='www.mpibpc.mpg.de' />
  </way>
  <way id='327100269' timestamp='2023-08-25T11:19:57Z' uid='2573759' user='aeszter' visible='true' version='4' changeset='140367235'>
    <nd ref='3293438106' />
    <nd ref='3338172614' />
    <tag k='handrail' v='yes' />
    <tag k='highway' v='steps' />
    <tag k='incline' v='up' />
    <tag k='ramp' v='no' />
    <tag k='step_count' v='7' />
  </way>
  <way id='327100270' timestamp='2015-02-08T16:21:24Z' uid='1468043' user='jengelh' visible='true' version='1' changeset='28705650'>
    <nd ref='3338172612' />
    <nd ref='3338172613' />
    <tag k='highway' v='footway' />
  </way>
  <way id='327100272' timestamp='2015-02-08T16:21:24Z' uid='1468043' user='jengelh' visible='true' version='1' changeset='28705650'>
    <nd ref='3293438106' />
    <nd ref='3338172612' />
    <nd ref='3293438104' />
    <tag k='highway' v='footway' />
  </way>
  <way id='354598838' timestamp='2023-08-23T10:47:33Z' uid='2573759' user='aeszter' visible='true' version='5' changeset='140269454'>
    <nd ref='258348371' />
    <nd ref='3602775444' />
    <nd ref='2519259990' />
    <nd ref='2519259989' />
    <nd ref='3602775447' />
    <nd ref='3602775448' />
    <nd ref='258348372' />
    <nd ref='3602775449' />
    <nd ref='258348373' />
    <nd ref='258348374' />
    <nd ref='3602831971' />
    <nd ref='258348375' />
    <nd ref='3602831972' />
    <nd ref='3602831973' />
    <nd ref='258348376' />
    <nd ref='3602831974' />
    <nd ref='2519259988' />
    <nd ref='2519259987' />
    <nd ref='3602831975' />
    <nd ref='258348377' />
    <nd ref='2519259985' />
    <nd ref='2519259986' />
    <nd ref='258348378' />
    <tag k='check_date:surface' v='2022-10-26' />
    <tag k='highway' v='track' />
    <tag k='maxspeed' v='30' />
    <tag k='motor_vehicle' v='no' />
    <tag k='name' v='Billingshäuser Schlucht' />
    <tag k='smoothness' v='intermediate' />
    <tag k='surface' v='asphalt' />
    <tag k='tracktype' v='grade1' />
    <tag k='traffic_sign' v='DE:260, DE:1026-37' />
  </way>
  <way id='385239834' timestamp='2024-04-24T19:30:13Z' uid='1468043' user='jengelh' visible='true' version='3' changeset='150464211'>
    <nd ref='3885936719' />
    <nd ref='11845330091' />
    <nd ref='11845330092' />
    <nd ref='11845330093' />
    <nd ref='11845330094' />
    <nd ref='11845330095' />
    <nd ref='11845330096' />
    <nd ref='11845330097' />
    <nd ref='11845330098' />
    <nd ref='11845330099' />
    <nd ref='11845330109' />
    <nd ref='11845330110' />
    <nd ref='11845330090' />
    <nd ref='11845330089' />
    <nd ref='11845330088' />
    <nd ref='11845330087' />
    <nd ref='11845330086' />
    <nd ref='11845330085' />
    <nd ref='11845330084' />
    <nd ref='3885963771' />
    <nd ref='11845330083' />
    <nd ref='11845330082' />
    <nd ref='3885936717' />
    <tag k='barrier' v='retaining_wall' />
    <tag k='source' v='hi-res aerial imagery' />
  </way>
  <way id='385239835' timestamp='2024-04-24T19:30:13Z' uid='1468043' user='jengelh' visible='true' version='5' changeset='150464211'>
    <nd ref='3885936718' />
    <nd ref='3885936719' />
    <nd ref='11845330091' />
    <nd ref='11845330092' />
    <nd ref='11845330093' />
    <nd ref='11845330094' />
    <nd ref='11845330095' />
    <nd ref='11845330096' />
    <nd ref='11845330097' />
    <nd ref='11845330098' />
    <nd ref='11845330099' />
    <nd ref='11845330109' />
    <nd ref='11845330110' />
    <nd ref='11845330090' />
    <nd ref='11845330089' />
    <nd ref='11845330088' />
    <nd ref='11845330087' />
    <nd ref='11845330086' />
    <nd ref='11845330085' />
    <nd ref='11845330084' />
    <nd ref='3885963771' />
    <nd ref='11845330083' />
    <nd ref='11845330082' />
    <nd ref='3885936717' />
    <nd ref='3885963766' />
    <nd ref='3885936716' />
    <nd ref='11845330073' />
    <nd ref='11845330074' />
    <nd ref='11845330075' />
    <nd ref='11845330076' />
    <nd ref='11845330077' />
    <nd ref='11845330078' />
    <nd ref='11845330079' />
    <nd ref='11845330080' />
    <nd ref='11845330081' />
    <nd ref='11845330111' />
    <nd ref='11845330112' />
    <nd ref='11845330108' />
    <nd ref='11845330107' />
    <nd ref='11845330106' />
    <nd ref='11845330105' />
    <nd ref='11845330104' />
    <nd ref='11845330103' />
    <nd ref='11845330102' />
    <nd ref='11845330101' />
    <nd ref='11845330100' />
    <nd ref='3885936718' />
    <tag k='access' v='customers' />
    <tag k='amenity' v='parking' />
    <tag k='capacity' v='20' />
    <tag k='fee' v='no' />
    <tag k='parking' v='surface' />
    <tag k='source' v='hi-res aerial imagery' />
    <tag k='surface' v='paved' />
  </way>
  <way id='385239836' timestamp='2024-04-24T19:30:13Z' uid='1468043' user='jengelh' visible='true' version='4' changeset='150464211'>
    <nd ref='3885936704' />
    <nd ref='3885936699' />
    <nd ref='11845330055' />
    <nd ref='11845330056' />
    <nd ref='11845330057' />
    <nd ref='11845330058' />
    <nd ref='11845330059' />
    <nd ref='11845330060' />
    <nd ref='11845330061' />
    <nd ref='11845330070' />
    <nd ref='11845330069' />
    <nd ref='11845330054' />
    <nd ref='11845330053' />
    <nd ref='11845330052' />
    <nd ref='11845330051' />
    <nd ref='11845330050' />
    <nd ref='3885936713' />
    <nd ref='11845330049' />
    <nd ref='11845330048' />
    <nd ref='11845330047' />
    <nd ref='11845330046' />
    <nd ref='11845330045' />
    <nd ref='3885936714' />
    <nd ref='3885936715' />
    <nd ref='11845330035' />
    <nd ref='11845330036' />
    <nd ref='11845330037' />
    <nd ref='11845330038' />
    <nd ref='11845330039' />
    <nd ref='11845330040' />
    <nd ref='11845330041' />
    <nd ref='11845330042' />
    <nd ref='11845330043' />
    <nd ref='11845330044' />
    <nd ref='11845330072' />
    <nd ref='11845330071' />
    <nd ref='11845330068' />
    <nd ref='11845330067' />
    <nd ref='11845330066' />
    <nd ref='11845330065' />
    <nd ref='11845330064' />
    <nd ref='11845330063' />
    <nd ref='11845330062' />
    <nd ref='3885936704' />
    <tag k='access' v='customers' />
    <tag k='amenity' v='parking' />
    <tag k='capacity' v='19' />
    <tag k='fee' v='no' />
    <tag k='parking' v='surface' />
    <tag k='source' v='hi-res aerial imagery' />
    <tag k='surface' v='paved' />
  </way>
  <way id='385239837' timestamp='2024-02-08T14:28:12Z' uid='1468043' user='jengelh' visible='true' version='5' changeset='147220321'>
    <nd ref='3885936698' />
    <nd ref='3885936696' />
    <nd ref='11067723750' />
    <nd ref='11067723749' />
    <nd ref='11067723748' />
    <nd ref='11067723747' />
    <nd ref='11067723746' />
    <nd ref='11067723745' />
    <nd ref='11067723744' />
    <nd ref='11067723731' />
    <nd ref='11067723730' />
    <nd ref='11067723729' />
    <nd ref='11067723728' />
    <nd ref='11067723727' />
    <nd ref='11067723726' />
    <nd ref='3885936700' />
    <nd ref='3885936705' />
    <nd ref='11067723732' />
    <nd ref='11067723733' />
    <nd ref='11067723734' />
    <nd ref='11067723735' />
    <nd ref='11067723736' />
    <nd ref='3885936702' />
    <nd ref='11067723743' />
    <nd ref='11067723742' />
    <nd ref='11067723741' />
    <nd ref='11067723740' />
    <nd ref='11067723739' />
    <nd ref='11067723738' />
    <nd ref='11067723737' />
    <nd ref='3885936698' />
    <tag k='access' v='customers' />
    <tag k='amenity' v='parking' />
    <tag k='capacity' v='13' />
    <tag k='fee' v='no' />
    <tag k='orientation' v='perpendicular' />
    <tag k='parking' v='street_side' />
    <tag k='surface' v='paved' />
  </way>
  <way id='385239838' timestamp='2024-04-24T19:30:13Z' uid='1468043' user='jengelh' visible='true' version='4' changeset='150464211'>
    <nd ref='3885936713' />
    <nd ref='11845330050' />
    <nd ref='11845330051' />
    <nd ref='11845330052' />
    <nd ref='11845330053' />
    <nd ref='11845330054' />
    <nd ref='11845330069' />
    <nd ref='11845330070' />
    <nd ref='11845330061' />
    <nd ref='11845330060' />
    <nd ref='11845330059' />
    <nd ref='11845330058' />
    <nd ref='11845330057' />
    <nd ref='11845330056' />
    <nd ref='11845330055' />
    <nd ref='3885936699' />
    <nd ref='3885936697' />
    <nd ref='3885936695' />
    <nd ref='3885936696' />
    <nd ref='3885936698' />
    <nd ref='11067723737' />
    <nd ref='11067723738' />
    <nd ref='11067723739' />
    <nd ref='11067723740' />
    <nd ref='11067723741' />
    <nd ref='11067723742' />
    <nd ref='11067723743' />
    <nd ref='3885936702' />
    <nd ref='11067712239' />
    <nd ref='3885936711' />
    <nd ref='3885936713' />
    <tag k='natural' v='scrub' />
    <tag k='source' v='hi-res aerial imagery' />
  </way>
  <way id='385239839' timestamp='2024-04-24T19:30:13Z' uid='1468043' user='jengelh' visible='true' version='5' changeset='150464211'>
    <nd ref='3885936701' />
    <nd ref='3885936703' />
    <nd ref='3885936706' />
    <nd ref='11845330113' />
    <nd ref='11845330114' />
    <nd ref='11845330115' />
    <nd ref='11845330116' />
    <nd ref='3885936710' />
    <nd ref='3885936712' />
    <nd ref='11845330120' />
    <nd ref='11845330119' />
    <nd ref='11845330118' />
    <nd ref='11845330117' />
    <nd ref='3885936709' />
    <nd ref='3885936708' />
    <nd ref='3885936707' />
    <nd ref='3885936701' />
    <tag k='access' v='customers' />
    <tag k='amenity' v='parking' />
    <tag k='capacity' v='7' />
    <tag k='capacity:disabled' v='2' />
    <tag k='fee' v='no' />
    <tag k='orientation' v='perpendicular' />
    <tag k='parking' v='street_side' />
    <tag k='surface' v='paved' />
  </way>
  <way id='385241963' timestamp='2024-04-24T19:30:13Z' uid='1468043' user='jengelh' visible='true' version='4' changeset='150464211'>
    <nd ref='3885963822' />
    <nd ref='11845330216' />
    <nd ref='11845330215' />
    <nd ref='11845330214' />
    <nd ref='11845330213' />
    <nd ref='11845330212' />
    <nd ref='11845330211' />
    <nd ref='11845330210' />
    <nd ref='11845330209' />
    <nd ref='3885963827' />
    <nd ref='11845330200' />
    <nd ref='3885963828' />
    <nd ref='11845330197' />
    <nd ref='11845330236' />
    <nd ref='11845330230' />
    <nd ref='11845330229' />
    <nd ref='11845330228' />
    <nd ref='11845330227' />
    <nd ref='11845330226' />
    <nd ref='11845330237' />
    <nd ref='11845330222' />
    <nd ref='11845330219' />
    <nd ref='11845330218' />
    <nd ref='11845330223' />
    <nd ref='3885963831' />
    <nd ref='11845330240' />
    <nd ref='11845330241' />
    <nd ref='11845330242' />
    <nd ref='11845330243' />
    <nd ref='11845330248' />
    <nd ref='11845330260' />
    <nd ref='11845330255' />
    <nd ref='11845330256' />
    <nd ref='11845330257' />
    <nd ref='11845330258' />
    <nd ref='11845330259' />
    <nd ref='3885963835' />
    <nd ref='3885963837' />
    <nd ref='11845330152' />
    <nd ref='3885963839' />
    <nd ref='11845330150' />
    <nd ref='3885963841' />
    <nd ref='11845330148' />
    <nd ref='3885963843' />
    <nd ref='3885963848' />
    <nd ref='3885963847' />
    <nd ref='11845330149' />
    <nd ref='3885963846' />
    <nd ref='11845330151' />
    <nd ref='3885963844' />
    <nd ref='3885963842' />
    <nd ref='3885963840' />
    <nd ref='11845330254' />
    <nd ref='11845330253' />
    <nd ref='11845330252' />
    <nd ref='11845330251' />
    <nd ref='11845330250' />
    <nd ref='11845330261' />
    <nd ref='11845330249' />
    <nd ref='11845330247' />
    <nd ref='11845330246' />
    <nd ref='11845330245' />
    <nd ref='11845330244' />
    <nd ref='3885963832' />
    <nd ref='11845330224' />
    <nd ref='11845330220' />
    <nd ref='11845330221' />
    <nd ref='11845330225' />
    <nd ref='11845330238' />
    <nd ref='11845330231' />
    <nd ref='11845330232' />
    <nd ref='11845330233' />
    <nd ref='11845330234' />
    <nd ref='11845330235' />
    <nd ref='11845330239' />
    <nd ref='11845330198' />
    <nd ref='3885963829' />
    <nd ref='11845330199' />
    <nd ref='11845330217' />
    <nd ref='11845330201' />
    <nd ref='11845330202' />
    <nd ref='11845330203' />
    <nd ref='11845330204' />
    <nd ref='11845330205' />
    <nd ref='11845330206' />
    <nd ref='11845330207' />
    <nd ref='11845330208' />
    <nd ref='3885963826' />
    <nd ref='3885963822' />
    <tag k='access' v='customers' />
    <tag k='amenity' v='parking' />
    <tag k='capacity' v='38' />
    <tag k='fee' v='no' />
    <tag k='orientation' v='perpendicular' />
    <tag k='parking' v='street_side' />
    <tag k='source' v='hi-res aerial imagery' />
    <tag k='surface' v='paving_stones' />
  </way>
  <way id='385241967' timestamp='2022-09-09T14:14:00Z' uid='2573759' user='aeszter' visible='true' version='3' changeset='125983669'>
    <nd ref='3885963777' />
    <nd ref='3885963783' />
    <nd ref='3885963785' />
    <nd ref='3885963781' />
    <nd ref='3885963777' />
    <tag k='leisure' v='pitch' />
    <tag k='lit' v='no' />
    <tag k='source' v='hi-res aerial imagery' />
    <tag k='sport' v='beachvolleyball' />
    <tag k='surface' v='sand' />
  </way>
  <way id='385241972' timestamp='2024-04-24T19:30:13Z' uid='1468043' user='jengelh' visible='true' version='2' changeset='150464211'>
    <nd ref='3885936717' />
    <nd ref='3885963766' />
    <nd ref='3885963762' />
    <nd ref='3885963767' />
    <nd ref='3885963772' />
    <nd ref='3885963771' />
    <nd ref='11845330083' />
    <nd ref='11845330082' />
    <nd ref='3885936717' />
    <tag k='natural' v='scrub' />
    <tag k='source' v='hi-res aerial imagery' />
  </way>
  <way id='385241973' timestamp='2025-07-07T16:10:26Z' uid='2573759' user='aeszter' visible='true' version='10' changeset='168613066'>
    <nd ref='11067750001' />
    <nd ref='11067750608' />
    <nd ref='11067750607' />
    <nd ref='8685895055' />
    <nd ref='8685895054' />
    <nd ref='11067750000' />
    <nd ref='2597825726' />
    <nd ref='5842107349' />
    <nd ref='240961920' />
    <nd ref='3885963818' />
    <nd ref='2503657512' />
    <nd ref='2503657511' />
    <nd ref='2503657505' />
    <nd ref='240961922' />
    <nd ref='3885963780' />
    <nd ref='3885963761' />
    <nd ref='3885963050' />
    <nd ref='3885963018' />
    <nd ref='2503657498' />
    <nd ref='2503657493' />
    <nd ref='2503657494' />
    <nd ref='2503657499' />
    <nd ref='10073388512' />
    <nd ref='11845329987' />
    <nd ref='1310673182' />
    <nd ref='11845329983' />
    <nd ref='2503657497' />
    <nd ref='10073388466' />
    <nd ref='3885963026' />
    <nd ref='1707439273' />
    <nd ref='3885963034' />
    <nd ref='3885963040' />
    <nd ref='3885963757' />
    <nd ref='3885963051' />
    <nd ref='1707439358' />
    <nd ref='1707439350' />
    <nd ref='1707439383' />
    <nd ref='1707439384' />
    <nd ref='1707439397' />
    <nd ref='1707439363' />
    <nd ref='1707439412' />
    <nd ref='12985847757' />
    <nd ref='3885963764' />
    <nd ref='3885963767' />
    <nd ref='3885963772' />
    <nd ref='3885963771' />
    <nd ref='11845330084' />
    <nd ref='11845330085' />
    <nd ref='11845330086' />
    <nd ref='11845330087' />
    <nd ref='11845330088' />
    <nd ref='11845330089' />
    <nd ref='11845330090' />
    <nd ref='11845330110' />
    <nd ref='11845330109' />
    <nd ref='11845330099' />
    <nd ref='11845330098' />
    <nd ref='11845330097' />
    <nd ref='11845330096' />
    <nd ref='11845330095' />
    <nd ref='11845330094' />
    <nd ref='11845330093' />
    <nd ref='11845330092' />
    <nd ref='11845330091' />
    <nd ref='3885936719' />
    <nd ref='434062761' />
    <nd ref='434062765' />
    <nd ref='434062766' />
    <nd ref='434062763' />
    <nd ref='3885963788' />
    <nd ref='3885963790' />
    <nd ref='2502054110' />
    <nd ref='2502054117' />
    <nd ref='2502054116' />
    <nd ref='2502054119' />
    <nd ref='2502054118' />
    <nd ref='2502054121' />
    <nd ref='2502054120' />
    <nd ref='2502054133' />
    <nd ref='2502054130' />
    <nd ref='2502054136' />
    <nd ref='2502054135' />
    <nd ref='2502054140' />
    <nd ref='2502054138' />
    <nd ref='434062792' />
    <nd ref='11067749933' />
    <nd ref='11067749932' />
    <nd ref='6695031897' />
    <nd ref='3885963813' />
    <nd ref='10004365471' />
    <nd ref='6695031892' />
    <nd ref='10004365467' />
    <nd ref='11845330153' />
    <nd ref='11845330154' />
    <nd ref='11845330155' />
    <nd ref='11845330156' />
    <nd ref='11845330157' />
    <nd ref='11845330158' />
    <nd ref='11845330159' />
    <nd ref='11845330160' />
    <nd ref='3885963817' />
    <nd ref='3885963826' />
    <nd ref='11845330208' />
    <nd ref='11845330207' />
    <nd ref='11845330206' />
    <nd ref='11845330205' />
    <nd ref='11845330204' />
    <nd ref='11845330203' />
    <nd ref='11845330202' />
    <nd ref='11845330201' />
    <nd ref='11845330217' />
    <nd ref='11845330199' />
    <nd ref='3885963829' />
    <nd ref='11845330198' />
    <nd ref='11845330239' />
    <nd ref='11845330235' />
    <nd ref='11845330234' />
    <nd ref='11845330233' />
    <nd ref='11845330232' />
    <nd ref='11845330231' />
    <nd ref='11845330238' />
    <nd ref='11845330225' />
    <nd ref='11845330221' />
    <nd ref='11845330220' />
    <nd ref='11845330224' />
    <nd ref='3885963832' />
    <nd ref='11845330244' />
    <nd ref='11845330245' />
    <nd ref='11845330246' />
    <nd ref='11845330247' />
    <nd ref='11845330249' />
    <nd ref='11845330261' />
    <nd ref='11845330250' />
    <nd ref='11845330251' />
    <nd ref='11845330252' />
    <nd ref='11845330253' />
    <nd ref='11845330254' />
    <nd ref='3885963840' />
    <nd ref='3885963842' />
    <nd ref='3885963844' />
    <nd ref='11845330151' />
    <nd ref='3885963846' />
    <nd ref='11845330149' />
    <nd ref='3885963847' />
    <nd ref='3885963848' />
    <nd ref='3885963843' />
    <nd ref='11067750650' />
    <nd ref='11067750651' />
    <nd ref='11067749981' />
    <nd ref='11067750001' />
    <tag k='leisure' v='park' />
  </way>
  <way id='385241975' timestamp='2023-08-23T08:25:39Z' uid='2573759' user='aeszter' visible='true' version='10' changeset='140263168'>
    <nd ref='2502054105' />
    <nd ref='3885963793' />
    <nd ref='11067749976' />
    <nd ref='3885963791' />
    <nd ref='3885963789' />
    <nd ref='3885963792' />
    <nd ref='3885963794' />
    <nd ref='3885963795' />
    <nd ref='3885963802' />
    <nd ref='9985351183' />
    <nd ref='11067749975' />
    <nd ref='11067749974' />
    <nd ref='11067749973' />
    <nd ref='7009049708' />
    <nd ref='11067749972' />
    <nd ref='11067749971' />
    <nd ref='7009049707' />
    <nd ref='11067749970' />
    <nd ref='9985351182' />
    <nd ref='9985351181' />
    <nd ref='11067749969' />
    <nd ref='7009049706' />
    <nd ref='434062780' />
    <tag k='highway' v='footway' />
    <tag k='lit' v='no' />
    <tag k='smoothness' v='intermediate' />
    <tag k='surface' v='compacted' />
    <tag k='survey:date' v='2015-12-21' />
    <tag k='tracktype' v='grade3' />
  </way>
  <way id='385241976' timestamp='2023-08-17T13:29:15Z' uid='2573759' user='aeszter' visible='true' version='7' changeset='140013322'>
    <nd ref='3885963765' />
    <nd ref='3885963763' />
    <tag k='handrail' v='yes' />
    <tag k='highway' v='steps' />
    <tag k='incline' v='up' />
    <tag k='lit' v='yes' />
    <tag k='ramp' v='no' />
    <tag k='source' v='hi-res aerial imagery' />
    <tag k='step_count' v='23' />
    <tag k='surface' v='concrete' />
    <tag k='tactile_paving' v='no' />
  </way>
  <way id='385241977' timestamp='2022-09-01T13:05:14Z' uid='2573759' user='aeszter' visible='true' version='3' changeset='125655611'>
    <nd ref='3885963760' />
    <nd ref='3885963763' />
    <tag k='highway' v='footway' />
    <tag k='lit' v='yes' />
    <tag k='source' v='hi-res aerial imagery' />
    <tag k='surface' v='paving_stones' />
  </way>
  <way id='385241978' timestamp='2024-04-24T12:14:58Z' uid='2573759' user='aeszter' visible='true' version='8' changeset='150444114'>
    <nd ref='3885963845' />
    <nd ref='3885963851' />
    <tag k='highway' v='footway' />
    <tag k='lit' v='no' />
    <tag k='surface' v='fine_gravel' />
    <tag k='survey:date' v='2022-09-02' />
    <tag k='tracktype' v='grade3' />
  </way>
  <way id='385241979' timestamp='2022-09-09T14:14:25Z' uid='2573759' user='aeszter' visible='true' version='4' changeset='125983681'>
    <nd ref='3885963765' />
    <nd ref='3885963768' />
    <nd ref='3885963774' />
    <nd ref='3902840946' />
    <nd ref='3902840948' />
    <tag k='highway' v='footway' />
    <tag k='lit' v='no' />
    <tag k='surface' v='paving_stones' />
    <tag k='survey:date' v='2015-12-21' />
  </way>
  <way id='385241980' timestamp='2023-07-21T12:17:47Z' uid='2573759' user='aeszter' visible='true' version='4' changeset='138810567'>
    <nd ref='2502054043' />
    <nd ref='3885963758' />
    <nd ref='3885963056' />
    <tag k='highway' v='footway' />
    <tag k='lit' v='no' />
    <tag k='smoothness' v='intermediate' />
    <tag k='surface' v='gravel' />
  </way>
  <way id='385241982' timestamp='2018-11-08T12:47:45Z' uid='1468043' user='jengelh' visible='true' version='3' changeset='64291441'>
    <nd ref='3885963784' />
    <nd ref='3885963782' />
    <nd ref='3885963779' />
    <nd ref='3885963778' />
    <nd ref='3885963776' />
    <nd ref='3885963773' />
    <tag k='abandoned:highway' v='path' />
    <tag k='survey:date' v='2015-12-21' />
  </way>
  <way id='386933277' timestamp='2022-08-23T11:14:59Z' uid='2573759' user='aeszter' visible='true' version='5' changeset='125266088'>
    <nd ref='3902848460' />
    <nd ref='3902848459' />
    <nd ref='3902848461' />
    <nd ref='3902848462' />
    <nd ref='3902848460' />
    <tag k='amenity' v='bicycle_parking' />
    <tag k='bicycle_parking' v='wall_loops' />
    <tag k='capacity' v='12' />
    <tag k='covered' v='no' />
    <tag k='survey:date' v='2015-12-21' />
  </way>
  <way id='386933279' timestamp='2022-08-25T13:15:46Z' uid='2573759' user='aeszter' visible='true' version='3' changeset='125361943'>
    <nd ref='3902840934' />
    <nd ref='3902840933' />
    <nd ref='3902840935' />
    <nd ref='3902840937' />
    <nd ref='3902840934' />
    <tag k='amenity' v='bicycle_parking' />
    <tag k='bicycle_parking' v='stands' />
    <tag k='capacity' v='8' />
    <tag k='capacity:note' v='4 stands; per_capacity=2' />
    <tag k='covered' v='yes' />
    <tag k='survey:date' v='2015-12-21' />
  </way>
  <way id='386933280' timestamp='2022-08-23T11:13:57Z' uid='2573759' user='aeszter' visible='true' version='3' changeset='125266088'>
    <nd ref='3902848465' />
    <nd ref='3902848463' />
    <nd ref='3902848464' />
    <nd ref='3902848466' />
    <nd ref='3902848465' />
    <tag k='amenity' v='bicycle_parking' />
    <tag k='bicycle_parking' v='stands' />
    <tag k='building' v='roof' />
    <tag k='building:levels' v='1' />
    <tag k='capacity' v='10' />
    <tag k='covered' v='yes' />
    <tag k='roof:shape' v='flat' />
  </way>
  <way id='386933281' timestamp='2018-11-08T12:47:46Z' uid='1468043' user='jengelh' visible='true' version='2' changeset='64291441'>
    <nd ref='1707439260' />
    <nd ref='1707439259' />
    <nd ref='3902840936' />
    <nd ref='3902840939' />
    <nd ref='3902840940' />
    <nd ref='2052717669' />
    <nd ref='1707439260' />
    <tag k='building' v='roof' />
    <tag k='layer' v='1' />
    <tag k='survey:date' v='2015-12-21' />
  </way>
  <way id='386933282' timestamp='2022-09-01T13:11:36Z' uid='2573759' user='aeszter' visible='true' version='3' changeset='125655611'>
    <nd ref='3885963768' />
    <nd ref='3902840945' />
    <nd ref='3902840944' />
    <tag k='highway' v='footway' />
    <tag k='lit' v='no' />
    <tag k='surface' v='paving_stones' />
    <tag k='survey:date' v='2015-12-21' />
  </way>
  <way id='386933283' timestamp='2023-08-23T08:23:00Z' uid='2573759' user='aeszter' visible='true' version='6' changeset='140263168'>
    <nd ref='3885963784' />
    <nd ref='2502054087' />
    <nd ref='11067749978' />
    <nd ref='11067749977' />
    <nd ref='2502054105' />
    <tag k='highway' v='footway' />
    <tag k='lit' v='no' />
    <tag k='smoothness' v='intermediate' />
    <tag k='surface' v='gravel' />
    <tag k='survey:date' v='2015-12-21' />
    <tag k='tracktype' v='grade3' />
  </way>
  <way id='406972137' timestamp='2017-11-05T14:17:13Z' uid='1468043' user='jengelh' visible='true' version='2' changeset='53529416'>
    <nd ref='4090067192' />
    <nd ref='4090067190' />
    <nd ref='4090067189' />
    <nd ref='4090067191' />
    <nd ref='4090067192' />
    <tag k='building:levels' v='4' />
    <tag k='building:min_level' v='3' />
    <tag k='building:part' v='yes' />
    <tag k='roof:shape' v='flat' />
  </way>
  <way id='406972138' timestamp='2017-11-05T14:17:13Z' uid='1468043' user='jengelh' visible='true' version='2' changeset='53529416'>
    <nd ref='4090067217' />
    <nd ref='4090067216' />
    <nd ref='4090067214' />
    <nd ref='4090067215' />
    <nd ref='4090067217' />
    <tag k='building:levels' v='5' />
    <tag k='building:min_level' v='4' />
    <tag k='building:part' v='yes' />
    <tag k='roof:shape' v='flat' />
  </way>
  <way id='406972140' timestamp='2016-04-01T14:29:14Z' uid='16256' user='patzi' visible='true' version='1' changeset='38227435'>
    <nd ref='4090067211' />
    <nd ref='4090067209' />
    <nd ref='4090067212' />
    <nd ref='4090067213' />
    <nd ref='4090067211' />
    <tag k='building:levels' v='5' />
    <tag k='building:min_level' v='4' />
    <tag k='building:part' v='yes' />
  </way>
  <way id='406972141' timestamp='2023-11-13T12:24:15Z' uid='1468043' user='jengelh' visible='true' version='3' changeset='143968385'>
    <nd ref='4090067221' />
    <nd ref='4090067220' />
    <nd ref='4090067218' />
    <nd ref='4090067219' />
    <nd ref='4090067221' />
    <tag k='building:levels' v='6' />
    <tag k='building:material' v='wood' />
    <tag k='building:min_level' v='5' />
    <tag k='building:part' v='yes' />
    <tag k='roof:shape' v='flat' />
  </way>
  <way id='406972142' timestamp='2017-11-05T14:17:13Z' uid='1468043' user='jengelh' visible='true' version='2' changeset='53529416'>
    <nd ref='4090067198' />
    <nd ref='4090067196' />
    <nd ref='4090067194' />
    <nd ref='4090067197' />
    <nd ref='4090067198' />
    <tag k='building:levels' v='5' />
    <tag k='building:min_level' v='4' />
    <tag k='building:part' v='yes' />
    <tag k='roof:shape' v='flat' />
  </way>
  <way id='406972143' timestamp='2017-11-05T14:17:14Z' uid='1468043' user='jengelh' visible='true' version='2' changeset='53529416'>
    <nd ref='4090067208' />
    <nd ref='4090067206' />
    <nd ref='4090067207' />
    <nd ref='4090067202' />
    <nd ref='4090067199' />
    <nd ref='4090067201' />
    <nd ref='4090067200' />
    <nd ref='4090067203' />
    <nd ref='4090067208' />
    <tag k='building:levels' v='6' />
    <tag k='building:min_level' v='5' />
    <tag k='building:part' v='yes' />
    <tag k='roof:shape' v='flat' />
  </way>
  <way id='406977620' timestamp='2024-02-24T14:34:01Z' uid='1468043' user='jengelh' visible='true' version='2' changeset='147857774'>
    <nd ref='4090143907' />
    <nd ref='4090143903' />
    <nd ref='4090143899' />
    <nd ref='4090143898' />
    <nd ref='4090143900' />
    <nd ref='4090143902' />
    <nd ref='4090143904' />
    <nd ref='4090143906' />
    <nd ref='4090143910' />
    <nd ref='4090143912' />
    <nd ref='4090143914' />
    <nd ref='4090143918' />
    <nd ref='4090143922' />
    <nd ref='4090143924' />
    <nd ref='4090143926' />
    <nd ref='4090143928' />
    <nd ref='4090143930' />
    <nd ref='4090143932' />
    <nd ref='4090143931' />
    <nd ref='4090143927' />
    <nd ref='4090143923' />
    <nd ref='4090143919' />
    <nd ref='4090143915' />
    <nd ref='4090143911' />
    <nd ref='4090143907' />
    <tag k='end_date' v='2020..2021' />
    <tag k='removed:man_made' v='chimney' />
  </way>
  <way id='419220848' timestamp='2020-10-04T22:29:01Z' uid='1468043' user='jengelh' visible='true' version='3' changeset='91947868'>
    <nd ref='2250383177' />
    <nd ref='2250383175' />
    <nd ref='2250383174' />
    <nd ref='4193371539' />
    <nd ref='1707439281' />
    <nd ref='1707439269' />
    <nd ref='1707439275' />
    <nd ref='1707439278' />
    <nd ref='1707439289' />
    <nd ref='1707439293' />
    <nd ref='2250383177' />
    <tag k='building' v='residential' />
    <tag k='description' v='Gästewohnungen' />
  </way>
  <way id='419220858' timestamp='2016-05-18T11:00:33Z' uid='1468043' user='jengelh' visible='true' version='1' changeset='39397851'>
    <nd ref='2250383171' />
    <nd ref='1707439334' />
    <nd ref='2250383170' />
    <nd ref='4193371545' />
    <nd ref='2250383171' />
    <tag k='building' v='roof' />
    <tag k='source' v='hi-res aerial imagery' />
  </way>
  <way id='419220860' timestamp='2016-05-18T11:00:33Z' uid='1468043' user='jengelh' visible='true' version='1' changeset='39397851'>
    <nd ref='2250383174' />
    <nd ref='2250383175' />
    <nd ref='2250383177' />
    <nd ref='2250383173' />
    <nd ref='2250383174' />
    <tag k='building' v='roof' />
    <tag k='source' v='hi-res aerial imagery' />
  </way>
  <way id='419220861' timestamp='2016-05-18T11:00:33Z' uid='1468043' user='jengelh' visible='true' version='1' changeset='39397851'>
    <nd ref='4193371541' />
    <nd ref='4193371543' />
    <nd ref='4193371544' />
    <nd ref='4193371542' />
    <nd ref='4193371541' />
    <tag k='building' v='roof' />
    <tag k='source' v='hi-res aerial imagery' />
  </way>
  <way id='419220862' timestamp='2016-05-18T11:00:33Z' uid='1468043' user='jengelh' visible='true' version='1' changeset='39397851'>
    <nd ref='1707439281' />
    <nd ref='4193371539' />
    <nd ref='4193371540' />
    <nd ref='4193371538' />
    <nd ref='1707439281' />
    <tag k='building' v='roof' />
    <tag k='source' v='hi-res aerial imagery' />
  </way>
  <way id='422701152' timestamp='2022-10-08T15:45:13Z' uid='1468043' user='jengelh' visible='true' version='6' changeset='127208970'>
    <nd ref='4224353198' />
    <nd ref='4224353203' />
    <nd ref='4224353222' />
    <nd ref='4224353231' />
    <nd ref='4224353254' />
    <nd ref='4224353260' />
    <nd ref='4224353272' />
    <nd ref='4935441761' />
    <nd ref='4224353265' />
    <nd ref='4224353274' />
    <nd ref='4224353261' />
    <nd ref='4224353237' />
    <nd ref='4224353240' />
    <nd ref='4224353244' />
    <nd ref='4224353217' />
    <nd ref='4224353195' />
    <nd ref='4224352981' />
    <nd ref='4224352967' />
    <nd ref='4224352942' />
    <nd ref='4224353198' />
    <tag k='boundary' v='political' />
    <tag k='description' v='Wahllokal: Janusz-Korczak-Schule, Auf der Lieth 1' />
    <tag k='election:type' v='Wahlbezirk' />
    <tag k='election:year' v='2021' />
    <tag k='name' v='Nikolausberg 1' />
    <tag k='political' v='election' />
    <tag k='ref' v='114' />
    <tag k='type' v='boundary' />
  </way>
  <way id='422701153' timestamp='2022-10-08T15:45:13Z' uid='1468043' user='jengelh' visible='true' version='5' changeset='127208970'>
    <nd ref='4224353217' />
    <nd ref='4224353244' />
    <nd ref='4224353240' />
    <nd ref='4224353237' />
    <nd ref='4224353261' />
    <nd ref='4224353274' />
    <nd ref='4224353265' />
    <nd ref='4935441761' />
    <nd ref='4224353272' />
    <nd ref='4224353282' />
    <nd ref='4224353306' />
    <nd ref='4224353320' />
    <nd ref='4224353334' />
    <nd ref='4224353335' />
    <nd ref='4224353327' />
    <nd ref='4224353307' />
    <nd ref='8948902727' />
    <nd ref='8948902726' />
    <nd ref='4224353195' />
    <nd ref='4224353217' />
    <tag k='boundary' v='political' />
    <tag k='description' v='Wahllokal: Janusz-Korczak-Schule, Auf der Lieth 1' />
    <tag k='election:type' v='Wahlbezirk' />
    <tag k='election:year' v='2021' />
    <tag k='name' v='Nikolausberg 2' />
    <tag k='political' v='election' />
    <tag k='ref' v='115' />
    <tag k='type' v='boundary' />
  </way>
  <way id='452060090' timestamp='2024-04-24T19:30:13Z' uid='1468043' user='jengelh' visible='true' version='9' changeset='150464211'>
    <nd ref='4488600966' />
    <nd ref='4488600967' />
    <nd ref='11845323505' />
    <nd ref='4488600968' />
    <nd ref='4488600969' />
    <nd ref='11845323506' />
    <nd ref='4488600970' />
    <nd ref='4488600971' />
    <nd ref='4488600966' />
    <tag k='addr:city' v='Göttingen' />
    <tag k='addr:housenumber' v='17' />
    <tag k='addr:postcode' v='37077' />
    <tag k='addr:street' v='Am Faßberg' />
    <tag k='addr:suburb' v='Nikolausberg' />
    <tag k='building' v='office' />
    <tag k='building:levels' v='4' />
    <tag k='int_name' v='Max Planck Institute for Dynamics and Self-Organization' />
    <tag k='ref' v='DS' />
    <tag k='source' v='survey' />
    <tag k='start_date' v='2015/2016' />
  </way>
  <way id='461576428' timestamp='2026-06-02T10:31:11Z' uid='290680' user='wheelmap_visitor' visible='true' version='14' changeset='183539531'>
    <nd ref='2250164821' />
    <nd ref='11845330468' />
    <nd ref='11845330467' />
    <nd ref='11845330466' />
    <nd ref='11845330465' />
    <nd ref='11845330464' />
    <nd ref='11845330463' />
    <nd ref='11845330462' />
    <nd ref='11845330461' />
    <nd ref='11845330460' />
    <nd ref='11845330459' />
    <nd ref='11845330458' />
    <nd ref='11845330457' />
    <nd ref='2250164818' />
    <nd ref='4570458522' />
    <nd ref='4570458521' />
    <nd ref='4570458520' />
    <nd ref='3338172603' />
    <nd ref='11845330483' />
    <nd ref='11845330484' />
    <nd ref='11845330485' />
    <nd ref='11845330486' />
    <nd ref='11845330487' />
    <nd ref='11845330488' />
    <nd ref='11845330489' />
    <nd ref='11845330490' />
    <nd ref='11845330491' />
    <nd ref='11845330492' />
    <nd ref='11845330493' />
    <nd ref='11845330494' />
    <nd ref='3338172598' />
    <nd ref='4570458518' />
    <nd ref='4570458517' />
    <nd ref='4570458516' />
    <nd ref='4570458515' />
    <nd ref='4570458514' />
    <nd ref='2597825710' />
    <nd ref='7009037279' />
    <nd ref='2597825707' />
    <nd ref='8600071095' />
    <nd ref='8600071094' />
    <nd ref='8600071062' />
    <nd ref='1042728147' />
    <nd ref='1042728192' />
    <nd ref='1042728197' />
    <nd ref='1042728254' />
    <nd ref='1042728257' />
    <nd ref='2597825715' />
    <nd ref='11659701486' />
    <nd ref='2250164821' />
    <tag k='addr:city' v='Göttingen' />
    <tag k='addr:housenumber' v='17' />
    <tag k='addr:postcode' v='37077' />
    <tag k='addr:street' v='Am Faßberg' />
    <tag k='addr:suburb' v='Nikolausberg' />
    <tag k='amenity' v='research_institute' />
    <tag k='contact:website' v='http://www.ds.mpg.de/' />
    <tag k='int_name' v='Max Planck Institute for Dynamics and Self-Organization' />
    <tag k='name' v='Max-Planck-Institut für Dynamik und Selbstorganisation (MPI-DS)' />
    <tag k='name:en' v='Max Planck Institute for Dynamics and Self-Organization' />
    <tag k='short_name' v='MPIDS' />
    <tag k='start_date' v='2010/2011' />
    <tag k='toilets:wheelchair' v='yes' />
    <tag k='wheelchair' v='yes' />
    <tag k='wikidata' v='Q277098' />
    <tag k='wikipedia' v='de:Max-Planck-Institut für Dynamik und Selbstorganisation' />
  </way>
  <way id='477727471' timestamp='2025-12-17T10:40:48Z' uid='42123' user='Ropino' visible='true' version='3' changeset='176043160'>
    <nd ref='4710308075' />
    <nd ref='13383149528' />
    <nd ref='13383149529' />
    <nd ref='13383149530' />
    <nd ref='13383149531' />
    <nd ref='13383149532' />
    <nd ref='13383149533' />
    <nd ref='13383149534' />
    <nd ref='13383149535' />
    <nd ref='13383149536' />
    <nd ref='13383149537' />
    <nd ref='13383149538' />
    <nd ref='13383149539' />
    <nd ref='13383149540' />
    <nd ref='13383149541' />
    <nd ref='13383149542' />
    <nd ref='13383149543' />
    <nd ref='13383149544' />
    <nd ref='13383149545' />
    <nd ref='13383149546' />
    <nd ref='13383149547' />
    <nd ref='13383149548' />
    <nd ref='13383149549' />
    <nd ref='13383149550' />
    <nd ref='13383149551' />
    <nd ref='13383149552' />
    <nd ref='13383149553' />
    <nd ref='13383149554' />
    <nd ref='13383149555' />
    <nd ref='13383149556' />
    <nd ref='13383149557' />
    <nd ref='13383149558' />
    <nd ref='13383149559' />
    <nd ref='13383149560' />
    <nd ref='13383149561' />
    <nd ref='13383149562' />
    <nd ref='13383149563' />
    <nd ref='13383149564' />
    <nd ref='13383149565' />
    <nd ref='13383149566' />
    <nd ref='13383149567' />
    <nd ref='13383149568' />
    <nd ref='13383149569' />
    <nd ref='13383149570' />
    <nd ref='13383149571' />
    <nd ref='13383149572' />
    <nd ref='13383149573' />
    <nd ref='13383149574' />
    <nd ref='13383149575' />
    <nd ref='13383149576' />
    <nd ref='13383149577' />
    <nd ref='13383149578' />
    <nd ref='13383149579' />
    <nd ref='13383149580' />
    <nd ref='13383149581' />
    <nd ref='13383149582' />
    <nd ref='13383149583' />
    <nd ref='13383149584' />
    <nd ref='13383149585' />
    <nd ref='13383149586' />
    <nd ref='13383149587' />
    <nd ref='13383149588' />
    <nd ref='13383149589' />
    <nd ref='13383149590' />
    <nd ref='13383149591' />
    <nd ref='13383149592' />
    <nd ref='13383149593' />
    <nd ref='13383149594' />
    <nd ref='13383149595' />
    <nd ref='13383149596' />
    <nd ref='13383149597' />
    <nd ref='13383149598' />
    <nd ref='13383149599' />
    <nd ref='13383149600' />
    <nd ref='13383149601' />
    <nd ref='13383149602' />
    <nd ref='13383149603' />
    <nd ref='13383149604' />
    <nd ref='13383149605' />
    <nd ref='13383149606' />
    <nd ref='13383149607' />
    <nd ref='13383149608' />
    <nd ref='13383149609' />
    <nd ref='13383149610' />
    <nd ref='13383149611' />
    <nd ref='13383149612' />
    <nd ref='13383149613' />
    <nd ref='13383149614' />
    <nd ref='13383149615' />
    <nd ref='13383149616' />
    <nd ref='13383149617' />
    <nd ref='13383149618' />
    <nd ref='13383149619' />
    <nd ref='13383149620' />
    <nd ref='13383149621' />
    <nd ref='13383149622' />
    <nd ref='13383149623' />
    <nd ref='13383149624' />
    <nd ref='13383149625' />
    <nd ref='13383149626' />
    <nd ref='13383149627' />
    <nd ref='13383149628' />
    <nd ref='13383149629' />
    <nd ref='13383149630' />
    <nd ref='13383149631' />
    <nd ref='13383149632' />
    <nd ref='13383149633' />
    <nd ref='459951959' />
  </way>
  <way id='611308741' timestamp='2026-07-24T14:11:13Z' uid='2725798' user='lesekaffee' visible='true' version='4' changeset='186297989'>
    <nd ref='5788034997' />
    <nd ref='5788034995' />
    <nd ref='5788034996' />
    <tag k='check_date' v='2026-07-24' />
    <tag k='construction' v='track' />
    <tag k='highway' v='construction' />
    <tag k='surface' v='dirt' />
    <tag k='tracktype' v='grade4' />
  </way>
  <way id='611308742' timestamp='2026-07-24T14:11:01Z' uid='2725798' user='lesekaffee' visible='true' version='5' changeset='186297989'>
    <nd ref='5788035001' />
    <nd ref='5788034994' />
    <nd ref='5788034998' />
    <nd ref='2250164823' />
    <tag k='check_date' v='2026-07-24' />
    <tag k='construction' v='path' />
    <tag k='highway' v='construction' />
    <tag k='surface' v='gravel' />
  </way>
  <way id='616604788' timestamp='2018-08-13T12:51:50Z' uid='1468043' user='jengelh' visible='true' version='1' changeset='61625924'>
    <nd ref='1707439489' />
    <nd ref='5829490821' />
    <nd ref='5829490820' />
    <nd ref='5829490818' />
    <nd ref='1707439489' />
    <tag k='building' v='shed' />
  </way>
  <way id='616604789' timestamp='2018-08-13T12:51:50Z' uid='1468043' user='jengelh' visible='true' version='1' changeset='61625924'>
    <nd ref='1707439509' />
    <nd ref='5829490819' />
    <nd ref='5829490820' />
    <nd ref='5829490821' />
    <nd ref='1707439509' />
    <tag k='building' v='roof' />
    <tag k='description' v='Raucherecke' />
    <tag k='survey:date' v='2018-08-07' />
  </way>
  <way id='618049824' timestamp='2023-07-25T21:10:16Z' uid='1468043' user='jengelh' visible='true' version='3' changeset='139008565'>
    <nd ref='5842107347' />
    <nd ref='5842107346' />
    <nd ref='5842107345' />
    <nd ref='5842107344' />
    <nd ref='5842107343' />
    <nd ref='5842107342' />
    <nd ref='5842107341' />
    <nd ref='5842107359' />
    <nd ref='5842107351' />
    <nd ref='11067749957' />
    <nd ref='11067749958' />
    <nd ref='11067749959' />
    <nd ref='5842107350' />
    <nd ref='5842107339' />
    <nd ref='5842107338' />
    <nd ref='5842107337' />
    <nd ref='5842107347' />
    <tag k='natural' v='scrub' />
  </way>
  <way id='618049826' timestamp='2024-04-24T19:30:13Z' uid='1468043' user='jengelh' visible='true' version='4' changeset='150464211'>
    <nd ref='3885963826' />
    <nd ref='11067749930' />
    <nd ref='5842107357' />
    <nd ref='5842107356' />
    <nd ref='5842107355' />
    <nd ref='5842107354' />
    <nd ref='5842107353' />
    <nd ref='3885963844' />
    <nd ref='3885963842' />
    <nd ref='3885963840' />
    <nd ref='11845330254' />
    <nd ref='11845330253' />
    <nd ref='11845330252' />
    <nd ref='11845330251' />
    <nd ref='11845330250' />
    <nd ref='11845330261' />
    <nd ref='11845330249' />
    <nd ref='11845330247' />
    <nd ref='11845330246' />
    <nd ref='11845330245' />
    <nd ref='11845330244' />
    <nd ref='3885963832' />
    <nd ref='11845330224' />
    <nd ref='11845330220' />
    <nd ref='11845330221' />
    <nd ref='11845330225' />
    <nd ref='11845330238' />
    <nd ref='11845330231' />
    <nd ref='11845330232' />
    <nd ref='11845330233' />
    <nd ref='11845330234' />
    <nd ref='11845330235' />
    <nd ref='11845330239' />
    <nd ref='11845330198' />
    <nd ref='3885963829' />
    <nd ref='11845330199' />
    <nd ref='11845330217' />
    <nd ref='11845330201' />
    <nd ref='11845330202' />
    <nd ref='11845330203' />
    <nd ref='11845330204' />
    <nd ref='11845330205' />
    <nd ref='11845330206' />
    <nd ref='11845330207' />
    <nd ref='11845330208' />
    <nd ref='3885963826' />
    <tag k='natural' v='scrub' />
  </way>
  <way id='621809110' timestamp='2024-04-24T19:30:13Z' uid='1468043' user='jengelh' visible='true' version='6' changeset='150464211'>
    <nd ref='11845323506' />
    <nd ref='5874096089' />
    <nd ref='6074761484' />
    <tag k='highway' v='footway' />
    <tag k='surface' v='paving_stones' />
  </way>
  <way id='629187426' timestamp='2024-02-24T14:34:01Z' uid='1468043' user='jengelh' visible='true' version='3' changeset='147857774'>
    <nd ref='1690082970' />
    <nd ref='11659701455' />
    <nd ref='11659701454' />
    <nd ref='5940417927' />
    <nd ref='1690082970' />
    <tag k='natural' v='scrub' />
  </way>
  <way id='629187427' timestamp='2024-08-30T11:40:53Z' uid='21882775' user='Lars_xvx' visible='true' version='4' changeset='155969555'>
    <nd ref='1042686401' />
    <nd ref='377898675' />
    <tag k='highway' v='track' />
    <tag k='lit' v='yes' />
    <tag k='surface' v='pebblestone' />
    <tag k='survey:date' v='2018-09-29' />
    <tag k='tracktype' v='grade2' />
  </way>
  <way id='629187429' timestamp='2024-02-24T14:34:01Z' uid='1468043' user='jengelh' visible='true' version='3' changeset='147857774'>
    <nd ref='377898786' />
    <nd ref='11659701430' />
    <nd ref='5940417941' />
    <tag k='construction_date' v='2018' />
    <tag k='highway' v='service' />
    <tag k='sidewalk' v='no' />
    <tag k='surface' v='asphalt' />
    <tag k='survey:date' v='2018-09-29' />
    <tag k='tracktype' v='grade2' />
  </way>
  <way id='629187430' timestamp='2023-07-25T21:10:16Z' uid='1468043' user='jengelh' visible='true' version='2' changeset='139008565'>
    <nd ref='5940417941' />
    <nd ref='5940417940' />
    <nd ref='5940417939' />
    <nd ref='11067750615' />
    <nd ref='5940417938' />
    <nd ref='5940417937' />
    <nd ref='11067750664' />
    <nd ref='11067750663' />
    <tag k='access' v='private' />
    <tag k='construction_date' v='2018' />
    <tag k='highway' v='service' />
    <tag k='sidewalk' v='no' />
    <tag k='surface' v='asphalt' />
    <tag k='survey:date' v='2018-09-29' />
    <tag k='tracktype' v='grade2' />
  </way>
  <way id='629187431' timestamp='2026-07-24T14:11:54Z' uid='2725798' user='lesekaffee' visible='true' version='7' changeset='186298074'>
    <nd ref='1042686401' />
    <nd ref='5940417943' />
    <nd ref='2272361645' />
    <tag k='handrail' v='no' />
    <tag k='highway' v='steps' />
    <tag k='incline' v='up' />
    <tag k='ramp' v='no' />
    <tag k='step_count' v='3' />
    <tag k='surface' v='gravel' />
  </way>
  <way id='629187432' timestamp='2024-08-30T11:40:41Z' uid='21882775' user='Lars_xvx' visible='true' version='5' changeset='155969555'>
    <nd ref='377898675' />
    <nd ref='1500272807' />
    <tag k='highway' v='track' />
    <tag k='lit' v='yes' />
    <tag k='surface' v='pebblestone' />
    <tag k='tracktype' v='grade2' />
  </way>
  <way id='629187433' timestamp='2021-04-06T18:15:20Z' uid='1468043' user='jengelh' visible='true' version='3' changeset='102425770'>
    <nd ref='1042728120' />
    <nd ref='1042728204' />
    <nd ref='1042728263' />
    <nd ref='1042728151' />
    <nd ref='8600071055' />
    <nd ref='1042759479' />
    <nd ref='1042759456' />
    <nd ref='1042759400' />
    <nd ref='5940417955' />
    <nd ref='1042759344' />
    <nd ref='1042759335' />
    <nd ref='5940417956' />
    <nd ref='1042759374' />
    <nd ref='5940417960' />
    <nd ref='5940417961' />
    <nd ref='5940417962' />
    <nd ref='5940417963' />
    <nd ref='5940417964' />
    <nd ref='5940417965' />
    <nd ref='5940417966' />
    <nd ref='5940417967' />
    <nd ref='1042728093' />
    <nd ref='1042728110' />
    <nd ref='7974992949' />
    <nd ref='1042728004' />
    <nd ref='1042728124' />
    <nd ref='1042728059' />
    <nd ref='5940417959' />
    <nd ref='5940417958' />
    <nd ref='5940417957' />
    <nd ref='1042728120' />
    <tag k='natural' v='scrub' />
  </way>
  <way id='646601742' timestamp='2023-08-17T13:29:15Z' uid='2573759' user='aeszter' visible='true' version='7' changeset='140013322'>
    <nd ref='6074766688' />
    <nd ref='6074766687' />
    <tag k='handrail' v='yes' />
    <tag k='highway' v='steps' />
    <tag k='incline' v='up' />
    <tag k='lit' v='yes' />
    <tag k='ramp' v='no' />
    <tag k='step_count' v='28' />
    <tag k='surface' v='concrete' />
    <tag k='tactile_paving' v='no' />
  </way>
  <way id='646601743' timestamp='2023-08-17T13:29:17Z' uid='2573759' user='aeszter' visible='true' version='3' changeset='140013329'>
    <nd ref='6074766690' />
    <nd ref='6074766691' />
    <nd ref='6074766688' />
    <tag k='highway' v='footway' />
    <tag k='level' v='2' />
    <tag k='lit' v='no' />
    <tag k='smoothness' v='good' />
    <tag k='surface' v='paving_stones' />
    <tag k='survey:date' v='2018-11-15' />
  </way>
  <way id='646601744' timestamp='2022-08-30T08:13:03Z' uid='2573759' user='aeszter' visible='true' version='3' changeset='125554670'>
    <nd ref='6074766694' />
    <nd ref='6074766689' />
    <tag k='highway' v='footway' />
    <tag k='level' v='2' />
    <tag k='lit' v='yes' />
    <tag k='surface' v='paving_stones' />
    <tag k='survey:date' v='2018-11-15' />
  </way>
  <way id='646601745' timestamp='2023-08-17T13:29:14Z' uid='2573759' user='aeszter' visible='true' version='7' changeset='140013322'>
    <nd ref='6074766693' />
    <nd ref='6074766694' />
    <tag k='handrail' v='yes' />
    <tag k='highway' v='steps' />
    <tag k='incline' v='up' />
    <tag k='lit' v='yes' />
    <tag k='ramp' v='no' />
    <tag k='step_count' v='22' />
    <tag k='surface' v='concrete' />
    <tag k='tactile_paving' v='no' />
  </way>
  <way id='646601746' timestamp='2022-08-30T08:12:09Z' uid='2573759' user='aeszter' visible='true' version='2' changeset='125554670'>
    <nd ref='6074766687' />
    <nd ref='6074766692' />
    <nd ref='6074766693' />
    <tag k='highway' v='footway' />
    <tag k='level' v='2' />
    <tag k='lit' v='no' />
    <tag k='surface' v='paving_stones' />
    <tag k='survey:date' v='2018-11-15' />
  </way>
  <way id='646601747' timestamp='2024-04-24T19:30:13Z' uid='1468043' user='jengelh' visible='true' version='3' changeset='150464211'>
    <nd ref='6074766704' />
    <nd ref='11845323507' />
    <nd ref='6074766703' />
    <tag k='highway' v='footway' />
    <tag k='lit' v='yes' />
    <tag k='surface' v='paving_stones' />
    <tag k='survey:date' v='2018-11-15' />
  </way>
  <way id='646601748' timestamp='2023-07-25T11:30:35Z' uid='2573759' user='aeszter' visible='true' version='8' changeset='138984037'>
    <nd ref='6074766702' />
    <nd ref='7009037213' />
    <nd ref='9988088185' />
    <tag k='handrail' v='yes' />
    <tag k='highway' v='steps' />
    <tag k='incline' v='up' />
    <tag k='lit' v='yes' />
    <tag k='ramp' v='no' />
    <tag k='step_count' v='21' />
    <tag k='surface' v='concrete' />
    <tag k='survey:date' v='2018-11-15' />
    <tag k='tactile_paving' v='no' />
  </way>
  <way id='646601749' timestamp='2022-08-25T13:20:42Z' uid='2573759' user='aeszter' visible='true' version='3' changeset='125359776'>
    <nd ref='6074766711' />
    <nd ref='6074766708' />
    <nd ref='7009037274' />
    <nd ref='6074766702' />
    <tag k='highway' v='footway' />
    <tag k='lit' v='yes' />
    <tag k='surface' v='paving_stones' />
    <tag k='survey:date' v='2018-11-15' />
  </way>
  <way id='646601750' timestamp='2023-08-23T14:59:44Z' uid='2573759' user='aeszter' visible='true' version='6' changeset='140280718'>
    <nd ref='6074766710' />
    <nd ref='6074766711' />
    <tag k='handrail' v='yes' />
    <tag k='highway' v='steps' />
    <tag k='incline' v='up' />
    <tag k='lit' v='yes' />
    <tag k='ramp' v='no' />
    <tag k='step_count' v='21' />
    <tag k='surface' v='concrete' />
    <tag k='survey:date' v='2018-11-15' />
    <tag k='tactile_paving' v='no' />
  </way>
  <way id='646601751' timestamp='2023-08-23T14:48:44Z' uid='2573759' user='aeszter' visible='true' version='5' changeset='140280233'>
    <nd ref='9988088185' />
    <nd ref='7009037215' />
    <nd ref='9988088184' />
    <nd ref='6074766705' />
    <nd ref='6074766704' />
    <nd ref='6074766701' />
    <nd ref='6074766700' />
    <nd ref='6074766699' />
    <nd ref='6074766689' />
    <nd ref='7009037217' />
    <tag k='highway' v='footway' />
    <tag k='lit' v='yes' />
    <tag k='smoothness' v='intermediate' />
    <tag k='surface' v='paving_stones' />
    <tag k='survey:date' v='2018-11-15' />
  </way>
  <way id='646601752' timestamp='2023-08-17T13:29:18Z' uid='2573759' user='aeszter' visible='true' version='3' changeset='140013329'>
    <nd ref='6074766709' />
    <nd ref='6074766710' />
    <tag k='highway' v='footway' />
    <tag k='lit' v='yes' />
    <tag k='smoothness' v='good' />
    <tag k='surface' v='paving_stones' />
  </way>
  <way id='749538241' action='modify' timestamp='2024-04-24T19:30:13Z' uid='1468043' user='jengelh' visible='true' version='4' changeset='150464211'>
    <nd ref='2502054147' />
    <nd ref='11845330308' />
    <nd ref='2502054143' />
    <nd ref='11845330303' />
    <nd ref='11845330304' />
    <nd ref='11845330305' />
    <nd ref='11845330306' />
    <nd ref='11845330307' />
    <nd ref='7009037225' />
    <nd ref='7009037224' />
    <nd ref='11845330356' />
    <nd ref='11845330358' />
    <nd ref='7009037223' />
    <nd ref='11845330353' />
    <nd ref='7009037222' />
    <nd ref='11845330352' />
    <nd ref='11845330351' />
    <nd ref='11845330350' />
    <nd ref='11845330349' />
    <nd ref='11845330348' />
    <nd ref='11845330347' />
    <nd ref='11845330346' />
    <nd ref='11845330345' />
    <nd ref='11845330344' />
    <nd ref='11845330343' />
    <nd ref='11845330342' />
    <nd ref='11845330341' />
    <nd ref='11845330355' />
    <nd ref='7009037221' />
    <nd ref='7009037220' />
    <nd ref='-32737' />
    <nd ref='7009037273' />
    <nd ref='11845330313' />
    <nd ref='7009037219' />
    <nd ref='11845330311' />
    <nd ref='11845330312' />
    <nd ref='7009037218' />
    <nd ref='2502054147' />
    <tag k='access' v='customers' />
    <tag k='amenity' v='parking' />
    <tag k='capacity' v='30' />
    <tag k='fee' v='no' />
    <tag k='parking' v='surface' />
  </way>
  <way id='749538242' timestamp='2024-04-24T19:30:13Z' uid='1468043' user='jengelh' visible='true' version='5' changeset='150464211'>
    <nd ref='1707439398' />
    <nd ref='11598481892' />
    <nd ref='11598481888' />
    <nd ref='11598481887' />
    <nd ref='11598481886' />
    <nd ref='11598481891' />
    <nd ref='1707439364' />
    <nd ref='433952689' />
    <nd ref='7009037228' />
    <nd ref='11598481927' />
    <nd ref='11598482611' />
    <nd ref='7009037227' />
    <nd ref='11598481913' />
    <nd ref='11598481912' />
    <nd ref='11598481911' />
    <nd ref='11598481910' />
    <nd ref='11598481909' />
    <nd ref='11598481908' />
    <nd ref='11598481907' />
    <nd ref='11598481906' />
    <nd ref='11598481905' />
    <nd ref='11598481904' />
    <nd ref='11598481903' />
    <nd ref='11598481926' />
    <nd ref='11598482612' />
    <nd ref='7009037226' />
    <nd ref='4090067193' />
    <nd ref='1707439398' />
    <tag k='access' v='customers' />
    <tag k='amenity' v='parking' />
    <tag k='capacity' v='20' />
    <tag k='fee' v='no' />
    <tag k='orientation' v='perpendicular' />
    <tag k='parking' v='surface' />
  </way>
  <way id='749538243' timestamp='2024-04-24T19:30:13Z' uid='1468043' user='jengelh' visible='true' version='4' changeset='150464211'>
    <nd ref='2502054038' />
    <nd ref='11845330415' />
    <nd ref='11845330418' />
    <nd ref='7009037229' />
    <nd ref='7009037238' />
    <nd ref='11845330413' />
    <nd ref='2502054047' />
    <nd ref='2502054041' />
    <nd ref='11845330416' />
    <nd ref='2502054038' />
    <tag k='access' v='customers' />
    <tag k='amenity' v='parking' />
    <tag k='fee' v='no' />
    <tag k='orientation' v='perpendicular' />
    <tag k='parking' v='surface' />
  </way>
  <way id='749538244' timestamp='2024-02-08T14:28:12Z' uid='1468043' user='jengelh' visible='true' version='2' changeset='147220321'>
    <nd ref='11598482600' />
    <nd ref='7009037230' />
    <nd ref='7009037233' />
    <nd ref='11598482601' />
    <nd ref='11598482600' />
    <tag k='building' v='garage' />
    <tag k='building:levels' v='1' />
    <tag k='roof:shape' v='flat' />
  </way>
  <way id='749538245' timestamp='2023-07-25T10:44:03Z' uid='2573759' user='aeszter' visible='true' version='3' changeset='138981891'>
    <nd ref='7009037234' />
    <nd ref='7009037235' />
    <nd ref='7009037236' />
    <nd ref='7009037237' />
    <tag k='highway' v='service' />
    <tag k='service' v='parking_aisle' />
    <tag k='sidewalk' v='no' />
    <tag k='smoothness' v='good' />
    <tag k='surface' v='paving_stones' />
  </way>
  <way id='749538246' timestamp='2024-04-24T19:30:13Z' uid='1468043' user='jengelh' visible='true' version='5' changeset='150464211'>
    <nd ref='2502054054' />
    <nd ref='7009037240' />
    <nd ref='11598482598' />
    <nd ref='11598482592' />
    <nd ref='11598482593' />
    <nd ref='11598482594' />
    <nd ref='11598482595' />
    <nd ref='11598482596' />
    <nd ref='11598482597' />
    <nd ref='7009037233' />
    <nd ref='11598482601' />
    <nd ref='7009037232' />
    <nd ref='7009037239' />
    <nd ref='2502054047' />
    <nd ref='11845330413' />
    <nd ref='7009037238' />
    <nd ref='2502054054' />
    <tag k='access' v='customers' />
    <tag k='amenity' v='parking' />
    <tag k='capacity' v='17' />
    <tag k='fee' v='no' />
    <tag k='orientation' v='perpendicular' />
    <tag k='parking' v='surface' />
  </way>
  <way id='749538247' timestamp='2024-04-24T19:30:13Z' uid='1468043' user='jengelh' visible='true' version='4' changeset='150464211'>
    <nd ref='6074766698' />
    <nd ref='7009037242' />
    <nd ref='7009037241' />
    <nd ref='11845330123' />
    <tag k='highway' v='service' />
    <tag k='service' v='parking_aisle' />
    <tag k='sidewalk' v='no' />
    <tag k='smoothness' v='excellent' />
    <tag k='surface' v='paving_stones' />
  </way>
  <way id='749538248' timestamp='2024-04-24T19:30:13Z' uid='1468043' user='jengelh' visible='true' version='4' changeset='150464211'>
    <nd ref='11845330122' />
    <nd ref='11845330373' />
    <nd ref='11845330375' />
    <nd ref='11845330368' />
    <nd ref='11845330369' />
    <nd ref='11845330370' />
    <nd ref='11845330371' />
    <nd ref='11845330374' />
    <nd ref='11845330372' />
    <nd ref='7009037243' />
    <nd ref='7009037246' />
    <nd ref='11845330406' />
    <nd ref='11845330403' />
    <nd ref='11845330402' />
    <nd ref='11845330401' />
    <nd ref='11845330400' />
    <nd ref='11845330399' />
    <nd ref='11845330398' />
    <nd ref='11845330397' />
    <nd ref='11845330396' />
    <nd ref='11845330395' />
    <nd ref='11845330394' />
    <nd ref='11845330393' />
    <nd ref='11845330392' />
    <nd ref='11845330391' />
    <nd ref='11845330390' />
    <nd ref='7009037245' />
    <nd ref='11845330121' />
    <nd ref='2502054103' />
    <nd ref='11845330122' />
    <tag k='access' v='customers' />
    <tag k='amenity' v='parking' />
    <tag k='capacity' v='20' />
    <tag k='fee' v='no' />
    <tag k='orientation' v='perpendicular' />
    <tag k='parking' v='surface' />
    <tag k='surface' v='paving_stones' />
  </way>
  <way id='749538251' timestamp='2022-08-23T11:43:21Z' uid='2573759' user='aeszter' visible='true' version='3' changeset='125267385'>
    <nd ref='7009037266' />
    <nd ref='2503657518' />
    <tag k='highway' v='footway' />
    <tag k='lit' v='yes' />
    <tag k='surface' v='paving_stones' />
  </way>
  <way id='749538252' timestamp='2023-07-10T11:38:58Z' uid='2573759' user='aeszter' visible='true' version='7' changeset='138333385'>
    <nd ref='7009037269' />
    <nd ref='7009037268' />
    <nd ref='7009037267' />
    <nd ref='7009037266' />
    <tag k='handrail' v='yes' />
    <tag k='highway' v='steps' />
    <tag k='incline' v='up' />
    <tag k='lit' v='yes' />
    <tag k='ramp' v='no' />
    <tag k='step_count' v='22' />
    <tag k='surface' v='concrete' />
    <tag k='tactile_paving' v='no' />
  </way>
  <way id='749538253' timestamp='2023-08-17T16:10:56Z' uid='2573759' user='aeszter' visible='true' version='4' changeset='140021097'>
    <nd ref='346773859' />
    <nd ref='7009037271' />
    <nd ref='7009037270' />
    <nd ref='7009037269' />
    <tag k='highway' v='footway' />
    <tag k='lit' v='no' />
    <tag k='smoothness' v='good' />
    <tag k='surface' v='paving_stones' />
  </way>
  <way id='749538254' timestamp='2024-04-24T19:30:13Z' uid='1468043' user='jengelh' visible='true' version='3' changeset='150464211'>
    <nd ref='11845330296' />
    <nd ref='11845330297' />
    <nd ref='434062787' />
    <nd ref='7009037273' />
    <tag k='highway' v='service' />
    <tag k='lit' v='yes' />
    <tag k='service' v='parking_aisle' />
    <tag k='sidewalk' v='no' />
    <tag k='surface' v='asphalt' />
  </way>
  <way id='749538255' timestamp='2022-08-23T11:48:31Z' uid='2573759' user='aeszter' visible='true' version='2' changeset='125267385'>
    <nd ref='7009037273' />
    <nd ref='7009037275' />
    <nd ref='7009037274' />
    <tag k='highway' v='footway' />
    <tag k='lit' v='yes' />
    <tag k='surface' v='paving_stones' />
  </way>
  <way id='749538258' timestamp='2019-11-25T17:21:50Z' uid='1468043' user='jengelh' visible='true' version='1' changeset='77536485'>
    <nd ref='7009049693' />
    <nd ref='7009049694' />
    <nd ref='7009049695' />
    <nd ref='7009049696' />
    <nd ref='7009049693' />
    <tag k='building:part' v='yes' />
  </way>
  <way id='749538259' timestamp='2025-07-07T16:10:26Z' uid='2573759' user='aeszter' visible='true' version='10' changeset='168613066'>
    <nd ref='3885963813' />
    <nd ref='6695031897' />
    <nd ref='11067749932' />
    <nd ref='11067749933' />
    <nd ref='434062792' />
    <nd ref='11067749931' />
    <nd ref='12985847756' />
    <nd ref='10004365472' />
    <nd ref='3885963813' />
    <tag k='addr:housenumber' v='11' />
    <tag k='addr:street' v='Am Faßberg' />
    <tag k='building' v='industrial' />
    <tag k='construction_date' v='2019/Q4' />
    <tag k='ref' v='NMR III' />
  </way>
  <way id='749538261' timestamp='2023-07-25T21:10:16Z' uid='1468043' user='jengelh' visible='true' version='6' changeset='139008565'>
    <nd ref='7009049712' />
    <nd ref='2503657514' />
    <nd ref='11067749942' />
    <nd ref='2502054151' />
    <nd ref='6074766709' />
    <nd ref='434062780' />
    <tag k='highway' v='service' />
    <tag k='lit' v='yes' />
    <tag k='sidewalk' v='no' />
    <tag k='smoothness' v='good' />
    <tag k='surface' v='asphalt' />
  </way>
  <way id='749538262' timestamp='2023-08-17T13:29:17Z' uid='2573759' user='aeszter' visible='true' version='3' changeset='140013323'>
    <nd ref='7009049715' />
    <nd ref='7009049712' />
    <tag k='highway' v='service' />
    <tag k='lit' v='yes' />
    <tag k='sidewalk' v='left' />
    <tag k='smoothness' v='good' />
    <tag k='surface' v='asphalt' />
  </way>
  <way id='749538263' timestamp='2023-08-17T13:29:16Z' uid='2573759' user='aeszter' visible='true' version='3' changeset='140013323'>
    <nd ref='434062785' />
    <nd ref='434062783' />
    <nd ref='6074766690' />
    <nd ref='7009049715' />
    <tag k='highway' v='service' />
    <tag k='lit' v='yes' />
    <tag k='sidewalk' v='no' />
    <tag k='smoothness' v='good' />
    <tag k='surface' v='asphalt' />
  </way>
  <way id='749538264' timestamp='2023-08-23T14:58:38Z' uid='2573759' user='aeszter' visible='true' version='5' changeset='140280233'>
    <nd ref='7009049715' />
    <nd ref='7009049714' />
    <tag k='highway' v='footway' />
    <tag k='lit' v='yes' />
    <tag k='smoothness' v='excellent' />
    <tag k='surface' v='asphalt' />
  </way>
  <way id='749538265' timestamp='2019-11-25T17:21:50Z' uid='1468043' user='jengelh' visible='true' version='1' changeset='77536485'>
    <nd ref='7009049716' />
    <nd ref='7009049725' />
    <nd ref='7009049724' />
    <nd ref='7009049723' />
    <nd ref='7009049722' />
    <nd ref='7009049721' />
    <nd ref='7009049720' />
    <nd ref='7009049719' />
    <nd ref='7009049718' />
    <nd ref='7009049717' />
    <nd ref='7009049716' />
    <tag k='building' v='silo' />
    <tag k='man_made' v='storage_tank' />
    <tag k='substance' v='nitrogen' />
  </way>
  <way id='749538266' timestamp='2023-08-17T13:29:15Z' uid='2573759' user='aeszter' visible='true' version='3' changeset='140013323'>
    <nd ref='7009049730' />
    <nd ref='3885963760' />
    <nd ref='7009049731' />
    <tag k='highway' v='service' />
    <tag k='lit' v='yes' />
    <tag k='sidewalk' v='both' />
    <tag k='smoothness' v='good' />
    <tag k='surface' v='asphalt' />
  </way>
  <way id='749538267' timestamp='2023-08-17T13:29:15Z' uid='2573759' user='aeszter' visible='true' version='3' changeset='140013323'>
    <nd ref='7009049731' />
    <nd ref='434062773' />
    <nd ref='434062785' />
    <tag k='highway' v='service' />
    <tag k='lit' v='yes' />
    <tag k='sidewalk' v='right' />
    <tag k='smoothness' v='intermediate' />
    <tag k='surface' v='asphalt' />
  </way>
  <way id='749538268' timestamp='2024-04-24T19:30:13Z' uid='1468043' user='jengelh' visible='true' version='3' changeset='150464211'>
    <nd ref='346773821' />
    <nd ref='1309319046' />
    <nd ref='11845323527' />
    <nd ref='11845323528' />
    <nd ref='2503657466' />
    <nd ref='1320077520' />
    <nd ref='11845323526' />
    <nd ref='346773981' />
    <nd ref='1309319053' />
    <nd ref='7009049730' />
    <tag k='highway' v='service' />
    <tag k='lit' v='yes' />
    <tag k='sidewalk' v='left' />
    <tag k='surface' v='asphalt' />
  </way>
  <way id='749538270' timestamp='2022-09-01T13:06:32Z' uid='2573759' user='aeszter' visible='true' version='2' changeset='125655791'>
    <nd ref='7009049743' />
    <nd ref='7009049742' />
    <nd ref='7009049744' />
    <nd ref='7009049745' />
    <nd ref='7009049746' />
    <nd ref='7009049747' />
    <nd ref='1320077520' />
    <tag k='highway' v='service' />
    <tag k='service' v='parking_aisle' />
    <tag k='sidewalk' v='no' />
    <tag k='surface' v='asphalt' />
  </way>
  <way id='764342339' timestamp='2024-02-24T14:34:01Z' uid='1468043' user='jengelh' visible='true' version='4' changeset='147857774'>
    <nd ref='11067750633' />
    <nd ref='11067750634' />
    <nd ref='1690082973' />
    <nd ref='11067750660' />
    <nd ref='1690082977' />
    <nd ref='8685895162' />
    <nd ref='7140674243' />
    <nd ref='7140674236' />
    <nd ref='7140674237' />
    <nd ref='7140674238' />
    <nd ref='11067750635' />
    <nd ref='7140674239' />
    <nd ref='7140674240' />
    <nd ref='3885964377' />
    <nd ref='3885964376' />
    <nd ref='11067750659' />
    <nd ref='11067750661' />
    <nd ref='11067750662' />
    <nd ref='11067750653' />
    <nd ref='11659701467' />
    <nd ref='11659701468' />
    <nd ref='11659701469' />
    <nd ref='11659701470' />
    <nd ref='11659701471' />
    <nd ref='11659701472' />
    <nd ref='11659701473' />
    <nd ref='11659701474' />
    <nd ref='11659701401' />
    <nd ref='11659701475' />
    <nd ref='11659701476' />
    <nd ref='11659701477' />
    <nd ref='11067750625' />
    <nd ref='5940417925' />
    <nd ref='11659701439' />
    <nd ref='11659701438' />
    <nd ref='11659701435' />
    <nd ref='11659696348' />
    <nd ref='11659701451' />
    <nd ref='11659701453' />
    <nd ref='11659701431' />
    <nd ref='5940417928' />
    <nd ref='5940417941' />
    <nd ref='11067750633' />
    <tag k='barrier' v='fence' />
    <tag k='description' v='Tiergehege Alpaka' />
    <tag k='fence_type' v='wire' />
    <tag k='height' v='2' />
    <tag k='material' v='metal' />
    <tag k='tourism' v='zoo' />
    <tag k='zoo' v='enclosure' />
  </way>
  <way id='855165869' timestamp='2024-02-24T14:34:01Z' uid='1468043' user='jengelh' visible='true' version='3' changeset='147857774'>
    <nd ref='2597825722' />
    <nd ref='11659701487' />
    <nd ref='11659701488' />
    <nd ref='11659701489' />
    <nd ref='11659701490' />
    <nd ref='11659701491' />
    <nd ref='11659701492' />
    <nd ref='11659701493' />
    <nd ref='11659701494' />
    <nd ref='11659701387' />
    <nd ref='1042728257' />
    <nd ref='1042728254' />
    <nd ref='1042728197' />
    <nd ref='1042728192' />
    <nd ref='1042728147' />
    <nd ref='8600071056' />
    <nd ref='1042728212' />
    <nd ref='11659701376' />
    <nd ref='7974992952' />
    <nd ref='7974992951' />
    <nd ref='7974992950' />
    <nd ref='7974992949' />
    <nd ref='1042728110' />
    <nd ref='2597825722' />
    <tag k='landuse' v='meadow' />
  </way>
  <way id='855165870' action='modify' timestamp='2024-04-24T19:30:13Z' uid='1468043' user='jengelh' visible='true' version='3' changeset='150464211'>
    <nd ref='2502054148' />
    <nd ref='7009037213' />
    <nd ref='7009037219' />
    <nd ref='11845330313' />
    <nd ref='7009037273' />
    <nd ref='-32737' />
    <nd ref='7009037220' />
    <nd ref='2502054161' />
    <nd ref='434062779' />
    <nd ref='7009049693' />
    <nd ref='7009049694' />
    <nd ref='7009049695' />
    <nd ref='7009049696' />
    <nd ref='434062776' />
    <nd ref='434062775' />
    <nd ref='2052717732' />
    <nd ref='1707439643' />
    <nd ref='-32738' />
    <nd ref='11845330147' />
    <nd ref='11845330136' />
    <nd ref='11845330137' />
    <nd ref='11845330138' />
    <nd ref='2502054153' />
    <nd ref='6074766711' />
    <nd ref='2502054152' />
    <nd ref='2502054148' />
    <tag k='addr:city' v='Göttingen' />
    <tag k='addr:country' v='DE' />
    <tag k='addr:housenumber' v='11' />
    <tag k='addr:postcode' v='37077' />
    <tag k='addr:street' v='Am Faßberg' />
    <tag k='addr:suburb' v='Nikolausberg' />
    <tag k='architect' v='Walter Henn' />
    <tag k='building' v='office' />
    <tag k='building:levels' v='1' />
    <tag k='construction_date' v='1980' />
    <tag k='roof:shape' v='flat' />
  </way>
  <way id='937445636' timestamp='2023-07-25T21:10:16Z' uid='1468043' user='jengelh' visible='true' version='4' changeset='139008565'>
    <nd ref='11067750608' />
    <nd ref='11067750607' />
    <nd ref='8685895055' />
    <nd ref='8685895054' />
    <nd ref='8920329799' />
    <nd ref='8685895047' />
    <nd ref='8920329800' />
    <nd ref='8920329801' />
    <nd ref='11067750606' />
    <nd ref='8685895046' />
    <nd ref='8685895053' />
    <nd ref='8685895052' />
    <nd ref='8685895051' />
    <nd ref='8685895050' />
    <nd ref='8685895045' />
    <nd ref='8920329802' />
    <nd ref='8685895049' />
    <nd ref='11067750605' />
    <nd ref='11067750004' />
    <nd ref='8685895048' />
    <nd ref='8685895056' />
    <nd ref='11067750003' />
    <nd ref='11067750002' />
    <nd ref='11067750001' />
    <nd ref='11067750608' />
    <tag k='name' v='BioDiversum' />
    <tag k='natural' v='water' />
    <tag k='water' v='pond' />
  </way>
  <way id='1087672837' timestamp='2026-02-06T20:13:38Z' uid='1468043' user='jengelh' visible='true' version='4' changeset='178204117'>
    <nd ref='4111651067' />
    <nd ref='332378877' />
    <nd ref='2052752543' />
    <nd ref='2052752559' />
    <nd ref='11067749980' />
    <nd ref='240961917' />
    <nd ref='7974992953' />
    <nd ref='1690082977' />
    <nd ref='11067750660' />
    <nd ref='1690082973' />
    <nd ref='11067750634' />
    <nd ref='11659701430' />
    <nd ref='5940417915' />
    <nd ref='11659701452' />
    <nd ref='11659701393' />
    <nd ref='11659701455' />
    <nd ref='1690082970' />
    <nd ref='3048097321' />
    <nd ref='5940417943' />
    <nd ref='1042759357' />
    <nd ref='5940417974' />
    <nd ref='5940417973' />
    <nd ref='5940417972' />
    <nd ref='5940417971' />
    <nd ref='5940417970' />
    <nd ref='5940417969' />
    <nd ref='5940417968' />
    <nd ref='1042759451' />
    <nd ref='1042759497' />
    <nd ref='1042759241' />
    <nd ref='1042759543' />
    <nd ref='1042759423' />
    <nd ref='1042759232' />
    <nd ref='1042759337' />
    <nd ref='1042759379' />
    <nd ref='4934666376' />
    <nd ref='1042759354' />
    <nd ref='409701135' />
    <nd ref='1042759290' />
    <nd ref='4934684724' />
    <nd ref='1042759313' />
    <nd ref='1042759538' />
    <nd ref='1042759351' />
    <nd ref='1690082972' />
    <nd ref='4934684088' />
    <nd ref='4934695031' />
    <nd ref='4934695030' />
    <nd ref='4934695028' />
    <nd ref='4934695027' />
    <nd ref='4934695029' />
    <nd ref='4934695032' />
    <nd ref='2503657502' />
    <nd ref='2503657503' />
    <nd ref='4934684087' />
    <nd ref='1690082974' />
    <nd ref='4934684085' />
    <nd ref='4934684084' />
    <nd ref='4934684083' />
    <nd ref='4934684082' />
    <nd ref='4934684081' />
    <nd ref='1690082975' />
    <nd ref='4934684080' />
    <nd ref='4934684079' />
    <nd ref='1690082976' />
    <nd ref='4934684078' />
    <nd ref='9965565270' />
  </way>
  <way id='1087672838' timestamp='2022-08-20T10:20:17Z' uid='1468043' user='jengelh' visible='true' version='1' changeset='125141165'>
    <nd ref='3151734773' />
    <nd ref='3151734768' />
    <nd ref='240961931' />
    <nd ref='2967553709' />
    <nd ref='2967553708' />
    <nd ref='2967553707' />
    <nd ref='2967553706' />
    <nd ref='2967553705' />
    <nd ref='2967553697' />
    <nd ref='2967553698' />
    <nd ref='2967553699' />
    <nd ref='258348371' />
    <nd ref='2967554518' />
    <nd ref='2967554532' />
    <nd ref='2967554530' />
    <nd ref='2967554528' />
    <nd ref='2967554526' />
    <nd ref='2967553703' />
    <nd ref='5485164474' />
    <nd ref='2967553700' />
    <nd ref='2967553702' />
    <nd ref='3885963787' />
    <nd ref='3885963786' />
    <nd ref='240961929' />
    <nd ref='240961927' />
    <nd ref='4783708848' />
    <nd ref='2597825721' />
    <nd ref='240961925' />
    <nd ref='3885963780' />
    <nd ref='240961922' />
    <nd ref='2503657505' />
    <nd ref='2503657511' />
    <nd ref='2503657512' />
    <nd ref='3885963818' />
    <nd ref='240961920' />
    <nd ref='5842107349' />
    <nd ref='2597825726' />
    <nd ref='2503657528' />
    <nd ref='2503657531' />
    <nd ref='3885964388' />
    <nd ref='2503657533' />
    <nd ref='332378876' />
    <nd ref='4111602064' />
    <nd ref='3115092631' />
    <nd ref='4111602066' />
    <nd ref='4111602071' />
    <nd ref='332378874' />
    <nd ref='1690083006' />
    <nd ref='332378880' />
    <nd ref='4111602069' />
    <nd ref='4111602068' />
    <nd ref='332378879' />
    <nd ref='4111602067' />
    <nd ref='9394770859' />
    <nd ref='4111602065' />
    <nd ref='9394770855' />
    <nd ref='9394770853' />
    <nd ref='4111705939' />
    <nd ref='4111602058' />
    <nd ref='1690082993' />
    <nd ref='4111651081' />
    <nd ref='4111651082' />
    <nd ref='4111651079' />
    <nd ref='4111651078' />
    <nd ref='4111651077' />
    <nd ref='1690082990' />
    <nd ref='4111651073' />
    <nd ref='4111651072' />
    <nd ref='4111651070' />
    <nd ref='4111651067' />
  </way>
  <way id='1088450805' timestamp='2022-08-23T12:04:05Z' uid='2573759' user='aeszter' visible='true' version='1' changeset='125268363'>
    <nd ref='2502054180' />
    <nd ref='800364964' />
    <tag k='highway' v='path' />
    <tag k='incline' v='down' />
    <tag k='surface' v='dirt' />
  </way>
  <way id='1090130017' timestamp='2024-04-26T14:54:39Z' uid='2573759' user='aeszter' visible='true' version='4' changeset='150543236'>
    <nd ref='346773889' />
    <nd ref='3885963845' />
    <nd ref='11067749951' />
    <nd ref='11067749952' />
    <nd ref='3885963852' />
    <nd ref='3885963853' />
    <nd ref='11067749953' />
    <nd ref='3885963854' />
    <nd ref='3885963855' />
    <nd ref='11067749954' />
    <nd ref='11067749955' />
    <nd ref='11067749956' />
    <nd ref='3885963857' />
    <nd ref='5842107358' />
    <nd ref='3885963856' />
    <nd ref='11067749960' />
    <nd ref='5842107367' />
    <nd ref='2502054187' />
    <nd ref='2502054186' />
    <nd ref='2502054180' />
    <nd ref='2502054178' />
    <nd ref='2502054176' />
    <nd ref='11067749961' />
    <nd ref='11067749962' />
    <nd ref='11067749963' />
    <nd ref='2502054174' />
    <nd ref='2502054173' />
    <nd ref='11067749964' />
    <nd ref='2502054171' />
    <nd ref='11067749965' />
    <nd ref='2502054169' />
    <nd ref='2502054167' />
    <nd ref='11067749967' />
    <nd ref='11067749966' />
    <nd ref='2502054165' />
    <nd ref='2502054163' />
    <nd ref='6695031898' />
    <nd ref='6695031899' />
    <nd ref='2502054156' />
    <nd ref='11067749968' />
    <nd ref='9985351183' />
    <tag k='highway' v='footway' />
    <tag k='surface' v='fine_gravel' />
    <tag k='tracktype' v='grade3' />
  </way>
  <way id='1090431093' timestamp='2023-07-25T21:10:16Z' uid='1468043' user='jengelh' visible='true' version='2' changeset='139008565'>
    <nd ref='9987824568' />
    <nd ref='9987824577' />
    <nd ref='9987824576' />
    <nd ref='9987824575' />
    <nd ref='9987824574' />
    <nd ref='9987824573' />
    <nd ref='9987824572' />
    <nd ref='9987824571' />
    <nd ref='9987824570' />
    <nd ref='9987824569' />
    <nd ref='9987824568' />
    <tag k='building' v='silo' />
    <tag k='man_made' v='storage_tank' />
    <tag k='substance' v='carbon dioxide' />
  </way>
  <way id='1090431094' timestamp='2023-07-25T21:10:16Z' uid='1468043' user='jengelh' visible='true' version='2' changeset='139008565'>
    <nd ref='9987824578' />
    <nd ref='9987824587' />
    <nd ref='11067749943' />
    <nd ref='9987824586' />
    <nd ref='9987824585' />
    <nd ref='11067749948' />
    <nd ref='9987824584' />
    <nd ref='9987824583' />
    <nd ref='11067749947' />
    <nd ref='9987824582' />
    <nd ref='11067749946' />
    <nd ref='9987824581' />
    <nd ref='9987824580' />
    <nd ref='11067749945' />
    <nd ref='9987824579' />
    <nd ref='11067749944' />
    <nd ref='9987824578' />
    <tag k='building' v='silo' />
    <tag k='man_made' v='storage_tank' />
    <tag k='substance' v='nitrogen' />
  </way>
  <way id='1092371095' timestamp='2024-04-24T19:30:13Z' uid='1468043' user='jengelh' visible='true' version='3' changeset='150464211'>
    <nd ref='3885963817' />
    <nd ref='11845330160' />
    <nd ref='11845330159' />
    <nd ref='11845330158' />
    <nd ref='11845330157' />
    <nd ref='11845330156' />
    <nd ref='11845330155' />
    <nd ref='11845330154' />
    <nd ref='11845330153' />
    <nd ref='10004365467' />
    <nd ref='10004365468' />
    <nd ref='11845330161' />
    <nd ref='11845330162' />
    <nd ref='11845330163' />
    <nd ref='11845330164' />
    <nd ref='11845330165' />
    <nd ref='11845330166' />
    <nd ref='11845330167' />
    <nd ref='11845330168' />
    <nd ref='10004365469' />
    <nd ref='3885963817' />
    <tag k='access' v='customers' />
    <tag k='amenity' v='parking' />
    <tag k='capacity' v='9' />
    <tag k='fee' v='no' />
    <tag k='orientation' v='perpendicular' />
    <tag k='parking' v='surface' />
    <tag k='source' v='survey' />
    <tag k='surface' v='paved' />
  </way>
  <way id='1092371096' timestamp='2023-07-25T21:10:16Z' uid='1468043' user='jengelh' visible='true' version='2' changeset='139008565'>
    <nd ref='10004365470' />
    <nd ref='10004365471' />
    <nd ref='3885963813' />
    <nd ref='10004365472' />
    <nd ref='10004365473' />
    <nd ref='10004365470' />
    <tag k='amenity' v='bicycle_parking' />
    <tag k='bicycle_parking' v='stands' />
    <tag k='capacity' v='24' />
    <tag k='covered' v='no' />
    <tag k='survey:date' v='2023-07-25' />
  </way>
  <way id='1092646243' timestamp='2023-08-23T14:51:43Z' uid='2573759' user='aeszter' visible='true' version='3' changeset='140280353'>
    <nd ref='434062768' />
    <nd ref='10006675477' />
    <nd ref='10006675478' />
    <nd ref='10006675479' />
    <tag k='highway' v='service' />
    <tag k='smoothness' v='good' />
    <tag k='surface' v='asphalt' />
  </way>
  <way id='1092646244' timestamp='2022-09-09T07:52:31Z' uid='2573759' user='aeszter' visible='true' version='3' changeset='125969944'>
    <nd ref='10006675478' />
    <nd ref='10006675480' />
    <tag k='highway' v='footway' />
    <tag k='lit' v='no' />
    <tag k='surface' v='concrete' />
  </way>
  <way id='1092646245' timestamp='2023-07-10T11:37:07Z' uid='2573759' user='aeszter' visible='true' version='8' changeset='138333385'>
    <nd ref='10006675480' />
    <nd ref='10006675481' />
    <tag k='handrail' v='yes' />
    <tag k='highway' v='steps' />
    <tag k='incline' v='up' />
    <tag k='lit' v='no' />
    <tag k='ramp' v='no' />
    <tag k='step_count' v='18' />
    <tag k='surface' v='concrete' />
    <tag k='tactile_paving' v='no' />
  </way>
  <way id='1092646246' timestamp='2022-09-09T07:51:43Z' uid='2573759' user='aeszter' visible='true' version='3' changeset='125969944'>
    <nd ref='10006675481' />
    <nd ref='10006675482' />
    <tag k='highway' v='footway' />
    <tag k='lit' v='no' />
    <tag k='surface' v='concrete' />
  </way>
  <way id='1096949634' timestamp='2026-07-24T14:11:20Z' uid='2725798' user='lesekaffee' visible='true' version='5' changeset='186297989'>
    <nd ref='2250164816' />
    <nd ref='11598481928' />
    <nd ref='10044627464' />
    <tag k='check_date' v='2026-07-24' />
    <tag k='construction' v='footway' />
    <tag k='highway' v='construction' />
    <tag k='surface' v='asphalt' />
  </way>
  <way id='1192179819' timestamp='2023-07-25T20:53:39Z' uid='1468043' user='jengelh' visible='true' version='1' changeset='139007873'>
    <nd ref='11067723737' />
    <nd ref='3885936698' />
    <nd ref='3885936696' />
    <nd ref='11067723750' />
    <nd ref='11067723737' />
    <tag k='amenity' v='parking_space' />
  </way>
  <way id='1192179820' timestamp='2023-07-25T20:53:39Z' uid='1468043' user='jengelh' visible='true' version='1' changeset='139007873'>
    <nd ref='11067723749' />
    <nd ref='11067723748' />
    <nd ref='11067723739' />
    <nd ref='11067723738' />
    <nd ref='11067723749' />
    <tag k='amenity' v='parking_space' />
  </way>
  <way id='1192179821' timestamp='2023-07-25T20:53:39Z' uid='1468043' user='jengelh' visible='true' version='1' changeset='139007873'>
    <nd ref='11067723748' />
    <nd ref='11067723747' />
    <nd ref='11067723740' />
    <nd ref='11067723739' />
    <nd ref='11067723748' />
    <tag k='amenity' v='parking_space' />
  </way>
  <way id='1192179822' timestamp='2023-07-25T20:53:39Z' uid='1468043' user='jengelh' visible='true' version='1' changeset='139007873'>
    <nd ref='11067723747' />
    <nd ref='11067723746' />
    <nd ref='11067723741' />
    <nd ref='11067723740' />
    <nd ref='11067723747' />
    <tag k='amenity' v='parking_space' />
  </way>
  <way id='1192179823' timestamp='2023-07-25T20:53:39Z' uid='1468043' user='jengelh' visible='true' version='1' changeset='139007873'>
    <nd ref='11067723746' />
    <nd ref='11067723745' />
    <nd ref='11067723742' />
    <nd ref='11067723741' />
    <nd ref='11067723746' />
    <tag k='amenity' v='parking_space' />
  </way>
  <way id='1192179824' timestamp='2023-07-25T20:53:39Z' uid='1468043' user='jengelh' visible='true' version='1' changeset='139007873'>
    <nd ref='11067723745' />
    <nd ref='11067723744' />
    <nd ref='11067723743' />
    <nd ref='11067723742' />
    <nd ref='11067723745' />
    <tag k='amenity' v='parking_space' />
  </way>
  <way id='1192179825' timestamp='2023-07-25T20:53:39Z' uid='1468043' user='jengelh' visible='true' version='1' changeset='139007873'>
    <nd ref='11067723726' />
    <nd ref='3885936700' />
    <nd ref='3885936705' />
    <nd ref='11067723732' />
    <nd ref='11067723726' />
    <tag k='amenity' v='parking_space' />
  </way>
  <way id='1192179826' timestamp='2023-07-25T20:53:39Z' uid='1468043' user='jengelh' visible='true' version='1' changeset='139007873'>
    <nd ref='11067723733' />
    <nd ref='11067723734' />
    <nd ref='11067723728' />
    <nd ref='11067723727' />
    <nd ref='11067723733' />
    <tag k='amenity' v='parking_space' />
  </way>
  <way id='1192179827' timestamp='2023-07-25T20:53:39Z' uid='1468043' user='jengelh' visible='true' version='1' changeset='139007873'>
    <nd ref='11067723734' />
    <nd ref='11067723735' />
    <nd ref='11067723729' />
    <nd ref='11067723728' />
    <nd ref='11067723734' />
    <tag k='amenity' v='parking_space' />
  </way>
  <way id='1192179828' timestamp='2023-07-25T20:53:39Z' uid='1468043' user='jengelh' visible='true' version='1' changeset='139007873'>
    <nd ref='11067723735' />
    <nd ref='11067723736' />
    <nd ref='11067723730' />
    <nd ref='11067723729' />
    <nd ref='11067723735' />
    <tag k='amenity' v='parking_space' />
  </way>
  <way id='1192179829' timestamp='2023-07-25T20:53:39Z' uid='1468043' user='jengelh' visible='true' version='1' changeset='139007873'>
    <nd ref='11067723736' />
    <nd ref='3885936702' />
    <nd ref='11067723731' />
    <nd ref='11067723730' />
    <nd ref='11067723736' />
    <tag k='amenity' v='parking_space' />
  </way>
  <way id='1192179830' timestamp='2023-07-25T20:53:39Z' uid='1468043' user='jengelh' visible='true' version='1' changeset='139007873'>
    <nd ref='3885936702' />
    <nd ref='11067723743' />
    <nd ref='11067723744' />
    <nd ref='11067723731' />
    <nd ref='3885936702' />
    <tag k='natural' v='heath' />
  </way>
  <way id='1192179831' timestamp='2023-07-25T20:53:39Z' uid='1468043' user='jengelh' visible='true' version='1' changeset='139007873'>
    <nd ref='11067723750' />
    <nd ref='11067723749' />
    <nd ref='11067723738' />
    <nd ref='11067723737' />
    <nd ref='11067723750' />
    <tag k='amenity' v='parking_space' />
  </way>
  <way id='1192179832' timestamp='2023-07-25T20:53:39Z' uid='1468043' user='jengelh' visible='true' version='1' changeset='139007873'>
    <nd ref='11067723732' />
    <nd ref='11067723733' />
    <nd ref='11067723727' />
    <nd ref='11067723726' />
    <nd ref='11067723732' />
    <tag k='amenity' v='parking_space' />
  </way>
  <way id='1192180019' timestamp='2026-02-04T10:42:16Z' uid='23647113' user='PhOeNiX1580' visible='true' version='6' changeset='178088596'>
    <nd ref='11067712251' />
    <nd ref='11067712250' />
    <nd ref='11067712249' />
    <nd ref='11067712248' />
    <nd ref='11067712247' />
    <nd ref='11067712246' />
    <nd ref='11067712245' />
    <nd ref='11067712244' />
    <nd ref='11067712243' />
    <nd ref='11067712242' />
    <nd ref='11067712241' />
    <nd ref='11067712240' />
    <nd ref='11067712239' />
    <nd ref='11067712238' />
    <nd ref='11067712237' />
    <nd ref='11067712236' />
    <nd ref='11067712235' />
    <nd ref='11067712234' />
    <nd ref='11067712233' />
    <tag k='handrail' v='no' />
    <tag k='highway' v='steps' />
    <tag k='incline' v='up' />
    <tag k='lit' v='yes' />
    <tag k='ramp' v='no' />
    <tag k='step_count' v='28' />
    <tag k='surface' v='fine_gravel' />
  </way>
  <way id='1192182349' timestamp='2023-07-25T21:10:16Z' uid='1468043' user='jengelh' visible='true' version='1' changeset='139008565'>
    <nd ref='6695031892' />
    <nd ref='10004365471' />
    <nd ref='3885963813' />
    <tag k='barrier' v='retaining_wall' />
  </way>
  <way id='1192182350' timestamp='2023-08-17T13:29:18Z' uid='2573759' user='aeszter' visible='true' version='2' changeset='140013330'>
    <nd ref='11067749937' />
    <nd ref='11067749936' />
    <nd ref='11067749935' />
    <nd ref='11067749934' />
    <nd ref='11067749937' />
    <tag k='amenity' v='bicycle_parking' />
    <tag k='bicycle_parking' v='stands' />
    <tag k='capacity' v='22' />
    <tag k='covered' v='no' />
    <tag k='survey:date' v='2023-07-25' />
  </way>
  <way id='1192182351' timestamp='2023-08-17T13:29:18Z' uid='2573759' user='aeszter' visible='true' version='2' changeset='140013330'>
    <nd ref='11067749941' />
    <nd ref='11067749940' />
    <nd ref='11067749939' />
    <nd ref='11067749938' />
    <nd ref='11067749941' />
    <tag k='amenity' v='bicycle_parking' />
    <tag k='bicycle_parking' v='stands' />
    <tag k='capacity' v='8' />
    <tag k='covered' v='no' />
    <tag k='survey:date' v='2023-07-25' />
  </way>
  <way id='1192182352' timestamp='2023-08-23T14:59:35Z' uid='2573759' user='aeszter' visible='true' version='4' changeset='140280422'>
    <nd ref='11067749942' />
    <nd ref='7009049711' />
    <tag k='highway' v='footway' />
    <tag k='lit' v='yes' />
    <tag k='smoothness' v='excellent' />
    <tag k='surface' v='asphalt' />
  </way>
  <way id='1192182353' timestamp='2023-07-25T21:10:16Z' uid='1468043' user='jengelh' visible='true' version='1' changeset='139008565'>
    <nd ref='11067750608' />
    <nd ref='11067750001' />
    <tag k='barrier' v='guard_rail' />
    <tag k='material' v='metal' />
  </way>
  <way id='1192182354' timestamp='2026-02-06T20:13:38Z' uid='1468043' user='jengelh' visible='true' version='3' changeset='178204117'>
    <nd ref='11067749981' />
    <nd ref='11067750652' />
    <nd ref='2597825723' />
    <nd ref='3885964378' />
    <nd ref='3885964377' />
    <nd ref='7140674240' />
    <nd ref='7140674239' />
    <nd ref='11067750635' />
    <nd ref='7140674238' />
    <nd ref='7140674237' />
    <nd ref='7140674236' />
    <nd ref='11067749980' />
    <nd ref='2052752559' />
    <nd ref='2052752566' />
    <nd ref='2052752553' />
    <nd ref='4111602050' />
    <nd ref='3885964387' />
    <nd ref='11067749992' />
    <nd ref='11067749993' />
    <nd ref='11067749994' />
    <nd ref='11067749995' />
    <nd ref='11067749996' />
    <nd ref='11067749997' />
    <nd ref='11067749998' />
    <nd ref='11067749999' />
    <nd ref='11067750000' />
    <nd ref='8685895054' />
    <nd ref='8920329799' />
    <nd ref='8685895047' />
    <nd ref='8920329800' />
    <nd ref='8920329801' />
    <nd ref='11067750606' />
    <nd ref='8685895046' />
    <nd ref='8685895053' />
    <nd ref='8685895052' />
    <nd ref='8685895051' />
    <nd ref='8685895050' />
    <nd ref='8685895045' />
    <nd ref='8920329802' />
    <nd ref='8685895049' />
    <nd ref='11067750605' />
    <nd ref='11067750004' />
    <nd ref='8685895048' />
    <nd ref='8685895056' />
    <nd ref='11067750003' />
    <nd ref='11067750002' />
    <nd ref='11067750001' />
    <nd ref='11067749981' />
    <tag k='natural' v='grassland' />
  </way>
  <way id='1192182355' timestamp='2024-02-24T14:34:01Z' uid='1468043' user='jengelh' visible='true' version='2' changeset='147857774'>
    <nd ref='11659701453' />
    <nd ref='11659701431' />
    <nd ref='5940417928' />
    <nd ref='11067750613' />
    <nd ref='11067750612' />
    <nd ref='11067750611' />
    <nd ref='11067750610' />
    <nd ref='11067750618' />
    <nd ref='11067750617' />
    <nd ref='11659701451' />
    <nd ref='11659701453' />
    <tag k='landuse' v='meadow' />
  </way>
  <way id='1192182356' timestamp='2024-02-24T14:34:01Z' uid='1468043' user='jengelh' visible='true' version='2' changeset='147857774'>
    <nd ref='11067750624' />
    <nd ref='11067750623' />
    <nd ref='11067750622' />
    <nd ref='11067750621' />
    <nd ref='11067750620' />
    <nd ref='11067750619' />
    <nd ref='5940417940' />
    <tag k='access' v='private' />
    <tag k='construction_date' v='2018' />
    <tag k='highway' v='service' />
    <tag k='service' v='driveway' />
    <tag k='sidewalk' v='no' />
    <tag k='surface' v='asphalt' />
    <tag k='survey:date' v='2018-09-29' />
    <tag k='tracktype' v='grade2' />
  </way>
  <way id='1192182357' timestamp='2024-02-24T14:34:01Z' uid='1468043' user='jengelh' visible='true' version='2' changeset='147857774'>
    <nd ref='5940417925' />
    <nd ref='11067750627' />
    <nd ref='11067750626' />
    <nd ref='11067750625' />
    <nd ref='5940417925' />
    <tag k='building' v='stable' />
    <tag k='building:levels' v='1' />
    <tag k='building:material' v='wood' />
    <tag k='roof:direction' v='135' />
    <tag k='roof:shape' v='skillion' />
  </way>
  <way id='1192182358' timestamp='2024-02-24T14:34:01Z' uid='1468043' user='jengelh' visible='true' version='2' changeset='147857774'>
    <nd ref='11067750628' />
    <nd ref='11067750629' />
    <nd ref='11067750630' />
    <nd ref='11067750631' />
    <nd ref='11067750632' />
    <nd ref='11067750633' />
    <nd ref='11067750634' />
    <nd ref='1690082973' />
    <nd ref='11067750660' />
    <nd ref='11659701462' />
    <nd ref='11067750628' />
    <tag k='landuse' v='grass' />
  </way>
  <way id='1192182359' timestamp='2024-02-24T14:34:01Z' uid='1468043' user='jengelh' visible='true' version='2' changeset='147857774'>
    <nd ref='11067750639' />
    <nd ref='11067750638' />
    <nd ref='11067750637' />
    <nd ref='11067750636' />
    <nd ref='11067750639' />
    <tag k='building' v='stable' />
  </way>
  <way id='1192182360' timestamp='2023-07-25T21:10:16Z' uid='1468043' user='jengelh' visible='true' version='1' changeset='139008565'>
    <nd ref='3885964376' />
    <nd ref='3885964377' />
    <nd ref='3885964378' />
    <nd ref='2597825723' />
    <nd ref='11067750652' />
    <nd ref='11067749981' />
    <nd ref='11067750651' />
    <nd ref='11067750650' />
    <nd ref='11067750649' />
    <nd ref='11067750648' />
    <nd ref='11067750647' />
    <nd ref='11067750646' />
    <nd ref='11067750645' />
    <nd ref='11067750644' />
    <nd ref='11067750643' />
    <nd ref='11067750642' />
    <nd ref='11067750641' />
    <nd ref='11067750640' />
    <nd ref='11067750657' />
    <nd ref='11067750658' />
    <nd ref='11067750659' />
    <nd ref='3885964376' />
    <tag k='natural' v='scrub' />
  </way>
  <way id='1192182361' timestamp='2024-02-24T14:34:01Z' uid='1468043' user='jengelh' visible='true' version='2' changeset='147857774'>
    <nd ref='11067750662' />
    <nd ref='11067750661' />
    <nd ref='11659701462' />
    <nd ref='11067750660' />
    <nd ref='1690082977' />
    <nd ref='11659701463' />
    <nd ref='11659701466' />
    <nd ref='3885964376' />
    <nd ref='11067750659' />
    <nd ref='11067750658' />
    <nd ref='11067750657' />
    <nd ref='11067750656' />
    <nd ref='11067750655' />
    <nd ref='11067750654' />
    <nd ref='1707439610' />
    <nd ref='4090143943' />
    <nd ref='1707439589' />
    <nd ref='4090143942' />
    <nd ref='1707439570' />
    <nd ref='4090143941' />
    <nd ref='1707439562' />
    <nd ref='4090143940' />
    <nd ref='1707439557' />
    <nd ref='4090143938' />
    <nd ref='1707439540' />
    <nd ref='4090143936' />
    <nd ref='1707439535' />
    <nd ref='11067750653' />
    <nd ref='11067750662' />
    <tag k='natural' v='grassland' />
  </way>
  <way id='1247675009' timestamp='2024-02-08T14:28:12Z' uid='1468043' user='jengelh' visible='true' version='1' changeset='147220321'>
    <nd ref='11598481886' />
    <nd ref='11598481891' />
    <nd ref='11598481890' />
    <nd ref='11598481883' />
    <nd ref='11598481886' />
    <tag k='amenity' v='parking_space' />
  </way>
  <way id='1247675010' timestamp='2024-02-08T14:28:12Z' uid='1468043' user='jengelh' visible='true' version='1' changeset='147220321'>
    <nd ref='11598481887' />
    <nd ref='11598481886' />
    <nd ref='11598481883' />
    <nd ref='11598481884' />
    <nd ref='11598481887' />
    <tag k='amenity' v='parking_space' />
  </way>
  <way id='1247675011' timestamp='2024-02-08T14:28:12Z' uid='1468043' user='jengelh' visible='true' version='1' changeset='147220321'>
    <nd ref='11598481888' />
    <nd ref='11598481887' />
    <nd ref='11598481884' />
    <nd ref='11598481885' />
    <nd ref='11598481888' />
    <tag k='amenity' v='parking_space' />
  </way>
  <way id='1247675012' timestamp='2024-02-08T14:28:12Z' uid='1468043' user='jengelh' visible='true' version='1' changeset='147220321'>
    <nd ref='11598481892' />
    <nd ref='11598481888' />
    <nd ref='11598481885' />
    <nd ref='11598481889' />
    <nd ref='11598481892' />
    <tag k='amenity' v='parking_space' />
  </way>
  <way id='1247675013' timestamp='2024-02-08T14:28:12Z' uid='1468043' user='jengelh' visible='true' version='1' changeset='147220321'>
    <nd ref='11598481896' />
    <nd ref='11598481893' />
    <nd ref='11598481902' />
    <nd ref='11598481900' />
    <nd ref='11598481896' />
    <tag k='amenity' v='parking_space' />
    <tag k='parking_space' v='disabled' />
  </way>
  <way id='1247675014' timestamp='2024-02-08T14:28:12Z' uid='1468043' user='jengelh' visible='true' version='1' changeset='147220321'>
    <nd ref='11598481897' />
    <nd ref='11598481894' />
    <nd ref='11598481893' />
    <nd ref='11598481896' />
    <nd ref='11598481897' />
    <tag k='amenity' v='parking_space' />
  </way>
  <way id='1247675015' timestamp='2024-02-08T14:28:12Z' uid='1468043' user='jengelh' visible='true' version='1' changeset='147220321'>
    <nd ref='11598481898' />
    <nd ref='11598481895' />
    <nd ref='11598481894' />
    <nd ref='11598481897' />
    <nd ref='11598481898' />
    <tag k='amenity' v='parking_space' />
  </way>
  <way id='1247675016' timestamp='2024-02-08T14:28:12Z' uid='1468043' user='jengelh' visible='true' version='1' changeset='147220321'>
    <nd ref='11598481899' />
    <nd ref='11598481901' />
    <nd ref='11598481895' />
    <nd ref='11598481898' />
    <nd ref='11598481899' />
    <tag k='amenity' v='parking_space' />
  </way>
  <way id='1247675017' timestamp='2024-02-08T14:28:12Z' uid='1468043' user='jengelh' visible='true' version='1' changeset='147220321'>
    <nd ref='11598481914' />
    <nd ref='11598481903' />
    <nd ref='11598481926' />
    <nd ref='11598481925' />
    <nd ref='11598481914' />
    <tag k='amenity' v='parking_space' />
  </way>
  <way id='1247675018' timestamp='2024-02-08T14:28:12Z' uid='1468043' user='jengelh' visible='true' version='1' changeset='147220321'>
    <nd ref='11598481915' />
    <nd ref='11598481904' />
    <nd ref='11598481903' />
    <nd ref='11598481914' />
    <nd ref='11598481915' />
    <tag k='amenity' v='parking_space' />
  </way>
  <way id='1247675019' timestamp='2024-02-08T14:28:12Z' uid='1468043' user='jengelh' visible='true' version='1' changeset='147220321'>
    <nd ref='11598481916' />
    <nd ref='11598481905' />
    <nd ref='11598481904' />
    <nd ref='11598481915' />
    <nd ref='11598481916' />
    <tag k='amenity' v='parking_space' />
  </way>
  <way id='1247675020' timestamp='2024-02-08T14:28:12Z' uid='1468043' user='jengelh' visible='true' version='1' changeset='147220321'>
    <nd ref='11598481917' />
    <nd ref='11598481906' />
    <nd ref='11598481905' />
    <nd ref='11598481916' />
    <nd ref='11598481917' />
    <tag k='amenity' v='parking_space' />
  </way>
  <way id='1247675021' timestamp='2024-02-08T14:28:12Z' uid='1468043' user='jengelh' visible='true' version='1' changeset='147220321'>
    <nd ref='11598481918' />
    <nd ref='11598481907' />
    <nd ref='11598481906' />
    <nd ref='11598481917' />
    <nd ref='11598481918' />
    <tag k='amenity' v='parking_space' />
  </way>
  <way id='1247675022' timestamp='2024-02-08T14:28:12Z' uid='1468043' user='jengelh' visible='true' version='1' changeset='147220321'>
    <nd ref='11598481919' />
    <nd ref='11598481908' />
    <nd ref='11598481907' />
    <nd ref='11598481918' />
    <nd ref='11598481919' />
    <tag k='amenity' v='parking_space' />
  </way>
  <way id='1247675023' timestamp='2024-02-08T14:28:12Z' uid='1468043' user='jengelh' visible='true' version='1' changeset='147220321'>
    <nd ref='11598481920' />
    <nd ref='11598481909' />
    <nd ref='11598481908' />
    <nd ref='11598481919' />
    <nd ref='11598481920' />
    <tag k='amenity' v='parking_space' />
  </way>
  <way id='1247675024' timestamp='2024-02-08T14:28:12Z' uid='1468043' user='jengelh' visible='true' version='1' changeset='147220321'>
    <nd ref='11598481921' />
    <nd ref='11598481910' />
    <nd ref='11598481909' />
    <nd ref='11598481920' />
    <nd ref='11598481921' />
    <tag k='amenity' v='parking_space' />
  </way>
  <way id='1247675025' timestamp='2024-02-08T14:28:12Z' uid='1468043' user='jengelh' visible='true' version='1' changeset='147220321'>
    <nd ref='11598481922' />
    <nd ref='11598481911' />
    <nd ref='11598481910' />
    <nd ref='11598481921' />
    <nd ref='11598481922' />
    <tag k='amenity' v='parking_space' />
  </way>
  <way id='1247675026' timestamp='2024-02-08T14:28:12Z' uid='1468043' user='jengelh' visible='true' version='1' changeset='147220321'>
    <nd ref='11598481923' />
    <nd ref='11598481912' />
    <nd ref='11598481911' />
    <nd ref='11598481922' />
    <nd ref='11598481923' />
    <tag k='amenity' v='parking_space' />
  </way>
  <way id='1247675027' timestamp='2024-02-08T14:28:12Z' uid='1468043' user='jengelh' visible='true' version='1' changeset='147220321'>
    <nd ref='11598481924' />
    <nd ref='11598481913' />
    <nd ref='11598481912' />
    <nd ref='11598481923' />
    <nd ref='11598481924' />
    <tag k='amenity' v='parking_space' />
  </way>
  <way id='1247675028' timestamp='2024-02-08T14:28:12Z' uid='1468043' user='jengelh' visible='true' version='1' changeset='147220321'>
    <nd ref='11598481927' />
    <nd ref='11598482611' />
    <nd ref='7009037227' />
    <nd ref='11598481913' />
    <nd ref='11598481924' />
    <nd ref='11598481927' />
    <tag k='amenity' v='parking_space' />
  </way>
  <way id='1247675029' timestamp='2024-02-08T14:28:12Z' uid='1468043' user='jengelh' visible='true' version='1' changeset='147220321'>
    <nd ref='11598481937' />
    <nd ref='11598481943' />
    <nd ref='11598481944' />
    <nd ref='11598481931' />
    <nd ref='11598481937' />
    <tag k='amenity' v='parking_space' />
  </way>
  <way id='1247675030' timestamp='2024-02-08T14:28:12Z' uid='1468043' user='jengelh' visible='true' version='1' changeset='147220321'>
    <nd ref='11598481938' />
    <nd ref='11598481937' />
    <nd ref='11598481931' />
    <nd ref='11598481932' />
    <nd ref='11598481938' />
    <tag k='amenity' v='parking_space' />
  </way>
  <way id='1247675031' timestamp='2024-02-08T14:28:12Z' uid='1468043' user='jengelh' visible='true' version='1' changeset='147220321'>
    <nd ref='11598481939' />
    <nd ref='11598481938' />
    <nd ref='11598481932' />
    <nd ref='11598481933' />
    <nd ref='11598481939' />
    <tag k='amenity' v='parking_space' />
  </way>
  <way id='1247675032' timestamp='2024-02-08T14:28:12Z' uid='1468043' user='jengelh' visible='true' version='1' changeset='147220321'>
    <nd ref='11598481940' />
    <nd ref='11598481939' />
    <nd ref='11598481933' />
    <nd ref='11598481934' />
    <nd ref='11598481940' />
    <tag k='amenity' v='parking_space' />
  </way>
  <way id='1247675033' timestamp='2024-02-08T14:28:12Z' uid='1468043' user='jengelh' visible='true' version='1' changeset='147220321'>
    <nd ref='11598481941' />
    <nd ref='11598481940' />
    <nd ref='11598481934' />
    <nd ref='11598481935' />
    <nd ref='11598481941' />
    <tag k='amenity' v='parking_space' />
  </way>
  <way id='1247675034' timestamp='2024-02-08T14:28:12Z' uid='1468043' user='jengelh' visible='true' version='1' changeset='147220321'>
    <nd ref='11598481942' />
    <nd ref='11598481941' />
    <nd ref='11598481935' />
    <nd ref='11598481936' />
    <nd ref='11598481942' />
    <tag k='amenity' v='parking_space' />
  </way>
  <way id='1247675035' timestamp='2024-02-08T14:28:12Z' uid='1468043' user='jengelh' visible='true' version='1' changeset='147220321'>
    <nd ref='11598481946' />
    <nd ref='11598481942' />
    <nd ref='11598481936' />
    <nd ref='11598481945' />
    <nd ref='11598481946' />
    <tag k='amenity' v='parking_space' />
  </way>
  <way id='1247675036' timestamp='2024-04-24T19:30:13Z' uid='1468043' user='jengelh' visible='true' version='2' changeset='150464211'>
    <nd ref='11598481946' />
    <nd ref='11598481942' />
    <nd ref='11598481941' />
    <nd ref='11598481940' />
    <nd ref='11598481939' />
    <nd ref='11598481938' />
    <nd ref='11598481937' />
    <nd ref='11598481943' />
    <nd ref='11598481944' />
    <nd ref='11598481931' />
    <nd ref='11598481932' />
    <nd ref='11598481933' />
    <nd ref='11598481934' />
    <nd ref='11598481935' />
    <nd ref='11598481936' />
    <nd ref='11598481945' />
    <nd ref='11598481946' />
    <tag k='access' v='customers' />
    <tag k='amenity' v='parking' />
    <tag k='fee' v='no' />
    <tag k='orientation' v='perpendicular' />
    <tag k='parking' v='street_side' />
  </way>
  <way id='1247675037' timestamp='2024-02-08T14:28:12Z' uid='1468043' user='jengelh' visible='true' version='1' changeset='147220321'>
    <nd ref='11598481948' />
    <nd ref='11598481947' />
    <nd ref='3338172620' />
    <nd ref='3338172622' />
    <nd ref='11598481948' />
    <tag k='amenity' v='parking_space' />
  </way>
  <way id='1247675038' timestamp='2024-02-08T14:28:12Z' uid='1468043' user='jengelh' visible='true' version='1' changeset='147220321'>
    <nd ref='3338172621' />
    <nd ref='3338172617' />
    <nd ref='11598481947' />
    <nd ref='11598481948' />
    <nd ref='3338172621' />
    <tag k='amenity' v='parking_space' />
  </way>
  <way id='1247675039' timestamp='2024-02-08T14:28:12Z' uid='1468043' user='jengelh' visible='true' version='1' changeset='147220321'>
    <nd ref='11598481957' />
    <nd ref='11598481949' />
    <nd ref='3338172616' />
    <nd ref='3338172618' />
    <nd ref='11598481957' />
    <tag k='amenity' v='parking_space' />
  </way>
  <way id='1247675040' timestamp='2024-02-08T14:28:12Z' uid='1468043' user='jengelh' visible='true' version='1' changeset='147220321'>
    <nd ref='11598481958' />
    <nd ref='11598481950' />
    <nd ref='11598481949' />
    <nd ref='11598481957' />
    <nd ref='11598481958' />
    <tag k='amenity' v='parking_space' />
  </way>
  <way id='1247675041' timestamp='2024-02-08T14:28:12Z' uid='1468043' user='jengelh' visible='true' version='1' changeset='147220321'>
    <nd ref='11598481959' />
    <nd ref='11598481951' />
    <nd ref='11598481950' />
    <nd ref='11598481958' />
    <nd ref='11598481959' />
    <tag k='amenity' v='parking_space' />
  </way>
  <way id='1247675042' timestamp='2024-02-08T14:28:12Z' uid='1468043' user='jengelh' visible='true' version='1' changeset='147220321'>
    <nd ref='11598481960' />
    <nd ref='11598481952' />
    <nd ref='11598481951' />
    <nd ref='11598481959' />
    <nd ref='11598481960' />
    <tag k='amenity' v='parking_space' />
  </way>
  <way id='1247675043' timestamp='2024-02-08T14:28:12Z' uid='1468043' user='jengelh' visible='true' version='1' changeset='147220321'>
    <nd ref='11598481961' />
    <nd ref='11598481953' />
    <nd ref='11598481952' />
    <nd ref='11598481960' />
    <nd ref='11598481961' />
    <tag k='amenity' v='parking_space' />
  </way>
  <way id='1247675044' timestamp='2024-02-08T14:28:12Z' uid='1468043' user='jengelh' visible='true' version='1' changeset='147220321'>
    <nd ref='11598481962' />
    <nd ref='11598481954' />
    <nd ref='11598481953' />
    <nd ref='11598481961' />
    <nd ref='11598481962' />
    <tag k='amenity' v='parking_space' />
  </way>
  <way id='1247675045' timestamp='2024-02-08T14:28:12Z' uid='1468043' user='jengelh' visible='true' version='1' changeset='147220321'>
    <nd ref='11598481963' />
    <nd ref='11598481955' />
    <nd ref='11598481954' />
    <nd ref='11598481962' />
    <nd ref='11598481963' />
    <tag k='amenity' v='parking_space' />
  </way>
  <way id='1247675046' timestamp='2024-02-08T14:28:12Z' uid='1468043' user='jengelh' visible='true' version='1' changeset='147220321'>
    <nd ref='11598481964' />
    <nd ref='11598481956' />
    <nd ref='11598481955' />
    <nd ref='11598481963' />
    <nd ref='11598481964' />
    <tag k='amenity' v='parking_space' />
  </way>
  <way id='1247675047' timestamp='2024-02-08T14:28:12Z' uid='1468043' user='jengelh' visible='true' version='1' changeset='147220321'>
    <nd ref='3338172611' />
    <nd ref='3338172610' />
    <nd ref='11598481956' />
    <nd ref='11598481964' />
    <nd ref='3338172611' />
    <tag k='amenity' v='parking_space' />
  </way>
  <way id='1247675048' timestamp='2024-04-24T19:30:13Z' uid='1468043' user='jengelh' visible='true' version='2' changeset='150464211'>
    <nd ref='11598482571' />
    <nd ref='11598482580' />
    <nd ref='11598482583' />
    <nd ref='11598481966' />
    <nd ref='11598482571' />
    <tag k='amenity' v='parking_space' />
  </way>
  <way id='1247675050' timestamp='2024-02-08T14:28:12Z' uid='1468043' user='jengelh' visible='true' version='1' changeset='147220321'>
    <nd ref='11598482572' />
    <nd ref='11598482571' />
    <nd ref='11598481966' />
    <nd ref='11598481967' />
    <nd ref='11598482572' />
    <tag k='amenity' v='parking_space' />
  </way>
  <way id='1247675051' timestamp='2024-02-08T14:28:12Z' uid='1468043' user='jengelh' visible='true' version='1' changeset='147220321'>
    <nd ref='11598482573' />
    <nd ref='11598482572' />
    <nd ref='11598481967' />
    <nd ref='11598481968' />
    <nd ref='11598482573' />
    <tag k='amenity' v='parking_space' />
  </way>
  <way id='1247675052' timestamp='2024-02-08T14:28:12Z' uid='1468043' user='jengelh' visible='true' version='1' changeset='147220321'>
    <nd ref='11598482574' />
    <nd ref='11598482573' />
    <nd ref='11598481968' />
    <nd ref='11598482569' />
    <nd ref='11598482574' />
    <tag k='amenity' v='parking_space' />
  </way>
  <way id='1247675053' timestamp='2024-02-08T14:28:12Z' uid='1468043' user='jengelh' visible='true' version='1' changeset='147220321'>
    <nd ref='11598482581' />
    <nd ref='11598482574' />
    <nd ref='11598482569' />
    <nd ref='11598482582' />
    <nd ref='11598482581' />
    <tag k='amenity' v='parking_space' />
  </way>
  <way id='1247675054' timestamp='2024-04-24T19:30:13Z' uid='1468043' user='jengelh' visible='true' version='2' changeset='150464211'>
    <nd ref='11598482576' />
    <nd ref='11598482584' />
    <nd ref='11598482580' />
    <nd ref='11598482571' />
    <nd ref='11598482576' />
    <tag k='amenity' v='parking_space' />
  </way>
  <way id='1247675056' timestamp='2024-02-08T14:28:12Z' uid='1468043' user='jengelh' visible='true' version='1' changeset='147220321'>
    <nd ref='11598482577' />
    <nd ref='11598482576' />
    <nd ref='11598482571' />
    <nd ref='11598482572' />
    <nd ref='11598482577' />
    <tag k='amenity' v='parking_space' />
  </way>
  <way id='1247675057' timestamp='2024-02-08T14:28:12Z' uid='1468043' user='jengelh' visible='true' version='1' changeset='147220321'>
    <nd ref='11598482578' />
    <nd ref='11598482577' />
    <nd ref='11598482572' />
    <nd ref='11598482573' />
    <nd ref='11598482578' />
    <tag k='amenity' v='parking_space' />
  </way>
  <way id='1247675058' timestamp='2024-02-08T14:28:12Z' uid='1468043' user='jengelh' visible='true' version='1' changeset='147220321'>
    <nd ref='11598482579' />
    <nd ref='11598482578' />
    <nd ref='11598482573' />
    <nd ref='11598482574' />
    <nd ref='11598482579' />
    <tag k='amenity' v='parking_space' />
  </way>
  <way id='1247675059' timestamp='2024-02-08T14:28:12Z' uid='1468043' user='jengelh' visible='true' version='1' changeset='147220321'>
    <nd ref='11598482585' />
    <nd ref='11598482579' />
    <nd ref='11598482574' />
    <nd ref='11598482581' />
    <nd ref='11598482585' />
    <tag k='amenity' v='parking_space' />
  </way>
  <way id='1247675060' timestamp='2024-02-08T14:28:12Z' uid='1468043' user='jengelh' visible='true' version='1' changeset='147220321'>
    <nd ref='11598482592' />
    <nd ref='11598482586' />
    <nd ref='11598482599' />
    <nd ref='11598482598' />
    <nd ref='11598482592' />
    <tag k='amenity' v='parking_space' />
  </way>
  <way id='1247675061' timestamp='2024-02-08T14:28:12Z' uid='1468043' user='jengelh' visible='true' version='1' changeset='147220321'>
    <nd ref='11598482593' />
    <nd ref='11598482587' />
    <nd ref='11598482586' />
    <nd ref='11598482592' />
    <nd ref='11598482593' />
    <tag k='amenity' v='parking_space' />
  </way>
  <way id='1247675062' timestamp='2024-02-08T14:28:12Z' uid='1468043' user='jengelh' visible='true' version='1' changeset='147220321'>
    <nd ref='11598482594' />
    <nd ref='11598482588' />
    <nd ref='11598482587' />
    <nd ref='11598482593' />
    <nd ref='11598482594' />
    <tag k='amenity' v='parking_space' />
  </way>
  <way id='1247675063' timestamp='2024-02-08T14:28:12Z' uid='1468043' user='jengelh' visible='true' version='1' changeset='147220321'>
    <nd ref='11598482595' />
    <nd ref='11598482589' />
    <nd ref='11598482588' />
    <nd ref='11598482594' />
    <nd ref='11598482595' />
    <tag k='amenity' v='parking_space' />
  </way>
  <way id='1247675064' timestamp='2024-02-08T14:28:12Z' uid='1468043' user='jengelh' visible='true' version='1' changeset='147220321'>
    <nd ref='11598482596' />
    <nd ref='11598482590' />
    <nd ref='11598482589' />
    <nd ref='11598482595' />
    <nd ref='11598482596' />
    <tag k='amenity' v='parking_space' />
  </way>
  <way id='1247675065' timestamp='2024-02-08T14:28:12Z' uid='1468043' user='jengelh' visible='true' version='1' changeset='147220321'>
    <nd ref='11598482597' />
    <nd ref='11598482591' />
    <nd ref='11598482590' />
    <nd ref='11598482596' />
    <nd ref='11598482597' />
    <tag k='amenity' v='parking_space' />
  </way>
  <way id='1247675066' timestamp='2024-02-08T14:28:12Z' uid='1468043' user='jengelh' visible='true' version='1' changeset='147220321'>
    <nd ref='7009037233' />
    <nd ref='7009037230' />
    <nd ref='11598482591' />
    <nd ref='11598482597' />
    <nd ref='7009037233' />
    <tag k='amenity' v='parking_space' />
  </way>
  <way id='1247675067' timestamp='2024-02-08T14:28:12Z' uid='1468043' user='jengelh' visible='true' version='1' changeset='147220321'>
    <nd ref='11598482601' />
    <nd ref='7009037232' />
    <nd ref='7009037231' />
    <nd ref='11598482600' />
    <nd ref='11598482601' />
    <tag k='building' v='garage' />
    <tag k='building:levels' v='1' />
    <tag k='roof:shape' v='flat' />
  </way>
  <way id='1247675068' timestamp='2024-02-08T14:28:12Z' uid='1468043' user='jengelh' visible='true' version='1' changeset='147220321'>
    <nd ref='11598482603' />
    <nd ref='11598482602' />
    <nd ref='11598482612' />
    <nd ref='11598481926' />
    <nd ref='11598481903' />
    <nd ref='11598481904' />
    <nd ref='11598481905' />
    <nd ref='11598481906' />
    <nd ref='11598481907' />
    <nd ref='11598481908' />
    <nd ref='11598481909' />
    <nd ref='11598481910' />
    <nd ref='11598481911' />
    <nd ref='11598481912' />
    <nd ref='11598481913' />
    <nd ref='7009037227' />
    <nd ref='11598482611' />
    <nd ref='11598482610' />
    <nd ref='11598482609' />
    <nd ref='11598482608' />
    <nd ref='11598482607' />
    <nd ref='11598482606' />
    <nd ref='11598482605' />
    <nd ref='11598482604' />
    <nd ref='11598482603' />
    <tag k='natural' v='scrub' />
  </way>
  <way id='1254322031' timestamp='2024-12-06T13:54:09Z' uid='2573759' user='aeszter' visible='true' version='2' changeset='159995529'>
    <nd ref='11659701456' />
    <nd ref='11659701457' />
    <nd ref='11659701390' />
    <nd ref='11659701389' />
    <nd ref='11659701388' />
    <nd ref='11659701456' />
    <tag k='removed:building' v='yes' />
  </way>
  <way id='1254322032' timestamp='2024-02-24T14:34:01Z' uid='1468043' user='jengelh' visible='true' version='1' changeset='147857774'>
    <nd ref='11659701445' />
    <nd ref='11659701458' />
    <tag k='barrier' v='retaining_wall' />
  </way>
  <way id='1254322033' timestamp='2026-02-22T15:18:53Z' uid='1468043' user='jengelh' visible='true' version='3' changeset='178903233'>
    <nd ref='12040069715' />
    <nd ref='12040069718' />
    <nd ref='12040069712' />
    <nd ref='13590655421' />
    <nd ref='12040069713' />
    <nd ref='13590655420' />
    <nd ref='12040069717' />
    <nd ref='12040069716' />
    <nd ref='12040069715' />
    <tag k='architect' v='NOVA Michael Beck Architekten GmbH' />
    <tag k='building' v='construction' />
    <tag k='construction' v='university' />
    <tag k='construction_date' v='2024-11' />
    <tag k='name' v='Turm 7' />
    <tag k='start_date' v='2027-07' />
    <tag k='survey:date' v='2024-02-24' />
  </way>
  <way id='1254322034' timestamp='2024-02-24T14:34:01Z' uid='1468043' user='jengelh' visible='true' version='1' changeset='147857774'>
    <nd ref='11067750624' />
    <nd ref='11659701394' />
    <nd ref='11659701397' />
    <nd ref='11659701396' />
    <nd ref='11659696348' />
    <nd ref='11659701395' />
    <tag k='access' v='private' />
    <tag k='highway' v='path' />
  </way>
  <way id='1254322035' timestamp='2024-02-24T14:34:01Z' uid='1468043' user='jengelh' visible='true' version='1' changeset='147857774'>
    <nd ref='11659701399' />
    <nd ref='11659701401' />
    <nd ref='11067750620' />
    <tag k='highway' v='path' />
  </way>
  <way id='1254322036' timestamp='2024-02-24T14:34:01Z' uid='1468043' user='jengelh' visible='true' version='1' changeset='147857774'>
    <nd ref='11659701400' />
    <nd ref='11659701402' />
    <nd ref='11659701398' />
    <tag k='highway' v='path' />
  </way>
  <way id='1254322037' timestamp='2024-02-24T14:34:01Z' uid='1468043' user='jengelh' visible='true' version='1' changeset='147857774'>
    <nd ref='11659701427' />
    <nd ref='11659701426' />
    <nd ref='11659701425' />
    <nd ref='11659701424' />
    <nd ref='11659701423' />
    <nd ref='11659701422' />
    <nd ref='11659701421' />
    <nd ref='11659701420' />
    <nd ref='11659701419' />
    <nd ref='11659701418' />
    <nd ref='11659701417' />
    <nd ref='11659701416' />
    <nd ref='11659701415' />
    <nd ref='11659701414' />
    <nd ref='11659701413' />
    <nd ref='11659701412' />
    <nd ref='11659701411' />
    <nd ref='11659701410' />
    <nd ref='11659701409' />
    <nd ref='11659701408' />
    <nd ref='11659701407' />
    <nd ref='11659701406' />
    <nd ref='11659701405' />
    <nd ref='11659701404' />
    <nd ref='11659701427' />
    <tag k='man_made' v='chimney' />
  </way>
  <way id='1254322038' timestamp='2024-02-24T14:34:01Z' uid='1468043' user='jengelh' visible='true' version='1' changeset='147857774'>
    <nd ref='11067750626' />
    <nd ref='11067750627' />
    <nd ref='11659701429' />
    <nd ref='11659701428' />
    <nd ref='11067750626' />
    <tag k='building' v='roof' />
    <tag k='layer' v='1' />
  </way>
  <way id='1254322039' timestamp='2024-02-24T14:34:01Z' uid='1468043' user='jengelh' visible='true' version='1' changeset='147857774'>
    <nd ref='1690082970' />
    <nd ref='11659701455' />
    <nd ref='11659701393' />
    <nd ref='11659701452' />
    <nd ref='5940417915' />
    <nd ref='11659701430' />
    <nd ref='11067750634' />
    <nd ref='1690082973' />
    <nd ref='7974992953' />
    <nd ref='240961917' />
    <tag k='barrier' v='fence' />
    <tag k='fence_type' v='chain_link' />
  </way>
  <way id='1254322040' timestamp='2024-02-24T14:34:01Z' uid='1468043' user='jengelh' visible='true' version='1' changeset='147857774'>
    <nd ref='11659701439' />
    <nd ref='11659701438' />
    <nd ref='11659701437' />
    <nd ref='11659701436' />
    <nd ref='11659701439' />
    <tag k='building' v='stable' />
  </way>
  <way id='1254322041' timestamp='2024-02-24T14:34:01Z' uid='1468043' user='jengelh' visible='true' version='1' changeset='147857774'>
    <nd ref='1707439471' />
    <nd ref='11659701443' />
    <nd ref='11659701442' />
    <nd ref='11659701441' />
    <nd ref='1707439471' />
    <tag k='building' v='roof' />
  </way>
  <way id='1254322042' timestamp='2024-02-24T14:34:01Z' uid='1468043' user='jengelh' visible='true' version='1' changeset='147857774'>
    <nd ref='1707439474' />
    <nd ref='1707439480' />
    <nd ref='3338172624' />
    <nd ref='11659701444' />
    <nd ref='1707439474' />
    <tag k='building:part' v='yes' />
  </way>
  <way id='1254322043' timestamp='2024-02-24T14:34:01Z' uid='1468043' user='jengelh' visible='true' version='1' changeset='147857774'>
    <nd ref='1707439474' />
    <nd ref='11659701444' />
    <nd ref='3338172623' />
    <nd ref='1707439466' />
    <nd ref='1707439474' />
    <tag k='building:part' v='yes' />
  </way>
  <way id='1254322044' timestamp='2024-02-24T14:34:01Z' uid='1468043' user='jengelh' visible='true' version='1' changeset='147857774'>
    <nd ref='1707439474' />
    <nd ref='1707439466' />
    <nd ref='1707439461' />
    <nd ref='11659701443' />
    <nd ref='1707439471' />
    <nd ref='11659701403' />
    <nd ref='1707439490' />
    <nd ref='1707439474' />
    <tag k='building:part' v='yes' />
  </way>
  <way id='1254322045' timestamp='2024-02-24T14:34:01Z' uid='1468043' user='jengelh' visible='true' version='1' changeset='147857774'>
    <nd ref='11659701447' />
    <nd ref='11659701445' />
    <nd ref='11659701446' />
    <nd ref='1707439441' />
    <nd ref='11659701447' />
    <tag k='building' v='yes' />
  </way>
  <way id='1254322046' timestamp='2024-02-24T14:34:01Z' uid='1468043' user='jengelh' visible='true' version='1' changeset='147857774'>
    <nd ref='11659701391' />
    <nd ref='11659701484' />
    <nd ref='11659701485' />
    <nd ref='2250164821' />
    <nd ref='11659701486' />
    <nd ref='11659701497' />
    <nd ref='11659701496' />
    <nd ref='11659701495' />
    <nd ref='11659701387' />
    <nd ref='11659701494' />
    <nd ref='11659701493' />
    <nd ref='11659701492' />
    <nd ref='11659701491' />
    <nd ref='11659701490' />
    <nd ref='11659701489' />
    <nd ref='11659701488' />
    <nd ref='11659701487' />
    <nd ref='2597825722' />
    <nd ref='1690082970' />
    <nd ref='11659701481' />
    <nd ref='11659701482' />
    <nd ref='11659701483' />
    <nd ref='11659701391' />
    <tag k='landuse' v='construction' />
    <tag k='survey:date' v='2024-02-24' />
  </way>
  <way id='1254322047' timestamp='2024-02-24T14:34:01Z' uid='1468043' user='jengelh' visible='true' version='1' changeset='147857774'>
    <nd ref='11659701452' />
    <nd ref='5940417915' />
    <nd ref='11659701431' />
    <nd ref='11659701453' />
    <nd ref='11659701452' />
    <tag k='natural' v='scrub' />
  </way>
  <way id='1254322053' timestamp='2024-12-06T13:54:09Z' uid='2573759' user='aeszter' visible='true' version='2' changeset='159995529'>
    <nd ref='11659701459' />
    <nd ref='11659701458' />
    <nd ref='11659701457' />
    <nd ref='11659701456' />
    <nd ref='11659701459' />
    <tag k='removed:building' v='yes' />
  </way>
  <way id='1254322054' timestamp='2024-12-06T13:54:09Z' uid='2573759' user='aeszter' visible='true' version='2' changeset='159995529'>
    <nd ref='11659701461' />
    <nd ref='1707439427' />
    <nd ref='11659701460' />
    <nd ref='11659701459' />
    <nd ref='11659701461' />
    <tag k='removed:building' v='yes' />
  </way>
  <way id='1254322055' timestamp='2024-02-24T14:34:01Z' uid='1468043' user='jengelh' visible='true' version='1' changeset='147857774'>
    <nd ref='11067750664' />
    <nd ref='11659701464' />
    <nd ref='11659701465' />
    <nd ref='11659701466' />
    <tag k='access' v='private' />
    <tag k='highway' v='service' />
    <tag k='service' v='driveway' />
    <tag k='surface' v='compacted' />
  </way>
  <way id='1254322056' timestamp='2024-02-24T14:34:01Z' uid='1468043' user='jengelh' visible='true' version='1' changeset='147857774'>
    <nd ref='11659701478' />
    <nd ref='11659701393' />
    <nd ref='11659701395' />
    <tag k='access' v='private' />
    <tag k='highway' v='service' />
    <tag k='service' v='driveway' />
    <tag k='sidewalk' v='no' />
    <tag k='surface' v='asphalt' />
  </way>
  <way id='1254322057' timestamp='2024-02-24T14:34:01Z' uid='1468043' user='jengelh' visible='true' version='1' changeset='147857774'>
    <nd ref='1500272807' />
    <nd ref='377898776' />
    <nd ref='11659701432' />
    <nd ref='11659701478' />
    <nd ref='11659701433' />
    <nd ref='11659701434' />
    <nd ref='377898786' />
    <nd ref='409701139' />
    <tag k='construction_date' v='2018' />
    <tag k='highway' v='service' />
    <tag k='lit' v='no' />
    <tag k='sidewalk' v='no' />
    <tag k='surface' v='asphalt' />
    <tag k='survey:date' v='2021-07-16' />
  </way>
  <way id='1254322058' timestamp='2024-02-24T14:34:01Z' uid='1468043' user='jengelh' visible='true' version='1' changeset='147857774'>
    <nd ref='11659701497' />
    <nd ref='11659701480' />
    <nd ref='11659701481' />
    <nd ref='11659701482' />
    <nd ref='11659701483' />
    <nd ref='11659701391' />
    <nd ref='11659701484' />
    <nd ref='11659701485' />
    <nd ref='2250164821' />
    <nd ref='11659701486' />
    <nd ref='11659701497' />
    <tag k='natural' v='scrub' />
  </way>
  <way id='1254322059' timestamp='2025-04-15T10:40:17Z' uid='1468043' user='jengelh' visible='true' version='2' changeset='164978013'>
    <nd ref='11659701506' />
    <nd ref='5874084282' />
    <nd ref='5874084283' />
    <nd ref='5788035001' />
    <nd ref='1500272807' />
    <tag k='access' v='no' />
    <tag k='access:description' v='construction' />
    <tag k='construction_date' v='2018' />
    <tag k='highway' v='service' />
    <tag k='lit' v='no' />
    <tag k='sidewalk' v='no' />
    <tag k='surface' v='asphalt' />
    <tag k='survey:date' v='2024-02-24' />
  </way>
  <way id='1254322061' timestamp='2024-02-24T14:34:01Z' uid='1468043' user='jengelh' visible='true' version='1' changeset='147857774'>
    <nd ref='5874096088' />
    <nd ref='11659701506' />
    <nd ref='11659701505' />
    <nd ref='11659701504' />
    <nd ref='11659701503' />
    <nd ref='11659701502' />
    <nd ref='11659701501' />
    <nd ref='11659701500' />
    <nd ref='11659701499' />
    <nd ref='11659701498' />
    <nd ref='11659696349' />
    <nd ref='1500272807' />
    <tag k='bicycle' v='yes' />
    <tag k='highway' v='footway' />
    <tag k='surface' v='fine_gravel' />
    <tag k='survey:date' v='2024-02-24' />
    <tag k='traffic_sign' v='none' />
  </way>
  <way id='1275827550' timestamp='2024-04-24T19:30:13Z' uid='1468043' user='jengelh' visible='true' version='1' changeset='150464211'>
    <nd ref='11845330045' />
    <nd ref='3885936714' />
    <nd ref='3885936715' />
    <nd ref='11845330035' />
    <nd ref='11845330045' />
    <tag k='amenity' v='parking_space' />
  </way>
  <way id='1275827551' timestamp='2024-04-24T19:30:13Z' uid='1468043' user='jengelh' visible='true' version='1' changeset='150464211'>
    <nd ref='11845330046' />
    <nd ref='11845330045' />
    <nd ref='11845330035' />
    <nd ref='11845330036' />
    <nd ref='11845330046' />
    <tag k='amenity' v='parking_space' />
  </way>
  <way id='1275827552' timestamp='2024-04-24T19:30:13Z' uid='1468043' user='jengelh' visible='true' version='1' changeset='150464211'>
    <nd ref='11845330047' />
    <nd ref='11845330046' />
    <nd ref='11845330036' />
    <nd ref='11845330037' />
    <nd ref='11845330047' />
    <tag k='amenity' v='parking_space' />
  </way>
  <way id='1275827553' timestamp='2024-04-24T19:30:13Z' uid='1468043' user='jengelh' visible='true' version='1' changeset='150464211'>
    <nd ref='11845330048' />
    <nd ref='11845330047' />
    <nd ref='11845330037' />
    <nd ref='11845330038' />
    <nd ref='11845330048' />
    <tag k='amenity' v='parking_space' />
  </way>
  <way id='1275827554' timestamp='2024-04-24T19:30:13Z' uid='1468043' user='jengelh' visible='true' version='1' changeset='150464211'>
    <nd ref='11845330049' />
    <nd ref='11845330048' />
    <nd ref='11845330038' />
    <nd ref='11845330039' />
    <nd ref='11845330049' />
    <tag k='amenity' v='parking_space' />
  </way>
  <way id='1275827555' timestamp='2024-04-24T19:30:13Z' uid='1468043' user='jengelh' visible='true' version='1' changeset='150464211'>
    <nd ref='11845330050' />
    <nd ref='3885936713' />
    <nd ref='11845330049' />
    <nd ref='11845330039' />
    <nd ref='11845330040' />
    <nd ref='11845330050' />
    <tag k='amenity' v='parking_space' />
  </way>
  <way id='1275827556' timestamp='2024-04-24T19:30:13Z' uid='1468043' user='jengelh' visible='true' version='1' changeset='150464211'>
    <nd ref='11845330051' />
    <nd ref='11845330050' />
    <nd ref='11845330040' />
    <nd ref='11845330041' />
    <nd ref='11845330051' />
    <tag k='amenity' v='parking_space' />
  </way>
  <way id='1275827557' timestamp='2024-04-24T19:30:13Z' uid='1468043' user='jengelh' visible='true' version='1' changeset='150464211'>
    <nd ref='11845330052' />
    <nd ref='11845330051' />
    <nd ref='11845330041' />
    <nd ref='11845330042' />
    <nd ref='11845330052' />
    <tag k='amenity' v='parking_space' />
  </way>
  <way id='1275827558' timestamp='2024-04-24T19:30:13Z' uid='1468043' user='jengelh' visible='true' version='1' changeset='150464211'>
    <nd ref='11845330053' />
    <nd ref='11845330052' />
    <nd ref='11845330042' />
    <nd ref='11845330043' />
    <nd ref='11845330053' />
    <tag k='amenity' v='parking_space' />
  </way>
  <way id='1275827559' timestamp='2024-04-24T19:30:13Z' uid='1468043' user='jengelh' visible='true' version='1' changeset='150464211'>
    <nd ref='11845330054' />
    <nd ref='11845330053' />
    <nd ref='11845330043' />
    <nd ref='11845330044' />
    <nd ref='11845330054' />
    <tag k='amenity' v='parking_space' />
  </way>
  <way id='1275827560' timestamp='2024-04-24T19:30:13Z' uid='1468043' user='jengelh' visible='true' version='1' changeset='150464211'>
    <nd ref='11845330069' />
    <nd ref='11845330054' />
    <nd ref='11845330044' />
    <nd ref='11845330072' />
    <nd ref='11845330069' />
    <tag k='amenity' v='parking_space' />
  </way>
  <way id='1275827561' timestamp='2024-04-24T19:30:13Z' uid='1468043' user='jengelh' visible='true' version='1' changeset='150464211'>
    <nd ref='11845330062' />
    <nd ref='3885936704' />
    <nd ref='3885936699' />
    <nd ref='11845330055' />
    <nd ref='11845330062' />
    <tag k='amenity' v='parking_space' />
  </way>
  <way id='1275827562' timestamp='2024-04-24T19:30:13Z' uid='1468043' user='jengelh' visible='true' version='1' changeset='150464211'>
    <nd ref='11845330063' />
    <nd ref='11845330062' />
    <nd ref='11845330055' />
    <nd ref='11845330056' />
    <nd ref='11845330063' />
    <tag k='amenity' v='parking_space' />
  </way>
  <way id='1275827563' timestamp='2024-04-24T19:30:13Z' uid='1468043' user='jengelh' visible='true' version='1' changeset='150464211'>
    <nd ref='11845330064' />
    <nd ref='11845330063' />
    <nd ref='11845330056' />
    <nd ref='11845330057' />
    <nd ref='11845330064' />
    <tag k='amenity' v='parking_space' />
  </way>
  <way id='1275827564' timestamp='2024-04-24T19:30:13Z' uid='1468043' user='jengelh' visible='true' version='1' changeset='150464211'>
    <nd ref='11845330065' />
    <nd ref='11845330064' />
    <nd ref='11845330057' />
    <nd ref='11845330058' />
    <nd ref='11845330065' />
    <tag k='amenity' v='parking_space' />
  </way>
  <way id='1275827565' timestamp='2024-04-24T19:30:13Z' uid='1468043' user='jengelh' visible='true' version='1' changeset='150464211'>
    <nd ref='11845330066' />
    <nd ref='11845330065' />
    <nd ref='11845330058' />
    <nd ref='11845330059' />
    <nd ref='11845330066' />
    <tag k='amenity' v='parking_space' />
  </way>
  <way id='1275827566' timestamp='2024-04-24T19:30:13Z' uid='1468043' user='jengelh' visible='true' version='1' changeset='150464211'>
    <nd ref='11845330067' />
    <nd ref='11845330066' />
    <nd ref='11845330059' />
    <nd ref='11845330060' />
    <nd ref='11845330067' />
    <tag k='amenity' v='parking_space' />
  </way>
  <way id='1275827567' timestamp='2024-04-24T19:30:13Z' uid='1468043' user='jengelh' visible='true' version='1' changeset='150464211'>
    <nd ref='11845330068' />
    <nd ref='11845330067' />
    <nd ref='11845330060' />
    <nd ref='11845330061' />
    <nd ref='11845330068' />
    <tag k='amenity' v='parking_space' />
  </way>
  <way id='1275827568' timestamp='2024-04-24T19:30:13Z' uid='1468043' user='jengelh' visible='true' version='1' changeset='150464211'>
    <nd ref='11845330071' />
    <nd ref='11845330068' />
    <nd ref='11845330061' />
    <nd ref='11845330070' />
    <nd ref='11845330071' />
    <tag k='amenity' v='parking_space' />
  </way>
  <way id='1275827569' timestamp='2024-04-24T19:30:13Z' uid='1468043' user='jengelh' visible='true' version='1' changeset='150464211'>
    <nd ref='11845330070' />
    <nd ref='11845330069' />
    <nd ref='11845330072' />
    <nd ref='11845330071' />
    <nd ref='11845330070' />
    <tag k='natural' v='shrub' />
  </way>
  <way id='1275827570' timestamp='2024-04-24T19:30:13Z' uid='1468043' user='jengelh' visible='true' version='1' changeset='150464211'>
    <nd ref='11845330082' />
    <nd ref='3885936717' />
    <nd ref='3885963766' />
    <nd ref='3885936716' />
    <nd ref='11845330073' />
    <nd ref='11845330082' />
    <tag k='amenity' v='parking_space' />
  </way>
  <way id='1275827571' timestamp='2024-04-24T19:30:13Z' uid='1468043' user='jengelh' visible='true' version='1' changeset='150464211'>
    <nd ref='11845330083' />
    <nd ref='11845330082' />
    <nd ref='11845330073' />
    <nd ref='11845330074' />
    <nd ref='11845330083' />
    <tag k='amenity' v='parking_space' />
  </way>
  <way id='1275827572' timestamp='2024-04-24T19:30:13Z' uid='1468043' user='jengelh' visible='true' version='1' changeset='150464211'>
    <nd ref='11845330084' />
    <nd ref='3885963771' />
    <nd ref='11845330083' />
    <nd ref='11845330074' />
    <nd ref='11845330075' />
    <nd ref='11845330084' />
    <tag k='amenity' v='parking_space' />
  </way>
  <way id='1275827573' timestamp='2024-04-24T19:30:13Z' uid='1468043' user='jengelh' visible='true' version='1' changeset='150464211'>
    <nd ref='11845330085' />
    <nd ref='11845330084' />
    <nd ref='11845330075' />
    <nd ref='11845330076' />
    <nd ref='11845330085' />
    <tag k='amenity' v='parking_space' />
  </way>
  <way id='1275827574' timestamp='2024-04-24T19:30:13Z' uid='1468043' user='jengelh' visible='true' version='1' changeset='150464211'>
    <nd ref='11845330086' />
    <nd ref='11845330085' />
    <nd ref='11845330076' />
    <nd ref='11845330077' />
    <nd ref='11845330086' />
    <tag k='amenity' v='parking_space' />
  </way>
  <way id='1275827575' timestamp='2024-04-24T19:30:13Z' uid='1468043' user='jengelh' visible='true' version='1' changeset='150464211'>
    <nd ref='11845330087' />
    <nd ref='11845330086' />
    <nd ref='11845330077' />
    <nd ref='11845330078' />
    <nd ref='11845330087' />
    <tag k='amenity' v='parking_space' />
  </way>
  <way id='1275827576' timestamp='2024-04-24T19:30:13Z' uid='1468043' user='jengelh' visible='true' version='1' changeset='150464211'>
    <nd ref='11845330088' />
    <nd ref='11845330087' />
    <nd ref='11845330078' />
    <nd ref='11845330079' />
    <nd ref='11845330088' />
    <tag k='amenity' v='parking_space' />
  </way>
  <way id='1275827577' timestamp='2024-04-24T19:30:13Z' uid='1468043' user='jengelh' visible='true' version='1' changeset='150464211'>
    <nd ref='11845330089' />
    <nd ref='11845330088' />
    <nd ref='11845330079' />
    <nd ref='11845330080' />
    <nd ref='11845330089' />
    <tag k='amenity' v='parking_space' />
  </way>
  <way id='1275827578' timestamp='2024-04-24T19:30:13Z' uid='1468043' user='jengelh' visible='true' version='1' changeset='150464211'>
    <nd ref='11845330090' />
    <nd ref='11845330089' />
    <nd ref='11845330080' />
    <nd ref='11845330081' />
    <nd ref='11845330090' />
    <tag k='amenity' v='parking_space' />
  </way>
  <way id='1275827579' timestamp='2024-04-24T19:30:13Z' uid='1468043' user='jengelh' visible='true' version='1' changeset='150464211'>
    <nd ref='11845330110' />
    <nd ref='11845330090' />
    <nd ref='11845330081' />
    <nd ref='11845330111' />
    <nd ref='11845330110' />
    <tag k='amenity' v='parking_space' />
  </way>
  <way id='1275827580' timestamp='2024-04-24T19:30:13Z' uid='1468043' user='jengelh' visible='true' version='1' changeset='150464211'>
    <nd ref='11845330100' />
    <nd ref='3885936718' />
    <nd ref='3885936719' />
    <nd ref='11845330091' />
    <nd ref='11845330100' />
    <tag k='amenity' v='parking_space' />
  </way>
  <way id='1275827581' timestamp='2024-04-24T19:30:13Z' uid='1468043' user='jengelh' visible='true' version='1' changeset='150464211'>
    <nd ref='11845330101' />
    <nd ref='11845330100' />
    <nd ref='11845330091' />
    <nd ref='11845330092' />
    <nd ref='11845330101' />
    <tag k='amenity' v='parking_space' />
  </way>
  <way id='1275827582' timestamp='2024-04-24T19:30:13Z' uid='1468043' user='jengelh' visible='true' version='1' changeset='150464211'>
    <nd ref='11845330102' />
    <nd ref='11845330101' />
    <nd ref='11845330092' />
    <nd ref='11845330093' />
    <nd ref='11845330102' />
    <tag k='amenity' v='parking_space' />
  </way>
  <way id='1275827583' timestamp='2024-04-24T19:30:13Z' uid='1468043' user='jengelh' visible='true' version='1' changeset='150464211'>
    <nd ref='11845330103' />
    <nd ref='11845330102' />
    <nd ref='11845330093' />
    <nd ref='11845330094' />
    <nd ref='11845330103' />
    <tag k='amenity' v='parking_space' />
  </way>
  <way id='1275827584' timestamp='2024-04-24T19:30:13Z' uid='1468043' user='jengelh' visible='true' version='1' changeset='150464211'>
    <nd ref='11845330104' />
    <nd ref='11845330103' />
    <nd ref='11845330094' />
    <nd ref='11845330095' />
    <nd ref='11845330104' />
    <tag k='amenity' v='parking_space' />
  </way>
  <way id='1275827585' timestamp='2024-04-24T19:30:13Z' uid='1468043' user='jengelh' visible='true' version='1' changeset='150464211'>
    <nd ref='11845330105' />
    <nd ref='11845330104' />
    <nd ref='11845330095' />
    <nd ref='11845330096' />
    <nd ref='11845330105' />
    <tag k='amenity' v='parking_space' />
  </way>
  <way id='1275827586' timestamp='2024-04-24T19:30:13Z' uid='1468043' user='jengelh' visible='true' version='1' changeset='150464211'>
    <nd ref='11845330106' />
    <nd ref='11845330105' />
    <nd ref='11845330096' />
    <nd ref='11845330097' />
    <nd ref='11845330106' />
    <tag k='amenity' v='parking_space' />
  </way>
  <way id='1275827587' timestamp='2024-04-24T19:30:13Z' uid='1468043' user='jengelh' visible='true' version='1' changeset='150464211'>
    <nd ref='11845330107' />
    <nd ref='11845330106' />
    <nd ref='11845330097' />
    <nd ref='11845330098' />
    <nd ref='11845330107' />
    <tag k='amenity' v='parking_space' />
  </way>
  <way id='1275827588' timestamp='2024-04-24T19:30:13Z' uid='1468043' user='jengelh' visible='true' version='1' changeset='150464211'>
    <nd ref='11845330108' />
    <nd ref='11845330107' />
    <nd ref='11845330098' />
    <nd ref='11845330099' />
    <nd ref='11845330108' />
    <tag k='amenity' v='parking_space' />
  </way>
  <way id='1275827589' timestamp='2024-04-24T19:30:13Z' uid='1468043' user='jengelh' visible='true' version='1' changeset='150464211'>
    <nd ref='11845330112' />
    <nd ref='11845330108' />
    <nd ref='11845330099' />
    <nd ref='11845330109' />
    <nd ref='11845330112' />
    <tag k='amenity' v='parking_space' />
  </way>
  <way id='1275827590' timestamp='2024-04-24T19:30:13Z' uid='1468043' user='jengelh' visible='true' version='1' changeset='150464211'>
    <nd ref='11845330111' />
    <nd ref='11845330112' />
    <nd ref='11845330109' />
    <nd ref='11845330110' />
    <nd ref='11845330111' />
    <tag k='natural' v='scrub' />
  </way>
  <way id='1275827591' timestamp='2024-04-24T19:30:13Z' uid='1468043' user='jengelh' visible='true' version='1' changeset='150464211'>
    <nd ref='3885936708' />
    <nd ref='3885936707' />
    <nd ref='3885936701' />
    <nd ref='3885936703' />
    <nd ref='3885936708' />
    <tag k='amenity' v='parking_space' />
  </way>
  <way id='1275827592' timestamp='2024-04-24T19:30:13Z' uid='1468043' user='jengelh' visible='true' version='1' changeset='150464211'>
    <nd ref='3885936709' />
    <nd ref='3885936708' />
    <nd ref='3885936703' />
    <nd ref='3885936706' />
    <nd ref='3885936709' />
    <tag k='amenity' v='parking_space' />
  </way>
  <way id='1275827593' timestamp='2024-04-24T19:30:13Z' uid='1468043' user='jengelh' visible='true' version='1' changeset='150464211'>
    <nd ref='11845330117' />
    <nd ref='3885936709' />
    <nd ref='3885936706' />
    <nd ref='11845330113' />
    <nd ref='11845330117' />
    <tag k='amenity' v='parking_space' />
  </way>
  <way id='1275827594' timestamp='2024-04-24T19:30:13Z' uid='1468043' user='jengelh' visible='true' version='1' changeset='150464211'>
    <nd ref='11845330118' />
    <nd ref='11845330117' />
    <nd ref='11845330113' />
    <nd ref='11845330114' />
    <nd ref='11845330118' />
    <tag k='amenity' v='parking_space' />
  </way>
  <way id='1275827595' timestamp='2024-04-24T19:30:13Z' uid='1468043' user='jengelh' visible='true' version='1' changeset='150464211'>
    <nd ref='11845330119' />
    <nd ref='11845330118' />
    <nd ref='11845330114' />
    <nd ref='11845330115' />
    <nd ref='11845330119' />
    <tag k='amenity' v='parking_space' />
  </way>
  <way id='1275827596' timestamp='2024-04-24T19:30:13Z' uid='1468043' user='jengelh' visible='true' version='1' changeset='150464211'>
    <nd ref='11845330120' />
    <nd ref='11845330119' />
    <nd ref='11845330115' />
    <nd ref='11845330116' />
    <nd ref='11845330120' />
    <tag k='amenity' v='parking_space' />
  </way>
  <way id='1275827597' timestamp='2024-04-24T19:30:13Z' uid='1468043' user='jengelh' visible='true' version='1' changeset='150464211'>
    <nd ref='3885936712' />
    <nd ref='11845330120' />
    <nd ref='11845330116' />
    <nd ref='3885936710' />
    <nd ref='3885936712' />
    <tag k='amenity' v='parking_space' />
  </way>
  <way id='1275827598' timestamp='2024-04-24T19:30:13Z' uid='1468043' user='jengelh' visible='true' version='1' changeset='150464211'>
    <nd ref='11845330146' />
    <nd ref='11845330125' />
    <nd ref='11845330124' />
    <nd ref='11845330128' />
    <nd ref='11845330142' />
    <nd ref='11845330141' />
    <nd ref='11845330140' />
    <nd ref='11845330139' />
    <nd ref='2502054153' />
    <nd ref='11845330138' />
    <nd ref='11845330137' />
    <nd ref='11845330136' />
    <nd ref='11845330147' />
    <nd ref='11845330144' />
    <nd ref='11845330130' />
    <nd ref='11845330131' />
    <nd ref='11845330132' />
    <nd ref='11845330133' />
    <nd ref='11845330134' />
    <nd ref='11845330135' />
    <nd ref='11845330143' />
    <nd ref='11845330129' />
    <nd ref='11845330126' />
    <nd ref='11845330127' />
    <nd ref='11845330145' />
    <nd ref='11845330146' />
    <tag k='access' v='customers' />
    <tag k='amenity' v='parking' />
    <tag k='capacity' v='10' />
    <tag k='fee' v='no' />
    <tag k='parking' v='street_side' />
    <tag k='surface' v='paving_stones' />
  </way>
  <way id='1275827599' timestamp='2024-04-24T19:30:13Z' uid='1468043' user='jengelh' visible='true' version='1' changeset='150464211'>
    <nd ref='11845330126' />
    <nd ref='11845330124' />
    <nd ref='11845330128' />
    <nd ref='11845330129' />
    <nd ref='11845330126' />
    <tag k='amenity' v='parking_space' />
  </way>
  <way id='1275827600' timestamp='2024-04-24T19:30:13Z' uid='1468043' user='jengelh' visible='true' version='1' changeset='150464211'>
    <nd ref='11845330127' />
    <nd ref='11845330125' />
    <nd ref='11845330124' />
    <nd ref='11845330126' />
    <nd ref='11845330127' />
    <tag k='amenity' v='parking_space' />
  </way>
  <way id='1275827601' timestamp='2024-04-24T19:30:13Z' uid='1468043' user='jengelh' visible='true' version='1' changeset='150464211'>
    <nd ref='11845330145' />
    <nd ref='11845330146' />
    <nd ref='11845330125' />
    <nd ref='11845330127' />
    <nd ref='11845330145' />
    <tag k='amenity' v='parking_space' />
  </way>
  <way id='1275827602' timestamp='2024-04-24T19:30:13Z' uid='1468043' user='jengelh' visible='true' version='1' changeset='150464211'>
    <nd ref='11845330136' />
    <nd ref='11845330147' />
    <nd ref='11845330144' />
    <nd ref='11845330130' />
    <nd ref='11845330136' />
    <tag k='amenity' v='parking_space' />
  </way>
  <way id='1275827603' timestamp='2024-04-24T19:30:13Z' uid='1468043' user='jengelh' visible='true' version='1' changeset='150464211'>
    <nd ref='11845330137' />
    <nd ref='11845330136' />
    <nd ref='11845330130' />
    <nd ref='11845330131' />
    <nd ref='11845330137' />
    <tag k='amenity' v='parking_space' />
  </way>
  <way id='1275827604' timestamp='2024-04-24T19:30:13Z' uid='1468043' user='jengelh' visible='true' version='1' changeset='150464211'>
    <nd ref='11845330138' />
    <nd ref='11845330137' />
    <nd ref='11845330131' />
    <nd ref='11845330132' />
    <nd ref='11845330138' />
    <tag k='amenity' v='parking_space' />
  </way>
  <way id='1275827605' timestamp='2024-04-24T19:30:13Z' uid='1468043' user='jengelh' visible='true' version='1' changeset='150464211'>
    <nd ref='11845330139' />
    <nd ref='2502054153' />
    <nd ref='11845330138' />
    <nd ref='11845330132' />
    <nd ref='11845330133' />
    <nd ref='11845330139' />
    <tag k='amenity' v='parking_space' />
  </way>
  <way id='1275827606' timestamp='2024-04-24T19:30:13Z' uid='1468043' user='jengelh' visible='true' version='1' changeset='150464211'>
    <nd ref='11845330140' />
    <nd ref='11845330139' />
    <nd ref='11845330133' />
    <nd ref='11845330134' />
    <nd ref='11845330140' />
    <tag k='amenity' v='parking_space' />
  </way>
  <way id='1275827607' timestamp='2024-04-24T19:30:13Z' uid='1468043' user='jengelh' visible='true' version='1' changeset='150464211'>
    <nd ref='11845330141' />
    <nd ref='11845330140' />
    <nd ref='11845330134' />
    <nd ref='11845330135' />
    <nd ref='11845330141' />
    <tag k='amenity' v='parking_space' />
  </way>
  <way id='1275827608' timestamp='2024-04-24T19:30:13Z' uid='1468043' user='jengelh' visible='true' version='1' changeset='150464211'>
    <nd ref='11845330142' />
    <nd ref='11845330141' />
    <nd ref='11845330135' />
    <nd ref='11845330143' />
    <nd ref='11845330142' />
    <tag k='amenity' v='parking_space' />
  </way>
  <way id='1275827609' timestamp='2024-04-24T19:30:13Z' uid='1468043' user='jengelh' visible='true' version='1' changeset='150464211'>
    <nd ref='3885963837' />
    <nd ref='3885963842' />
    <nd ref='3885963840' />
    <nd ref='3885963835' />
    <nd ref='3885963837' />
    <tag k='natural' v='scrub' />
  </way>
  <way id='1275827610' timestamp='2024-04-24T19:30:13Z' uid='1468043' user='jengelh' visible='true' version='1' changeset='150464211'>
    <nd ref='11845330148' />
    <nd ref='3885963843' />
    <nd ref='3885963848' />
    <nd ref='3885963847' />
    <nd ref='11845330148' />
    <tag k='amenity' v='parking_space' />
  </way>
  <way id='1275827611' timestamp='2024-04-24T19:30:13Z' uid='1468043' user='jengelh' visible='true' version='1' changeset='150464211'>
    <nd ref='3885963841' />
    <nd ref='11845330148' />
    <nd ref='3885963847' />
    <nd ref='11845330149' />
    <nd ref='3885963841' />
    <tag k='amenity' v='parking_space' />
  </way>
  <way id='1275827612' timestamp='2024-04-24T19:30:13Z' uid='1468043' user='jengelh' visible='true' version='1' changeset='150464211'>
    <nd ref='11845330150' />
    <nd ref='3885963841' />
    <nd ref='11845330149' />
    <nd ref='3885963846' />
    <nd ref='11845330150' />
    <tag k='amenity' v='parking_space' />
  </way>
  <way id='1275827613' timestamp='2024-04-24T19:30:13Z' uid='1468043' user='jengelh' visible='true' version='1' changeset='150464211'>
    <nd ref='3885963839' />
    <nd ref='11845330150' />
    <nd ref='3885963846' />
    <nd ref='11845330151' />
    <nd ref='3885963839' />
    <tag k='amenity' v='parking_space' />
  </way>
  <way id='1275827614' timestamp='2024-04-24T19:30:13Z' uid='1468043' user='jengelh' visible='true' version='1' changeset='150464211'>
    <nd ref='3885963844' />
    <nd ref='11845330152' />
    <nd ref='3885963839' />
    <nd ref='11845330151' />
    <nd ref='3885963844' />
    <tag k='amenity' v='parking_space' />
  </way>
  <way id='1275827615' timestamp='2024-04-24T19:30:13Z' uid='1468043' user='jengelh' visible='true' version='1' changeset='150464211'>
    <nd ref='3885963837' />
    <nd ref='11845330152' />
    <nd ref='3885963844' />
    <nd ref='3885963842' />
    <nd ref='3885963837' />
    <tag k='amenity' v='parking_space' />
  </way>
  <way id='1275827616' timestamp='2024-04-24T19:30:13Z' uid='1468043' user='jengelh' visible='true' version='1' changeset='150464211'>
    <nd ref='11845330161' />
    <nd ref='11845330153' />
    <nd ref='10004365467' />
    <nd ref='10004365468' />
    <nd ref='11845330161' />
    <tag k='amenity' v='parking_space' />
  </way>
  <way id='1275827617' timestamp='2024-04-24T19:30:13Z' uid='1468043' user='jengelh' visible='true' version='1' changeset='150464211'>
    <nd ref='11845330162' />
    <nd ref='11845330154' />
    <nd ref='11845330153' />
    <nd ref='11845330161' />
    <nd ref='11845330162' />
    <tag k='amenity' v='parking_space' />
  </way>
  <way id='1275827618' timestamp='2024-04-24T19:30:13Z' uid='1468043' user='jengelh' visible='true' version='1' changeset='150464211'>
    <nd ref='11845330163' />
    <nd ref='11845330155' />
    <nd ref='11845330154' />
    <nd ref='11845330162' />
    <nd ref='11845330163' />
    <tag k='amenity' v='parking_space' />
  </way>
  <way id='1275827619' timestamp='2024-04-24T19:30:13Z' uid='1468043' user='jengelh' visible='true' version='1' changeset='150464211'>
    <nd ref='11845330164' />
    <nd ref='11845330156' />
    <nd ref='11845330155' />
    <nd ref='11845330163' />
    <nd ref='11845330164' />
    <tag k='amenity' v='parking_space' />
  </way>
  <way id='1275827620' timestamp='2024-04-24T19:30:13Z' uid='1468043' user='jengelh' visible='true' version='1' changeset='150464211'>
    <nd ref='11845330165' />
    <nd ref='11845330157' />
    <nd ref='11845330156' />
    <nd ref='11845330164' />
    <nd ref='11845330165' />
    <tag k='amenity' v='parking_space' />
  </way>
  <way id='1275827621' timestamp='2024-04-24T19:30:13Z' uid='1468043' user='jengelh' visible='true' version='1' changeset='150464211'>
    <nd ref='11845330166' />
    <nd ref='11845330158' />
    <nd ref='11845330157' />
    <nd ref='11845330165' />
    <nd ref='11845330166' />
    <tag k='amenity' v='parking_space' />
  </way>
  <way id='1275827622' timestamp='2024-04-24T19:30:13Z' uid='1468043' user='jengelh' visible='true' version='1' changeset='150464211'>
    <nd ref='11845330167' />
    <nd ref='11845330159' />
    <nd ref='11845330158' />
    <nd ref='11845330166' />
    <nd ref='11845330167' />
    <tag k='amenity' v='parking_space' />
  </way>
  <way id='1275827623' timestamp='2024-04-24T19:30:13Z' uid='1468043' user='jengelh' visible='true' version='1' changeset='150464211'>
    <nd ref='11845330168' />
    <nd ref='11845330160' />
    <nd ref='11845330159' />
    <nd ref='11845330167' />
    <nd ref='11845330168' />
    <tag k='amenity' v='parking_space' />
  </way>
  <way id='1275827624' timestamp='2024-04-24T19:30:13Z' uid='1468043' user='jengelh' visible='true' version='1' changeset='150464211'>
    <nd ref='10004365469' />
    <nd ref='3885963817' />
    <nd ref='11845330160' />
    <nd ref='11845330168' />
    <nd ref='10004365469' />
    <tag k='amenity' v='parking_space' />
  </way>
  <way id='1275827625' timestamp='2024-04-24T19:30:13Z' uid='1468043' user='jengelh' visible='true' version='1' changeset='150464211'>
    <nd ref='11845330195' />
    <nd ref='11845330196' />
    <nd ref='11845330193' />
    <nd ref='11845330194' />
    <nd ref='11845330195' />
    <tag k='access' v='customers' />
    <tag k='amenity' v='parking' />
    <tag k='capacity' v='13' />
    <tag k='fee' v='no' />
    <tag k='orientation' v='perpendicular' />
    <tag k='parking' v='street_side' />
    <tag k='surface' v='paving_stones' />
  </way>
  <way id='1275827626' timestamp='2024-04-24T19:30:13Z' uid='1468043' user='jengelh' visible='true' version='1' changeset='150464211'>
    <nd ref='11845330181' />
    <nd ref='11845330193' />
    <nd ref='11845330194' />
    <nd ref='11845330169' />
    <nd ref='11845330181' />
    <tag k='amenity' v='parking_space' />
  </way>
  <way id='1275827627' timestamp='2024-04-24T19:30:13Z' uid='1468043' user='jengelh' visible='true' version='1' changeset='150464211'>
    <nd ref='11845330182' />
    <nd ref='11845330181' />
    <nd ref='11845330169' />
    <nd ref='11845330170' />
    <nd ref='11845330182' />
    <tag k='amenity' v='parking_space' />
  </way>
  <way id='1275827628' timestamp='2024-04-24T19:30:13Z' uid='1468043' user='jengelh' visible='true' version='1' changeset='150464211'>
    <nd ref='11845330183' />
    <nd ref='11845330182' />
    <nd ref='11845330170' />
    <nd ref='11845330171' />
    <nd ref='11845330183' />
    <tag k='amenity' v='parking_space' />
  </way>
  <way id='1275827629' timestamp='2024-04-24T19:30:13Z' uid='1468043' user='jengelh' visible='true' version='1' changeset='150464211'>
    <nd ref='11845330184' />
    <nd ref='11845330183' />
    <nd ref='11845330171' />
    <nd ref='11845330172' />
    <nd ref='11845330184' />
    <tag k='amenity' v='parking_space' />
  </way>
  <way id='1275827630' timestamp='2024-04-24T19:30:13Z' uid='1468043' user='jengelh' visible='true' version='1' changeset='150464211'>
    <nd ref='11845330185' />
    <nd ref='11845330184' />
    <nd ref='11845330172' />
    <nd ref='11845330173' />
    <nd ref='11845330185' />
    <tag k='amenity' v='parking_space' />
  </way>
  <way id='1275827631' timestamp='2024-04-24T19:30:13Z' uid='1468043' user='jengelh' visible='true' version='1' changeset='150464211'>
    <nd ref='11845330186' />
    <nd ref='11845330185' />
    <nd ref='11845330173' />
    <nd ref='11845330174' />
    <nd ref='11845330186' />
    <tag k='amenity' v='parking_space' />
  </way>
  <way id='1275827632' timestamp='2024-04-24T19:30:13Z' uid='1468043' user='jengelh' visible='true' version='1' changeset='150464211'>
    <nd ref='11845330187' />
    <nd ref='11845330186' />
    <nd ref='11845330174' />
    <nd ref='11845330175' />
    <nd ref='11845330187' />
    <tag k='amenity' v='parking_space' />
  </way>
  <way id='1275827633' timestamp='2024-04-24T19:30:13Z' uid='1468043' user='jengelh' visible='true' version='1' changeset='150464211'>
    <nd ref='11845330188' />
    <nd ref='11845330187' />
    <nd ref='11845330175' />
    <nd ref='11845330176' />
    <nd ref='11845330188' />
    <tag k='amenity' v='parking_space' />
  </way>
  <way id='1275827634' timestamp='2024-04-24T19:30:13Z' uid='1468043' user='jengelh' visible='true' version='1' changeset='150464211'>
    <nd ref='11845330189' />
    <nd ref='11845330188' />
    <nd ref='11845330176' />
    <nd ref='11845330177' />
    <nd ref='11845330189' />
    <tag k='amenity' v='parking_space' />
  </way>
  <way id='1275827635' timestamp='2024-04-24T19:30:13Z' uid='1468043' user='jengelh' visible='true' version='1' changeset='150464211'>
    <nd ref='11845330190' />
    <nd ref='11845330189' />
    <nd ref='11845330177' />
    <nd ref='11845330178' />
    <nd ref='11845330190' />
    <tag k='amenity' v='parking_space' />
  </way>
  <way id='1275827636' timestamp='2024-04-24T19:30:13Z' uid='1468043' user='jengelh' visible='true' version='1' changeset='150464211'>
    <nd ref='11845330191' />
    <nd ref='11845330190' />
    <nd ref='11845330178' />
    <nd ref='11845330179' />
    <nd ref='11845330191' />
    <tag k='amenity' v='parking_space' />
  </way>
  <way id='1275827637' timestamp='2024-04-24T19:30:13Z' uid='1468043' user='jengelh' visible='true' version='1' changeset='150464211'>
    <nd ref='11845330192' />
    <nd ref='11845330191' />
    <nd ref='11845330179' />
    <nd ref='11845330180' />
    <nd ref='11845330192' />
    <tag k='amenity' v='parking_space' />
  </way>
  <way id='1275827638' timestamp='2024-04-24T19:30:13Z' uid='1468043' user='jengelh' visible='true' version='1' changeset='150464211'>
    <nd ref='11845330196' />
    <nd ref='11845330192' />
    <nd ref='11845330180' />
    <nd ref='11845330195' />
    <nd ref='11845330196' />
    <tag k='amenity' v='parking_space' />
  </way>
  <way id='1275827639' timestamp='2024-04-24T19:30:13Z' uid='1468043' user='jengelh' visible='true' version='1' changeset='150464211'>
    <nd ref='3885963828' />
    <nd ref='3885963829' />
    <nd ref='11845330199' />
    <nd ref='11845330200' />
    <nd ref='3885963828' />
    <tag k='natural' v='scrub' />
  </way>
  <way id='1275827640' timestamp='2024-04-24T19:30:13Z' uid='1468043' user='jengelh' visible='true' version='1' changeset='150464211'>
    <nd ref='11845330198' />
    <nd ref='11845330197' />
    <nd ref='11845330236' />
    <nd ref='11845330239' />
    <nd ref='11845330198' />
    <tag k='amenity' v='parking_space' />
  </way>
  <way id='1275827641' timestamp='2024-04-24T19:30:13Z' uid='1468043' user='jengelh' visible='true' version='1' changeset='150464211'>
    <nd ref='3885963829' />
    <nd ref='3885963828' />
    <nd ref='11845330197' />
    <nd ref='11845330198' />
    <nd ref='3885963829' />
    <tag k='amenity' v='parking_space' />
  </way>
  <way id='1275827642' timestamp='2024-04-24T19:30:13Z' uid='1468043' user='jengelh' visible='true' version='1' changeset='150464211'>
    <nd ref='11845330217' />
    <nd ref='3885963827' />
    <nd ref='11845330200' />
    <nd ref='11845330199' />
    <nd ref='11845330217' />
    <tag k='amenity' v='parking_space' />
  </way>
  <way id='1275827643' timestamp='2024-04-24T19:30:13Z' uid='1468043' user='jengelh' visible='true' version='1' changeset='150464211'>
    <nd ref='11845330209' />
    <nd ref='3885963827' />
    <nd ref='11845330217' />
    <nd ref='11845330201' />
    <nd ref='11845330209' />
    <tag k='amenity' v='parking_space' />
  </way>
  <way id='1275827644' timestamp='2024-04-24T19:30:13Z' uid='1468043' user='jengelh' visible='true' version='1' changeset='150464211'>
    <nd ref='11845330210' />
    <nd ref='11845330209' />
    <nd ref='11845330201' />
    <nd ref='11845330202' />
    <nd ref='11845330210' />
    <tag k='amenity' v='parking_space' />
  </way>
  <way id='1275827645' timestamp='2024-04-24T19:30:13Z' uid='1468043' user='jengelh' visible='true' version='1' changeset='150464211'>
    <nd ref='11845330211' />
    <nd ref='11845330210' />
    <nd ref='11845330202' />
    <nd ref='11845330203' />
    <nd ref='11845330211' />
    <tag k='amenity' v='parking_space' />
  </way>
  <way id='1275827646' timestamp='2024-04-24T19:30:13Z' uid='1468043' user='jengelh' visible='true' version='1' changeset='150464211'>
    <nd ref='11845330212' />
    <nd ref='11845330211' />
    <nd ref='11845330203' />
    <nd ref='11845330204' />
    <nd ref='11845330212' />
    <tag k='amenity' v='parking_space' />
  </way>
  <way id='1275827647' timestamp='2024-04-24T19:30:13Z' uid='1468043' user='jengelh' visible='true' version='1' changeset='150464211'>
    <nd ref='11845330213' />
    <nd ref='11845330212' />
    <nd ref='11845330204' />
    <nd ref='11845330205' />
    <nd ref='11845330213' />
    <tag k='amenity' v='parking_space' />
  </way>
  <way id='1275827648' timestamp='2024-04-24T19:30:13Z' uid='1468043' user='jengelh' visible='true' version='1' changeset='150464211'>
    <nd ref='11845330214' />
    <nd ref='11845330213' />
    <nd ref='11845330205' />
    <nd ref='11845330206' />
    <nd ref='11845330214' />
    <tag k='amenity' v='parking_space' />
  </way>
  <way id='1275827649' timestamp='2024-04-24T19:30:13Z' uid='1468043' user='jengelh' visible='true' version='1' changeset='150464211'>
    <nd ref='11845330215' />
    <nd ref='11845330214' />
    <nd ref='11845330206' />
    <nd ref='11845330207' />
    <nd ref='11845330215' />
    <tag k='amenity' v='parking_space' />
  </way>
  <way id='1275827650' timestamp='2024-04-24T19:30:13Z' uid='1468043' user='jengelh' visible='true' version='1' changeset='150464211'>
    <nd ref='11845330216' />
    <nd ref='11845330215' />
    <nd ref='11845330207' />
    <nd ref='11845330208' />
    <nd ref='11845330216' />
    <tag k='amenity' v='parking_space' />
  </way>
  <way id='1275827651' timestamp='2024-04-24T19:30:13Z' uid='1468043' user='jengelh' visible='true' version='1' changeset='150464211'>
    <nd ref='3885963822' />
    <nd ref='11845330216' />
    <nd ref='11845330208' />
    <nd ref='3885963826' />
    <nd ref='3885963822' />
    <tag k='amenity' v='parking_space' />
  </way>
  <way id='1275827652' timestamp='2024-04-24T19:30:13Z' uid='1468043' user='jengelh' visible='true' version='1' changeset='150464211'>
    <nd ref='11845330223' />
    <nd ref='3885963831' />
    <nd ref='3885963832' />
    <nd ref='11845330224' />
    <nd ref='11845330223' />
    <tag k='natural' v='scrub' />
  </way>
  <way id='1275827653' timestamp='2024-04-24T19:30:13Z' uid='1468043' user='jengelh' visible='true' version='1' changeset='150464211'>
    <nd ref='11845330222' />
    <nd ref='11845330225' />
    <nd ref='11845330238' />
    <nd ref='11845330237' />
    <nd ref='11845330222' />
    <tag k='natural' v='scrub' />
  </way>
  <way id='1275827654' timestamp='2024-04-24T19:30:13Z' uid='1468043' user='jengelh' visible='true' version='1' changeset='150464211'>
    <nd ref='11845330220' />
    <nd ref='11845330218' />
    <nd ref='11845330223' />
    <nd ref='11845330224' />
    <nd ref='11845330220' />
    <tag k='amenity' v='parking_space' />
  </way>
  <way id='1275827655' timestamp='2024-04-24T19:30:13Z' uid='1468043' user='jengelh' visible='true' version='1' changeset='150464211'>
    <nd ref='11845330221' />
    <nd ref='11845330219' />
    <nd ref='11845330218' />
    <nd ref='11845330220' />
    <nd ref='11845330221' />
    <tag k='amenity' v='parking_space' />
  </way>
  <way id='1275827656' timestamp='2024-04-24T19:30:13Z' uid='1468043' user='jengelh' visible='true' version='1' changeset='150464211'>
    <nd ref='11845330225' />
    <nd ref='11845330222' />
    <nd ref='11845330219' />
    <nd ref='11845330221' />
    <nd ref='11845330225' />
    <tag k='amenity' v='parking_space' />
  </way>
  <way id='1275827657' timestamp='2024-04-24T19:30:13Z' uid='1468043' user='jengelh' visible='true' version='1' changeset='150464211'>
    <nd ref='11845330231' />
    <nd ref='11845330226' />
    <nd ref='11845330237' />
    <nd ref='11845330238' />
    <nd ref='11845330231' />
    <tag k='amenity' v='parking_space' />
  </way>
  <way id='1275827658' timestamp='2024-04-24T19:30:13Z' uid='1468043' user='jengelh' visible='true' version='1' changeset='150464211'>
    <nd ref='11845330232' />
    <nd ref='11845330227' />
    <nd ref='11845330226' />
    <nd ref='11845330231' />
    <nd ref='11845330232' />
    <tag k='amenity' v='parking_space' />
  </way>
  <way id='1275827659' timestamp='2024-04-24T19:30:13Z' uid='1468043' user='jengelh' visible='true' version='1' changeset='150464211'>
    <nd ref='11845330233' />
    <nd ref='11845330228' />
    <nd ref='11845330227' />
    <nd ref='11845330232' />
    <nd ref='11845330233' />
    <tag k='amenity' v='parking_space' />
  </way>
  <way id='1275827660' timestamp='2024-04-24T19:30:13Z' uid='1468043' user='jengelh' visible='true' version='1' changeset='150464211'>
    <nd ref='11845330234' />
    <nd ref='11845330229' />
    <nd ref='11845330228' />
    <nd ref='11845330233' />
    <nd ref='11845330234' />
    <tag k='amenity' v='parking_space' />
  </way>
  <way id='1275827661' timestamp='2024-04-24T19:30:13Z' uid='1468043' user='jengelh' visible='true' version='1' changeset='150464211'>
    <nd ref='11845330235' />
    <nd ref='11845330230' />
    <nd ref='11845330229' />
    <nd ref='11845330234' />
    <nd ref='11845330235' />
    <tag k='amenity' v='parking_space' />
  </way>
  <way id='1275827662' timestamp='2024-04-24T19:30:13Z' uid='1468043' user='jengelh' visible='true' version='1' changeset='150464211'>
    <nd ref='11845330239' />
    <nd ref='11845330236' />
    <nd ref='11845330230' />
    <nd ref='11845330235' />
    <nd ref='11845330239' />
    <tag k='amenity' v='parking_space' />
  </way>
  <way id='1275827663' timestamp='2024-04-24T19:30:13Z' uid='1468043' user='jengelh' visible='true' version='1' changeset='150464211'>
    <nd ref='11845330244' />
    <nd ref='3885963832' />
    <nd ref='3885963831' />
    <nd ref='11845330240' />
    <nd ref='11845330244' />
    <tag k='amenity' v='parking_space' />
  </way>
  <way id='1275827664' timestamp='2024-04-24T19:30:13Z' uid='1468043' user='jengelh' visible='true' version='1' changeset='150464211'>
    <nd ref='11845330245' />
    <nd ref='11845330244' />
    <nd ref='11845330240' />
    <nd ref='11845330241' />
    <nd ref='11845330245' />
    <tag k='amenity' v='parking_space' />
  </way>
  <way id='1275827665' timestamp='2024-04-24T19:30:13Z' uid='1468043' user='jengelh' visible='true' version='1' changeset='150464211'>
    <nd ref='11845330246' />
    <nd ref='11845330245' />
    <nd ref='11845330241' />
    <nd ref='11845330242' />
    <nd ref='11845330246' />
    <tag k='amenity' v='parking_space' />
  </way>
  <way id='1275827666' timestamp='2024-04-24T19:30:13Z' uid='1468043' user='jengelh' visible='true' version='1' changeset='150464211'>
    <nd ref='11845330247' />
    <nd ref='11845330246' />
    <nd ref='11845330242' />
    <nd ref='11845330243' />
    <nd ref='11845330247' />
    <tag k='amenity' v='parking_space' />
  </way>
  <way id='1275827667' timestamp='2024-04-24T19:30:13Z' uid='1468043' user='jengelh' visible='true' version='1' changeset='150464211'>
    <nd ref='11845330249' />
    <nd ref='11845330247' />
    <nd ref='11845330243' />
    <nd ref='11845330248' />
    <nd ref='11845330249' />
    <tag k='amenity' v='parking_space' />
  </way>
  <way id='1275827668' timestamp='2024-04-24T19:30:13Z' uid='1468043' user='jengelh' visible='true' version='1' changeset='150464211'>
    <nd ref='11845330249' />
    <nd ref='11845330248' />
    <nd ref='11845330260' />
    <nd ref='11845330261' />
    <nd ref='11845330249' />
    <tag k='natural' v='scrub' />
  </way>
  <way id='1275827669' timestamp='2024-04-24T19:30:13Z' uid='1468043' user='jengelh' visible='true' version='1' changeset='150464211'>
    <nd ref='11845330255' />
    <nd ref='11845330250' />
    <nd ref='11845330261' />
    <nd ref='11845330260' />
    <nd ref='11845330255' />
    <tag k='amenity' v='parking_space' />
  </way>
  <way id='1275827670' timestamp='2024-04-24T19:30:13Z' uid='1468043' user='jengelh' visible='true' version='1' changeset='150464211'>
    <nd ref='11845330256' />
    <nd ref='11845330251' />
    <nd ref='11845330250' />
    <nd ref='11845330255' />
    <nd ref='11845330256' />
    <tag k='amenity' v='parking_space' />
  </way>
  <way id='1275827671' timestamp='2024-04-24T19:30:13Z' uid='1468043' user='jengelh' visible='true' version='1' changeset='150464211'>
    <nd ref='11845330257' />
    <nd ref='11845330252' />
    <nd ref='11845330251' />
    <nd ref='11845330256' />
    <nd ref='11845330257' />
    <tag k='amenity' v='parking_space' />
  </way>
  <way id='1275827672' timestamp='2024-04-24T19:30:13Z' uid='1468043' user='jengelh' visible='true' version='1' changeset='150464211'>
    <nd ref='11845330258' />
    <nd ref='11845330253' />
    <nd ref='11845330252' />
    <nd ref='11845330257' />
    <nd ref='11845330258' />
    <tag k='amenity' v='parking_space' />
  </way>
  <way id='1275827673' timestamp='2024-04-24T19:30:13Z' uid='1468043' user='jengelh' visible='true' version='1' changeset='150464211'>
    <nd ref='11845330259' />
    <nd ref='11845330254' />
    <nd ref='11845330253' />
    <nd ref='11845330258' />
    <nd ref='11845330259' />
    <tag k='amenity' v='parking_space' />
  </way>
  <way id='1275827674' timestamp='2024-04-24T19:30:13Z' uid='1468043' user='jengelh' visible='true' version='1' changeset='150464211'>
    <nd ref='3885963835' />
    <nd ref='3885963840' />
    <nd ref='11845330254' />
    <nd ref='11845330259' />
    <nd ref='3885963835' />
    <tag k='amenity' v='parking_space' />
  </way>
  <way id='1275827675' timestamp='2024-04-24T19:30:13Z' uid='1468043' user='jengelh' visible='true' version='1' changeset='150464211'>
    <nd ref='3338172654' />
    <nd ref='11845330262' />
    <nd ref='3338172646' />
    <nd ref='3338172656' />
    <nd ref='3338172654' />
    <tag k='amenity' v='parking_space' />
  </way>
  <way id='1275827676' timestamp='2024-04-24T19:30:13Z' uid='1468043' user='jengelh' visible='true' version='1' changeset='150464211'>
    <nd ref='3338172652' />
    <nd ref='11845330263' />
    <nd ref='11845330262' />
    <nd ref='3338172654' />
    <nd ref='3338172652' />
    <tag k='amenity' v='parking_space' />
  </way>
  <way id='1275827677' timestamp='2024-04-24T19:30:13Z' uid='1468043' user='jengelh' visible='true' version='1' changeset='150464211'>
    <nd ref='3338172650' />
    <nd ref='3338172640' />
    <nd ref='11845330263' />
    <nd ref='3338172652' />
    <nd ref='3338172650' />
    <tag k='amenity' v='parking_space' />
  </way>
  <way id='1275827678' timestamp='2024-04-24T19:30:13Z' uid='1468043' user='jengelh' visible='true' version='1' changeset='150464211'>
    <nd ref='11845330265' />
    <nd ref='3338172640' />
    <nd ref='3338172650' />
    <nd ref='11845330264' />
    <nd ref='11845330265' />
    <tag k='amenity' v='parking_space' />
  </way>
  <way id='1275827679' timestamp='2024-04-24T19:30:13Z' uid='1468043' user='jengelh' visible='true' version='1' changeset='150464211'>
    <nd ref='3338172637' />
    <nd ref='11845330265' />
    <nd ref='11845330264' />
    <nd ref='3338172644' />
    <nd ref='3338172637' />
    <tag k='amenity' v='parking_space' />
  </way>
  <way id='1275827680' timestamp='2024-04-24T19:30:13Z' uid='1468043' user='jengelh' visible='true' version='1' changeset='150464211'>
    <nd ref='3338172651' />
    <nd ref='3338172643' />
    <nd ref='3338172641' />
    <nd ref='3338172649' />
    <nd ref='3338172651' />
    <tag k='amenity' v='parking_space' />
  </way>
  <way id='1275827681' timestamp='2024-04-24T19:30:13Z' uid='1468043' user='jengelh' visible='true' version='1' changeset='150464211'>
    <nd ref='3338172651' />
    <nd ref='3338172653' />
    <nd ref='11845330266' />
    <nd ref='3338172643' />
    <nd ref='3338172651' />
    <tag k='amenity' v='parking_space' />
  </way>
  <way id='1275827682' timestamp='2024-04-24T19:30:13Z' uid='1468043' user='jengelh' visible='true' version='1' changeset='150464211'>
    <nd ref='3338172647' />
    <nd ref='11845330266' />
    <nd ref='3338172653' />
    <nd ref='3338172655' />
    <nd ref='3338172647' />
    <tag k='amenity' v='parking_space' />
  </way>
  <way id='1275827683' timestamp='2024-04-24T19:30:13Z' uid='1468043' user='jengelh' visible='true' version='1' changeset='150464211'>
    <nd ref='3338172657' />
    <nd ref='3338172656' />
    <nd ref='3338172646' />
    <nd ref='3338172648' />
    <nd ref='3338172657' />
    <tag k='amenity' v='parking_space' />
  </way>
  <way id='1275827684' timestamp='2024-04-24T19:30:13Z' uid='1468043' user='jengelh' visible='true' version='1' changeset='150464211'>
    <nd ref='3338172647' />
    <nd ref='3338172648' />
    <nd ref='3338172657' />
    <nd ref='3338172655' />
    <nd ref='3338172647' />
    <tag k='amenity' v='parking_space' />
  </way>
  <way id='1275827685' timestamp='2024-04-24T19:30:13Z' uid='1468043' user='jengelh' visible='true' version='1' changeset='150464211'>
    <nd ref='3338172642' />
    <nd ref='3338172649' />
    <nd ref='3338172641' />
    <nd ref='3338172639' />
    <nd ref='3338172642' />
    <tag k='amenity' v='parking_space' />
  </way>
  <way id='1275827686' timestamp='2024-04-24T19:30:13Z' uid='1468043' user='jengelh' visible='true' version='1' changeset='150464211'>
    <nd ref='3338172639' />
    <nd ref='11845330267' />
    <nd ref='3338172638' />
    <nd ref='3338172642' />
    <nd ref='3338172639' />
    <tag k='amenity' v='parking_space' />
  </way>
  <way id='1275827687' timestamp='2024-04-24T19:30:13Z' uid='1468043' user='jengelh' visible='true' version='1' changeset='150464211'>
    <nd ref='3338172636' />
    <nd ref='3338172635' />
    <nd ref='3338172638' />
    <nd ref='11845330267' />
    <nd ref='3338172636' />
    <tag k='amenity' v='parking_space' />
  </way>
  <way id='1275827688' timestamp='2024-04-24T19:30:13Z' uid='1468043' user='jengelh' visible='true' version='1' changeset='150464211'>
    <nd ref='3338172634' />
    <nd ref='11845330268' />
    <nd ref='3338172635' />
    <nd ref='3338172636' />
    <nd ref='3338172634' />
    <tag k='amenity' v='parking_space' />
  </way>
  <way id='1275827689' timestamp='2024-04-24T19:30:13Z' uid='1468043' user='jengelh' visible='true' version='1' changeset='150464211'>
    <nd ref='11845330269' />
    <nd ref='3338172633' />
    <nd ref='11845330268' />
    <nd ref='3338172634' />
    <nd ref='11845330269' />
    <tag k='amenity' v='parking_space' />
  </way>
  <way id='1275827690' timestamp='2024-04-24T19:30:13Z' uid='1468043' user='jengelh' visible='true' version='1' changeset='150464211'>
    <nd ref='3338172632' />
    <nd ref='11845330270' />
    <nd ref='3338172633' />
    <nd ref='11845330269' />
    <nd ref='3338172632' />
    <tag k='amenity' v='parking_space' />
  </way>
  <way id='1275827691' timestamp='2024-04-24T19:30:13Z' uid='1468043' user='jengelh' visible='true' version='1' changeset='150464211'>
    <nd ref='11845330271' />
    <nd ref='3338172630' />
    <nd ref='11845330270' />
    <nd ref='3338172632' />
    <nd ref='11845330271' />
    <tag k='amenity' v='parking_space' />
  </way>
  <way id='1275827692' timestamp='2024-04-24T19:30:13Z' uid='1468043' user='jengelh' visible='true' version='1' changeset='150464211'>
    <nd ref='3338172629' />
    <nd ref='3338172627' />
    <nd ref='3338172630' />
    <nd ref='11845330271' />
    <nd ref='3338172629' />
    <tag k='amenity' v='parking_space' />
  </way>
  <way id='1275827693' timestamp='2024-04-24T19:30:13Z' uid='1468043' user='jengelh' visible='true' version='1' changeset='150464211'>
    <nd ref='11845330279' />
    <nd ref='3338172637' />
    <nd ref='3338172644' />
    <nd ref='11845330272' />
    <nd ref='11845330279' />
    <tag k='amenity' v='parking_space' />
  </way>
  <way id='1275827694' timestamp='2024-04-24T19:30:13Z' uid='1468043' user='jengelh' visible='true' version='1' changeset='150464211'>
    <nd ref='11845330280' />
    <nd ref='11845330279' />
    <nd ref='11845330272' />
    <nd ref='11845330273' />
    <nd ref='11845330280' />
    <tag k='amenity' v='parking_space' />
  </way>
  <way id='1275827695' timestamp='2024-04-24T19:30:13Z' uid='1468043' user='jengelh' visible='true' version='1' changeset='150464211'>
    <nd ref='11845330281' />
    <nd ref='11845330280' />
    <nd ref='11845330273' />
    <nd ref='11845330274' />
    <nd ref='11845330281' />
    <tag k='amenity' v='parking_space' />
  </way>
  <way id='1275827696' timestamp='2024-04-24T19:30:13Z' uid='1468043' user='jengelh' visible='true' version='1' changeset='150464211'>
    <nd ref='11845330282' />
    <nd ref='11845330281' />
    <nd ref='11845330274' />
    <nd ref='11845330275' />
    <nd ref='11845330282' />
    <tag k='amenity' v='parking_space' />
  </way>
  <way id='1275827697' timestamp='2024-04-24T19:30:13Z' uid='1468043' user='jengelh' visible='true' version='1' changeset='150464211'>
    <nd ref='11845330283' />
    <nd ref='11845330282' />
    <nd ref='11845330275' />
    <nd ref='11845330276' />
    <nd ref='11845330283' />
    <tag k='amenity' v='parking_space' />
  </way>
  <way id='1275827698' timestamp='2024-04-24T19:30:13Z' uid='1468043' user='jengelh' visible='true' version='1' changeset='150464211'>
    <nd ref='11845330284' />
    <nd ref='11845330283' />
    <nd ref='11845330276' />
    <nd ref='11845330277' />
    <nd ref='11845330284' />
    <tag k='amenity' v='parking_space' />
  </way>
  <way id='1275827699' timestamp='2024-04-24T19:30:13Z' uid='1468043' user='jengelh' visible='true' version='1' changeset='150464211'>
    <nd ref='11845330285' />
    <nd ref='11845330284' />
    <nd ref='11845330277' />
    <nd ref='11845330278' />
    <nd ref='11845330285' />
    <tag k='amenity' v='parking_space' />
  </way>
  <way id='1275827700' timestamp='2024-04-24T19:30:13Z' uid='1468043' user='jengelh' visible='true' version='1' changeset='150464211'>
    <nd ref='3338172628' />
    <nd ref='11845330285' />
    <nd ref='11845330278' />
    <nd ref='3338172631' />
    <nd ref='3338172628' />
    <tag k='amenity' v='parking_space' />
  </way>
  <way id='1275827701' timestamp='2024-04-24T19:30:13Z' uid='1468043' user='jengelh' visible='true' version='1' changeset='150464211'>
    <nd ref='11845330291' />
    <nd ref='11845330286' />
    <nd ref='3338172626' />
    <nd ref='3338172625' />
    <nd ref='11845330291' />
    <tag k='amenity' v='parking_space' />
  </way>
  <way id='1275827702' timestamp='2024-04-24T19:30:13Z' uid='1468043' user='jengelh' visible='true' version='1' changeset='150464211'>
    <nd ref='11845330292' />
    <nd ref='11845330287' />
    <nd ref='11845330286' />
    <nd ref='11845330291' />
    <nd ref='11845330292' />
    <tag k='amenity' v='parking_space' />
  </way>
  <way id='1275827703' timestamp='2024-04-24T19:30:13Z' uid='1468043' user='jengelh' visible='true' version='1' changeset='150464211'>
    <nd ref='11845330293' />
    <nd ref='11845330288' />
    <nd ref='11845330287' />
    <nd ref='11845330292' />
    <nd ref='11845330293' />
    <tag k='amenity' v='parking_space' />
  </way>
  <way id='1275827704' timestamp='2024-04-24T19:30:13Z' uid='1468043' user='jengelh' visible='true' version='1' changeset='150464211'>
    <nd ref='11845330294' />
    <nd ref='11845330289' />
    <nd ref='11845330288' />
    <nd ref='11845330293' />
    <nd ref='11845330294' />
    <tag k='amenity' v='parking_space' />
  </way>
  <way id='1275827705' timestamp='2024-04-24T19:30:13Z' uid='1468043' user='jengelh' visible='true' version='1' changeset='150464211'>
    <nd ref='11845330295' />
    <nd ref='11845330290' />
    <nd ref='11845330289' />
    <nd ref='11845330294' />
    <nd ref='11845330295' />
    <tag k='amenity' v='parking_space' />
  </way>
  <way id='1275827706' timestamp='2024-04-24T19:30:13Z' uid='1468043' user='jengelh' visible='true' version='1' changeset='150464211'>
    <nd ref='3338172627' />
    <nd ref='3338172629' />
    <nd ref='11845330290' />
    <nd ref='11845330295' />
    <nd ref='3338172627' />
    <tag k='amenity' v='parking_space' />
  </way>
  <way id='1275827707' timestamp='2024-04-24T19:30:13Z' uid='1468043' user='jengelh' visible='true' version='1' changeset='150464211'>
    <nd ref='11845330303' />
    <nd ref='11845330298' />
    <nd ref='11845330308' />
    <nd ref='2502054143' />
    <nd ref='11845330303' />
    <tag k='amenity' v='parking_space' />
  </way>
  <way id='1275827708' timestamp='2024-04-24T19:30:13Z' uid='1468043' user='jengelh' visible='true' version='1' changeset='150464211'>
    <nd ref='11845330304' />
    <nd ref='11845330299' />
    <nd ref='11845330298' />
    <nd ref='11845330303' />
    <nd ref='11845330304' />
    <tag k='amenity' v='parking_space' />
  </way>
  <way id='1275827709' timestamp='2024-04-24T19:30:13Z' uid='1468043' user='jengelh' visible='true' version='1' changeset='150464211'>
    <nd ref='11845330305' />
    <nd ref='11845330300' />
    <nd ref='11845330299' />
    <nd ref='11845330304' />
    <nd ref='11845330305' />
    <tag k='amenity' v='parking_space' />
  </way>
  <way id='1275827710' timestamp='2024-04-24T19:30:13Z' uid='1468043' user='jengelh' visible='true' version='1' changeset='150464211'>
    <nd ref='11845330306' />
    <nd ref='11845330301' />
    <nd ref='11845330300' />
    <nd ref='11845330305' />
    <nd ref='11845330306' />
    <tag k='amenity' v='parking_space' />
  </way>
  <way id='1275827711' timestamp='2024-04-24T19:30:13Z' uid='1468043' user='jengelh' visible='true' version='1' changeset='150464211'>
    <nd ref='11845330307' />
    <nd ref='11845330302' />
    <nd ref='11845330301' />
    <nd ref='11845330306' />
    <nd ref='11845330307' />
    <tag k='amenity' v='parking_space' />
  </way>
  <way id='1275827712' timestamp='2024-04-24T19:30:13Z' uid='1468043' user='jengelh' visible='true' version='1' changeset='150464211'>
    <nd ref='7009037225' />
    <nd ref='7009037224' />
    <nd ref='11845330302' />
    <nd ref='11845330307' />
    <nd ref='7009037225' />
    <tag k='amenity' v='parking_space' />
  </way>
  <way id='1275827713' timestamp='2024-04-24T19:30:13Z' uid='1468043' user='jengelh' visible='true' version='1' changeset='150464211'>
    <nd ref='11845330311' />
    <nd ref='11845330309' />
    <nd ref='11845330313' />
    <nd ref='7009037219' />
    <nd ref='11845330311' />
    <tag k='amenity' v='parking_space' />
  </way>
  <way id='1275827714' timestamp='2024-04-24T19:30:13Z' uid='1468043' user='jengelh' visible='true' version='1' changeset='150464211'>
    <nd ref='11845330312' />
    <nd ref='11845330310' />
    <nd ref='11845330309' />
    <nd ref='11845330311' />
    <nd ref='11845330312' />
    <tag k='amenity' v='parking_space' />
  </way>
  <way id='1275827715' timestamp='2024-04-24T19:30:13Z' uid='1468043' user='jengelh' visible='true' version='1' changeset='150464211'>
    <nd ref='7009037218' />
    <nd ref='2502054147' />
    <nd ref='11845330310' />
    <nd ref='11845330312' />
    <nd ref='7009037218' />
    <tag k='amenity' v='parking_space' />
  </way>
  <way id='1275827716' timestamp='2024-04-24T19:30:13Z' uid='1468043' user='jengelh' visible='true' version='1' changeset='150464211'>
    <nd ref='11845330317' />
    <nd ref='11845330323' />
    <nd ref='11845330327' />
    <nd ref='11845330314' />
    <nd ref='11845330317' />
    <tag k='amenity' v='parking_space' />
  </way>
  <way id='1275827717' timestamp='2024-04-24T19:30:13Z' uid='1468043' user='jengelh' visible='true' version='1' changeset='150464211'>
    <nd ref='11845330318' />
    <nd ref='11845330317' />
    <nd ref='11845330314' />
    <nd ref='11845330315' />
    <nd ref='11845330318' />
    <tag k='amenity' v='parking_space' />
  </way>
  <way id='1275827718' timestamp='2024-04-24T19:30:13Z' uid='1468043' user='jengelh' visible='true' version='1' changeset='150464211'>
    <nd ref='11845330319' />
    <nd ref='11845330318' />
    <nd ref='11845330315' />
    <nd ref='11845330316' />
    <nd ref='11845330319' />
    <tag k='amenity' v='parking_space' />
  </way>
  <way id='1275827719' timestamp='2024-04-24T19:30:13Z' uid='1468043' user='jengelh' visible='true' version='1' changeset='150464211'>
    <nd ref='11845330324' />
    <nd ref='11845330319' />
    <nd ref='11845330316' />
    <nd ref='11845330328' />
    <nd ref='11845330324' />
    <tag k='amenity' v='parking_space' />
  </way>
  <way id='1275827720' timestamp='2024-04-24T19:30:13Z' uid='1468043' user='jengelh' visible='true' version='1' changeset='150464211'>
    <nd ref='11845330320' />
    <nd ref='11845330326' />
    <nd ref='11845330323' />
    <nd ref='11845330317' />
    <nd ref='11845330320' />
    <tag k='amenity' v='parking_space' />
  </way>
  <way id='1275827721' timestamp='2024-04-24T19:30:13Z' uid='1468043' user='jengelh' visible='true' version='1' changeset='150464211'>
    <nd ref='11845330321' />
    <nd ref='11845330320' />
    <nd ref='11845330317' />
    <nd ref='11845330318' />
    <nd ref='11845330321' />
    <tag k='amenity' v='parking_space' />
  </way>
  <way id='1275827722' timestamp='2024-04-24T19:30:13Z' uid='1468043' user='jengelh' visible='true' version='1' changeset='150464211'>
    <nd ref='11845330322' />
    <nd ref='11845330321' />
    <nd ref='11845330318' />
    <nd ref='11845330319' />
    <nd ref='11845330322' />
    <tag k='amenity' v='parking_space' />
  </way>
  <way id='1275827723' timestamp='2024-04-24T19:30:13Z' uid='1468043' user='jengelh' visible='true' version='1' changeset='150464211'>
    <nd ref='11845330325' />
    <nd ref='11845330322' />
    <nd ref='11845330319' />
    <nd ref='11845330324' />
    <nd ref='11845330325' />
    <tag k='amenity' v='parking_space' />
  </way>
  <way id='1275827724' timestamp='2024-04-24T19:30:13Z' uid='1468043' user='jengelh' visible='true' version='1' changeset='150464211'>
    <nd ref='11845330341' />
    <nd ref='11845330355' />
    <nd ref='11845330354' />
    <nd ref='11845330329' />
    <nd ref='11845330341' />
    <tag k='amenity' v='parking_space' />
  </way>
  <way id='1275827725' timestamp='2024-04-24T19:30:13Z' uid='1468043' user='jengelh' visible='true' version='1' changeset='150464211'>
    <nd ref='11845330342' />
    <nd ref='11845330341' />
    <nd ref='11845330329' />
    <nd ref='11845330330' />
    <nd ref='11845330342' />
    <tag k='amenity' v='parking_space' />
  </way>
  <way id='1275827726' timestamp='2024-04-24T19:30:13Z' uid='1468043' user='jengelh' visible='true' version='1' changeset='150464211'>
    <nd ref='11845330343' />
    <nd ref='11845330342' />
    <nd ref='11845330330' />
    <nd ref='11845330331' />
    <nd ref='11845330343' />
    <tag k='amenity' v='parking_space' />
  </way>
  <way id='1275827727' timestamp='2024-04-24T19:30:13Z' uid='1468043' user='jengelh' visible='true' version='1' changeset='150464211'>
    <nd ref='11845330344' />
    <nd ref='11845330343' />
    <nd ref='11845330331' />
    <nd ref='11845330332' />
    <nd ref='11845330344' />
    <tag k='amenity' v='parking_space' />
  </way>
  <way id='1275827728' timestamp='2024-04-24T19:30:13Z' uid='1468043' user='jengelh' visible='true' version='1' changeset='150464211'>
    <nd ref='11845330345' />
    <nd ref='11845330344' />
    <nd ref='11845330332' />
    <nd ref='11845330333' />
    <nd ref='11845330345' />
    <tag k='amenity' v='parking_space' />
  </way>
  <way id='1275827729' timestamp='2024-04-24T19:30:13Z' uid='1468043' user='jengelh' visible='true' version='1' changeset='150464211'>
    <nd ref='11845330346' />
    <nd ref='11845330345' />
    <nd ref='11845330333' />
    <nd ref='11845330334' />
    <nd ref='11845330346' />
    <tag k='amenity' v='parking_space' />
  </way>
  <way id='1275827730' timestamp='2024-04-24T19:30:13Z' uid='1468043' user='jengelh' visible='true' version='1' changeset='150464211'>
    <nd ref='11845330347' />
    <nd ref='11845330346' />
    <nd ref='11845330334' />
    <nd ref='11845330335' />
    <nd ref='11845330347' />
    <tag k='amenity' v='parking_space' />
  </way>
  <way id='1275827731' timestamp='2024-04-24T19:30:13Z' uid='1468043' user='jengelh' visible='true' version='1' changeset='150464211'>
    <nd ref='11845330348' />
    <nd ref='11845330347' />
    <nd ref='11845330335' />
    <nd ref='11845330336' />
    <nd ref='11845330348' />
    <tag k='amenity' v='parking_space' />
  </way>
  <way id='1275827732' timestamp='2024-04-24T19:30:13Z' uid='1468043' user='jengelh' visible='true' version='1' changeset='150464211'>
    <nd ref='11845330349' />
    <nd ref='11845330348' />
    <nd ref='11845330336' />
    <nd ref='11845330337' />
    <nd ref='11845330349' />
    <tag k='amenity' v='parking_space' />
  </way>
  <way id='1275827733' timestamp='2024-04-24T19:30:13Z' uid='1468043' user='jengelh' visible='true' version='1' changeset='150464211'>
    <nd ref='11845330350' />
    <nd ref='11845330349' />
    <nd ref='11845330337' />
    <nd ref='11845330338' />
    <nd ref='11845330350' />
    <tag k='amenity' v='parking_space' />
  </way>
  <way id='1275827734' timestamp='2024-04-24T19:30:13Z' uid='1468043' user='jengelh' visible='true' version='1' changeset='150464211'>
    <nd ref='11845330351' />
    <nd ref='11845330350' />
    <nd ref='11845330338' />
    <nd ref='11845330339' />
    <nd ref='11845330351' />
    <tag k='amenity' v='parking_space' />
  </way>
  <way id='1275827735' timestamp='2024-04-24T19:30:13Z' uid='1468043' user='jengelh' visible='true' version='1' changeset='150464211'>
    <nd ref='11845330352' />
    <nd ref='11845330351' />
    <nd ref='11845330339' />
    <nd ref='11845330340' />
    <nd ref='11845330352' />
    <tag k='amenity' v='parking_space' />
  </way>
  <way id='1275827736' timestamp='2024-04-24T19:30:13Z' uid='1468043' user='jengelh' visible='true' version='1' changeset='150464211'>
    <nd ref='7009037222' />
    <nd ref='11845330352' />
    <nd ref='11845330340' />
    <nd ref='11845330353' />
    <nd ref='7009037222' />
    <tag k='amenity' v='parking_space' />
  </way>
  <way id='1275827737' timestamp='2024-04-24T19:30:13Z' uid='1468043' user='jengelh' visible='true' version='1' changeset='150464211'>
    <nd ref='11845330357' />
    <nd ref='11845330359' />
    <nd ref='11845330358' />
    <nd ref='11845330356' />
    <nd ref='11845330357' />
    <tag k='building' v='yes' />
  </way>
  <way id='1275827738' timestamp='2024-04-24T19:30:13Z' uid='1468043' user='jengelh' visible='true' version='1' changeset='150464211'>
    <nd ref='11845330356' />
    <nd ref='7009037224' />
    <nd ref='7009037225' />
    <nd ref='11845330357' />
    <nd ref='11845330356' />
    <tag k='building' v='yes' />
  </way>
  <way id='1275827739' timestamp='2024-04-24T19:30:13Z' uid='1468043' user='jengelh' visible='true' version='1' changeset='150464211'>
    <nd ref='11845330360' />
    <nd ref='11845330363' />
    <nd ref='11845330362' />
    <nd ref='11845330361' />
    <nd ref='11845330360' />
    <tag k='building' v='yes' />
    <tag k='roof:shape' v='gabled' />
  </way>
  <way id='1275827740' timestamp='2024-04-24T19:30:13Z' uid='1468043' user='jengelh' visible='true' version='1' changeset='150464211'>
    <nd ref='11845330368' />
    <nd ref='11845330364' />
    <nd ref='11845330373' />
    <nd ref='11845330375' />
    <nd ref='11845330368' />
    <tag k='amenity' v='parking_space' />
  </way>
  <way id='1275827741' timestamp='2024-04-24T19:30:13Z' uid='1468043' user='jengelh' visible='true' version='1' changeset='150464211'>
    <nd ref='11845330369' />
    <nd ref='11845330365' />
    <nd ref='11845330364' />
    <nd ref='11845330368' />
    <nd ref='11845330369' />
    <tag k='amenity' v='parking_space' />
  </way>
  <way id='1275827742' timestamp='2024-04-24T19:30:13Z' uid='1468043' user='jengelh' visible='true' version='1' changeset='150464211'>
    <nd ref='11845330370' />
    <nd ref='11845330366' />
    <nd ref='11845330365' />
    <nd ref='11845330369' />
    <nd ref='11845330370' />
    <tag k='amenity' v='parking_space' />
  </way>
  <way id='1275827743' timestamp='2024-04-24T19:30:13Z' uid='1468043' user='jengelh' visible='true' version='1' changeset='150464211'>
    <nd ref='11845330371' />
    <nd ref='11845330367' />
    <nd ref='11845330366' />
    <nd ref='11845330370' />
    <nd ref='11845330371' />
    <tag k='amenity' v='parking_space' />
  </way>
  <way id='1275827744' timestamp='2024-04-24T19:30:13Z' uid='1468043' user='jengelh' visible='true' version='1' changeset='150464211'>
    <nd ref='11845330374' />
    <nd ref='11845330372' />
    <nd ref='11845330367' />
    <nd ref='11845330371' />
    <nd ref='11845330374' />
    <tag k='amenity' v='parking_space' />
  </way>
  <way id='1275827745' timestamp='2024-04-24T19:30:13Z' uid='1468043' user='jengelh' visible='true' version='1' changeset='150464211'>
    <nd ref='11845330390' />
    <nd ref='7009037245' />
    <nd ref='11845330404' />
    <nd ref='11845330376' />
    <nd ref='11845330390' />
    <tag k='amenity' v='parking_space' />
  </way>
  <way id='1275827746' timestamp='2024-04-24T19:30:13Z' uid='1468043' user='jengelh' visible='true' version='1' changeset='150464211'>
    <nd ref='11845330391' />
    <nd ref='11845330390' />
    <nd ref='11845330376' />
    <nd ref='11845330377' />
    <nd ref='11845330391' />
    <tag k='amenity' v='parking_space' />
  </way>
  <way id='1275827747' timestamp='2024-04-24T19:30:13Z' uid='1468043' user='jengelh' visible='true' version='1' changeset='150464211'>
    <nd ref='11845330392' />
    <nd ref='11845330391' />
    <nd ref='11845330377' />
    <nd ref='11845330378' />
    <nd ref='11845330392' />
    <tag k='amenity' v='parking_space' />
  </way>
  <way id='1275827748' timestamp='2024-04-24T19:30:13Z' uid='1468043' user='jengelh' visible='true' version='1' changeset='150464211'>
    <nd ref='11845330393' />
    <nd ref='11845330392' />
    <nd ref='11845330378' />
    <nd ref='11845330379' />
    <nd ref='11845330393' />
    <tag k='amenity' v='parking_space' />
  </way>
  <way id='1275827749' timestamp='2024-04-24T19:30:13Z' uid='1468043' user='jengelh' visible='true' version='1' changeset='150464211'>
    <nd ref='11845330394' />
    <nd ref='11845330393' />
    <nd ref='11845330379' />
    <nd ref='11845330380' />
    <nd ref='11845330394' />
    <tag k='amenity' v='parking_space' />
  </way>
  <way id='1275827750' timestamp='2024-04-24T19:30:13Z' uid='1468043' user='jengelh' visible='true' version='1' changeset='150464211'>
    <nd ref='11845330395' />
    <nd ref='11845330394' />
    <nd ref='11845330380' />
    <nd ref='11845330381' />
    <nd ref='11845330395' />
    <tag k='amenity' v='parking_space' />
  </way>
  <way id='1275827751' timestamp='2024-04-24T19:30:13Z' uid='1468043' user='jengelh' visible='true' version='1' changeset='150464211'>
    <nd ref='11845330396' />
    <nd ref='11845330395' />
    <nd ref='11845330381' />
    <nd ref='11845330382' />
    <nd ref='11845330396' />
    <tag k='amenity' v='parking_space' />
  </way>
  <way id='1275827752' timestamp='2024-04-24T19:30:13Z' uid='1468043' user='jengelh' visible='true' version='1' changeset='150464211'>
    <nd ref='11845330397' />
    <nd ref='11845330396' />
    <nd ref='11845330382' />
    <nd ref='11845330383' />
    <nd ref='11845330397' />
    <tag k='amenity' v='parking_space' />
  </way>
  <way id='1275827753' timestamp='2024-04-24T19:30:13Z' uid='1468043' user='jengelh' visible='true' version='1' changeset='150464211'>
    <nd ref='11845330398' />
    <nd ref='11845330397' />
    <nd ref='11845330383' />
    <nd ref='11845330384' />
    <nd ref='11845330398' />
    <tag k='amenity' v='parking_space' />
  </way>
  <way id='1275827754' timestamp='2024-04-24T19:30:13Z' uid='1468043' user='jengelh' visible='true' version='1' changeset='150464211'>
    <nd ref='11845330399' />
    <nd ref='11845330398' />
    <nd ref='11845330384' />
    <nd ref='11845330385' />
    <nd ref='11845330399' />
    <tag k='amenity' v='parking_space' />
  </way>
  <way id='1275827755' timestamp='2024-04-24T19:30:13Z' uid='1468043' user='jengelh' visible='true' version='1' changeset='150464211'>
    <nd ref='11845330400' />
    <nd ref='11845330399' />
    <nd ref='11845330385' />
    <nd ref='11845330386' />
    <nd ref='11845330400' />
    <tag k='amenity' v='parking_space' />
  </way>
  <way id='1275827756' timestamp='2024-04-24T19:30:13Z' uid='1468043' user='jengelh' visible='true' version='1' changeset='150464211'>
    <nd ref='11845330401' />
    <nd ref='11845330400' />
    <nd ref='11845330386' />
    <nd ref='11845330387' />
    <nd ref='11845330401' />
    <tag k='amenity' v='parking_space' />
  </way>
  <way id='1275827757' timestamp='2024-04-24T19:30:13Z' uid='1468043' user='jengelh' visible='true' version='1' changeset='150464211'>
    <nd ref='11845330402' />
    <nd ref='11845330401' />
    <nd ref='11845330387' />
    <nd ref='11845330388' />
    <nd ref='11845330402' />
    <tag k='amenity' v='parking_space' />
  </way>
  <way id='1275827758' timestamp='2024-04-24T19:30:13Z' uid='1468043' user='jengelh' visible='true' version='1' changeset='150464211'>
    <nd ref='11845330403' />
    <nd ref='11845330402' />
    <nd ref='11845330388' />
    <nd ref='11845330389' />
    <nd ref='11845330403' />
    <tag k='amenity' v='parking_space' />
  </way>
  <way id='1275827759' timestamp='2024-04-24T19:30:13Z' uid='1468043' user='jengelh' visible='true' version='1' changeset='150464211'>
    <nd ref='11845330406' />
    <nd ref='11845330403' />
    <nd ref='11845330389' />
    <nd ref='11845330405' />
    <nd ref='11845330406' />
    <tag k='amenity' v='parking_space' />
  </way>
  <way id='1275827760' timestamp='2024-04-24T19:30:13Z' uid='1468043' user='jengelh' visible='true' version='1' changeset='150464211'>
    <nd ref='11845330408' />
    <nd ref='11845330410' />
    <nd ref='11845330411' />
    <nd ref='11845330407' />
    <nd ref='11845330408' />
    <tag k='amenity' v='parking_space' />
  </way>
  <way id='1275827761' timestamp='2024-04-24T19:30:13Z' uid='1468043' user='jengelh' visible='true' version='1' changeset='150464211'>
    <nd ref='11845330409' />
    <nd ref='11845330408' />
    <nd ref='11845330407' />
    <nd ref='11845330412' />
    <nd ref='11845330409' />
    <tag k='amenity' v='parking_space' />
  </way>
  <way id='1275827762' timestamp='2024-04-24T19:30:13Z' uid='1468043' user='jengelh' visible='true' version='1' changeset='150464211'>
    <nd ref='11845330415' />
    <nd ref='11845330418' />
    <nd ref='11845330417' />
    <nd ref='11845330414' />
    <nd ref='11845330415' />
    <tag k='amenity' v='parking_space' />
  </way>
  <way id='1275827763' timestamp='2024-04-24T19:30:13Z' uid='1468043' user='jengelh' visible='true' version='1' changeset='150464211'>
    <nd ref='2502054038' />
    <nd ref='11845330415' />
    <nd ref='11845330414' />
    <nd ref='11845330416' />
    <nd ref='2502054038' />
    <tag k='amenity' v='parking_space' />
  </way>
  <way id='1275827764' timestamp='2024-04-24T19:30:13Z' uid='1468043' user='jengelh' visible='true' version='1' changeset='150464211'>
    <nd ref='11845330434' />
    <nd ref='11845330443' />
    <nd ref='11845330442' />
    <nd ref='11845330431' />
    <nd ref='11845330434' />
    <tag k='natural' v='shrub' />
  </way>
  <way id='1275827765' timestamp='2024-04-24T19:30:13Z' uid='1468043' user='jengelh' visible='true' version='1' changeset='150464211'>
    <nd ref='11845330425' />
    <nd ref='11845330419' />
    <nd ref='11845330432' />
    <nd ref='11845330433' />
    <nd ref='11845330425' />
    <tag k='amenity' v='parking_space' />
  </way>
  <way id='1275827766' timestamp='2024-04-24T19:30:13Z' uid='1468043' user='jengelh' visible='true' version='1' changeset='150464211'>
    <nd ref='11845330426' />
    <nd ref='11845330420' />
    <nd ref='11845330419' />
    <nd ref='11845330425' />
    <nd ref='11845330426' />
    <tag k='amenity' v='parking_space' />
  </way>
  <way id='1275827767' timestamp='2024-04-24T19:30:13Z' uid='1468043' user='jengelh' visible='true' version='1' changeset='150464211'>
    <nd ref='11845330427' />
    <nd ref='11845330421' />
    <nd ref='11845330420' />
    <nd ref='11845330426' />
    <nd ref='11845330427' />
    <tag k='amenity' v='parking_space' />
  </way>
  <way id='1275827768' timestamp='2024-04-24T19:30:13Z' uid='1468043' user='jengelh' visible='true' version='1' changeset='150464211'>
    <nd ref='11845330428' />
    <nd ref='11845330422' />
    <nd ref='11845330421' />
    <nd ref='11845330427' />
    <nd ref='11845330428' />
    <tag k='amenity' v='parking_space' />
  </way>
  <way id='1275827769' timestamp='2024-04-24T19:30:13Z' uid='1468043' user='jengelh' visible='true' version='1' changeset='150464211'>
    <nd ref='11845330429' />
    <nd ref='11845330423' />
    <nd ref='11845330422' />
    <nd ref='11845330428' />
    <nd ref='11845330429' />
    <tag k='amenity' v='parking_space' />
  </way>
  <way id='1275827770' timestamp='2024-04-24T19:30:13Z' uid='1468043' user='jengelh' visible='true' version='1' changeset='150464211'>
    <nd ref='11845330430' />
    <nd ref='11845330424' />
    <nd ref='11845330423' />
    <nd ref='11845330429' />
    <nd ref='11845330430' />
    <tag k='amenity' v='parking_space' />
  </way>
  <way id='1275827771' timestamp='2024-04-24T19:30:13Z' uid='1468043' user='jengelh' visible='true' version='1' changeset='150464211'>
    <nd ref='11845330434' />
    <nd ref='11845330431' />
    <nd ref='11845330424' />
    <nd ref='11845330430' />
    <nd ref='11845330434' />
    <tag k='amenity' v='parking_space' />
  </way>
  <way id='1275827772' timestamp='2024-04-24T19:30:13Z' uid='1468043' user='jengelh' visible='true' version='1' changeset='150464211'>
    <nd ref='11845330438' />
    <nd ref='11845330435' />
    <nd ref='11845330442' />
    <nd ref='11845330443' />
    <nd ref='11845330438' />
    <tag k='amenity' v='parking_space' />
  </way>
  <way id='1275827773' timestamp='2024-04-24T19:30:13Z' uid='1468043' user='jengelh' visible='true' version='1' changeset='150464211'>
    <nd ref='11845330439' />
    <nd ref='11845330436' />
    <nd ref='11845330435' />
    <nd ref='11845330438' />
    <nd ref='11845330439' />
    <tag k='amenity' v='parking_space' />
  </way>
  <way id='1275827774' timestamp='2024-04-24T19:30:13Z' uid='1468043' user='jengelh' visible='true' version='1' changeset='150464211'>
    <nd ref='11845330440' />
    <nd ref='11845330437' />
    <nd ref='11845330436' />
    <nd ref='11845330439' />
    <nd ref='11845330440' />
    <tag k='amenity' v='parking_space' />
  </way>
  <way id='1275827775' timestamp='2024-04-24T19:30:13Z' uid='1468043' user='jengelh' visible='true' version='1' changeset='150464211'>
    <nd ref='11845330444' />
    <nd ref='11845330441' />
    <nd ref='11845330437' />
    <nd ref='11845330440' />
    <nd ref='11845330444' />
    <tag k='amenity' v='parking_space' />
  </way>
  <way id='1275827776' timestamp='2024-04-24T19:30:13Z' uid='1468043' user='jengelh' visible='true' version='1' changeset='150464211'>
    <nd ref='11845330457' />
    <nd ref='11845330445' />
    <nd ref='11845330469' />
    <nd ref='2250164818' />
    <nd ref='11845330457' />
    <tag k='amenity' v='parking_space' />
  </way>
  <way id='1275827777' timestamp='2024-04-24T19:30:13Z' uid='1468043' user='jengelh' visible='true' version='1' changeset='150464211'>
    <nd ref='11845330458' />
    <nd ref='11845330446' />
    <nd ref='11845330445' />
    <nd ref='11845330457' />
    <nd ref='11845330458' />
    <tag k='amenity' v='parking_space' />
  </way>
  <way id='1275827778' timestamp='2024-04-24T19:30:13Z' uid='1468043' user='jengelh' visible='true' version='1' changeset='150464211'>
    <nd ref='11845330459' />
    <nd ref='11845330447' />
    <nd ref='11845330446' />
    <nd ref='11845330458' />
    <nd ref='11845330459' />
    <tag k='amenity' v='parking_space' />
  </way>
  <way id='1275827779' timestamp='2024-04-24T19:30:13Z' uid='1468043' user='jengelh' visible='true' version='1' changeset='150464211'>
    <nd ref='11845330460' />
    <nd ref='11845330448' />
    <nd ref='11845330447' />
    <nd ref='11845330459' />
    <nd ref='11845330460' />
    <tag k='amenity' v='parking_space' />
  </way>
  <way id='1275827780' timestamp='2024-04-24T19:30:13Z' uid='1468043' user='jengelh' visible='true' version='1' changeset='150464211'>
    <nd ref='11845330461' />
    <nd ref='11845330449' />
    <nd ref='11845330448' />
    <nd ref='11845330460' />
    <nd ref='11845330461' />
    <tag k='amenity' v='parking_space' />
  </way>
  <way id='1275827781' timestamp='2024-04-24T19:30:13Z' uid='1468043' user='jengelh' visible='true' version='1' changeset='150464211'>
    <nd ref='11845330462' />
    <nd ref='11845330450' />
    <nd ref='11845330449' />
    <nd ref='11845330461' />
    <nd ref='11845330462' />
    <tag k='amenity' v='parking_space' />
  </way>
  <way id='1275827782' timestamp='2024-04-24T19:30:13Z' uid='1468043' user='jengelh' visible='true' version='1' changeset='150464211'>
    <nd ref='11845330463' />
    <nd ref='11845330451' />
    <nd ref='11845330450' />
    <nd ref='11845330462' />
    <nd ref='11845330463' />
    <tag k='amenity' v='parking_space' />
  </way>
  <way id='1275827783' timestamp='2024-04-24T19:30:13Z' uid='1468043' user='jengelh' visible='true' version='1' changeset='150464211'>
    <nd ref='11845330464' />
    <nd ref='11845330452' />
    <nd ref='11845330451' />
    <nd ref='11845330463' />
    <nd ref='11845330464' />
    <tag k='amenity' v='parking_space' />
  </way>
  <way id='1275827784' timestamp='2024-04-24T19:30:13Z' uid='1468043' user='jengelh' visible='true' version='1' changeset='150464211'>
    <nd ref='11845330465' />
    <nd ref='11845330453' />
    <nd ref='11845330452' />
    <nd ref='11845330464' />
    <nd ref='11845330465' />
    <tag k='amenity' v='parking_space' />
  </way>
  <way id='1275827785' timestamp='2024-04-24T19:30:13Z' uid='1468043' user='jengelh' visible='true' version='1' changeset='150464211'>
    <nd ref='11845330466' />
    <nd ref='11845330454' />
    <nd ref='11845330453' />
    <nd ref='11845330465' />
    <nd ref='11845330466' />
    <tag k='amenity' v='parking_space' />
  </way>
  <way id='1275827786' timestamp='2024-04-24T19:30:13Z' uid='1468043' user='jengelh' visible='true' version='1' changeset='150464211'>
    <nd ref='11845330467' />
    <nd ref='11845330455' />
    <nd ref='11845330454' />
    <nd ref='11845330466' />
    <nd ref='11845330467' />
    <tag k='amenity' v='parking_space' />
  </way>
  <way id='1275827787' timestamp='2024-04-24T19:30:13Z' uid='1468043' user='jengelh' visible='true' version='1' changeset='150464211'>
    <nd ref='11845330468' />
    <nd ref='11845330456' />
    <nd ref='11845330455' />
    <nd ref='11845330467' />
    <nd ref='11845330468' />
    <tag k='amenity' v='parking_space' />
  </way>
  <way id='1299811154' timestamp='2026-02-22T15:18:53Z' uid='1468043' user='jengelh' visible='true' version='2' changeset='178903233'>
    <nd ref='12040069718' />
    <nd ref='12040069717' />
    <nd ref='12040069716' />
    <nd ref='12040069715' />
    <nd ref='12040069718' />
    <tag k='building:levels' v='4' />
    <tag k='building:part' v='university' />
    <tag k='roof:shape' v='flat' />
  </way>
  <way id='1299811155' timestamp='2026-02-22T15:18:53Z' uid='1468043' user='jengelh' visible='true' version='3' changeset='178903233'>
    <nd ref='12040069713' />
    <nd ref='13590655420' />
    <nd ref='12040069717' />
    <nd ref='12040069718' />
    <nd ref='12040069712' />
    <nd ref='13590655421' />
    <nd ref='12040069713' />
    <tag k='building:levels' v='1' />
    <tag k='building:part' v='university' />
    <tag k='roof:shape' v='flat' />
  </way>
  <way id='1299811156' timestamp='2024-12-06T13:54:09Z' uid='2573759' user='aeszter' visible='true' version='2' changeset='159995529'>
    <nd ref='11659701392' />
    <nd ref='11659701391' />
    <nd ref='11659701483' />
    <nd ref='11659701482' />
    <nd ref='11659701481' />
    <nd ref='1690082970' />
    <nd ref='5940417927' />
    <nd ref='11659701454' />
    <nd ref='11659701449' />
    <nd ref='11659701450' />
    <nd ref='11659701446' />
    <nd ref='11659701445' />
    <nd ref='11659701390' />
    <nd ref='11659701392' />
    <tag k='description' v='Baufeld Turm 7' />
    <tag k='landuse' v='construction' />
    <tag k='survey:date' v='2024-12-04' />
  </way>
  <way id='1481939971' timestamp='2026-02-22T15:18:53Z' uid='1468043' user='jengelh' visible='true' version='1' changeset='178903233'>
    <nd ref='13590655421' />
    <nd ref='12040069713' />
    <nd ref='13590655420' />
    <nd ref='13590655419' />
    <nd ref='13590655421' />
    <tag k='building:levels' v='2' />
    <tag k='building:part' v='university' />
    <tag k='roof:shape' v='flat' />
  </way>
  <relation id='4741' timestamp='2026-02-22T14:49:53Z' uid='1468043' user='jengelh' visible='true' version='158' changeset='178902045'>
    <member type='way' ref='1342366643' role='outer' />
    <member type='way' ref='954746816' role='outer' />
    <member type='way' ref='1342366645' role='outer' />
    <member type='way' ref='1150658463' role='outer' />
    <member type='way' ref='1150658465' role='outer' />
    <member type='way' ref='419834717' role='outer' />
    <member type='way' ref='366659962' role='outer' />
    <member type='way' ref='264163782' role='outer' />
    <member type='way' ref='805132987' role='outer' />
    <member type='way' ref='232506521' role='outer' />
    <member type='way' ref='419834723' role='outer' />
    <member type='way' ref='335245746' role='outer' />
    <member type='way' ref='420403697' role='outer' />
    <member type='way' ref='420403695' role='outer' />
    <member type='way' ref='420403698' role='outer' />
    <member type='way' ref='1193436226' role='outer' />
    <member type='way' ref='366669497' role='outer' />
    <member type='way' ref='52890893' role='outer' />
    <member type='way' ref='366669500' role='outer' />
    <member type='way' ref='366669495' role='outer' />
    <member type='way' ref='971996167' role='outer' />
    <member type='way' ref='1150658464' role='outer' />
    <member type='way' ref='1150658461' role='outer' />
    <member type='way' ref='954746814' role='outer' />
    <member type='way' ref='1055536070' role='outer' />
    <member type='way' ref='243137673' role='outer' />
    <member type='way' ref='419834721' role='outer' />
    <member type='way' ref='1087672832' role='outer' />
    <member type='way' ref='1087672838' role='outer' />
    <member type='way' ref='1087672837' role='outer' />
    <member type='way' ref='355185121' role='outer' />
    <member type='way' ref='355185123' role='outer' />
    <member type='way' ref='1087672840' role='outer' />
    <member type='way' ref='298695842' role='outer' />
    <member type='way' ref='419834722' role='outer' />
    <member type='way' ref='419834727' role='outer' />
    <member type='way' ref='232424227' role='outer' />
    <member type='way' ref='805132988' role='outer' />
    <member type='way' ref='298695836' role='outer' />
    <member type='way' ref='330716563' role='outer' />
    <member type='way' ref='330920160' role='outer' />
    <member type='way' ref='311020326' role='outer' />
    <member type='way' ref='469974918' role='outer' />
    <tag k='name' v='Göttinger Wald' />
    <tag k='place' v='region' />
    <tag k='type' v='multipolygon' />
    <tag k='wikidata' v='Q1559835' />
    <tag k='wikipedia' v='de:Göttinger Wald' />
  </relation>
  <relation id='192899' timestamp='2025-12-22T12:33:43Z' uid='42123' user='Ropino' visible='true' version='37' changeset='176261364'>
    <member type='way' ref='97282518' role='outer' />
    <member type='way' ref='477692243' role='outer' />
    <member type='way' ref='280764932' role='outer' />
    <member type='way' ref='26812780' role='outer' />
    <member type='way' ref='967273147' role='outer' />
    <member type='way' ref='805132995' role='outer' />
    <member type='way' ref='280764939' role='outer' />
    <member type='way' ref='477727471' role='outer' />
    <member type='way' ref='477727441' role='outer' />
    <member type='way' ref='269527948' role='outer' />
    <member type='way' ref='97282972' role='outer' />
    <member type='way' ref='477687958' role='outer' />
    <member type='way' ref='477571757' role='outer' />
    <member type='way' ref='477571765' role='outer' />
    <member type='way' ref='477570399' role='outer' />
    <member type='way' ref='570553701' role='outer' />
    <member type='way' ref='442150350' role='outer' />
    <member type='way' ref='570553702' role='outer' />
    <member type='way' ref='487686817' role='outer' />
    <member type='way' ref='477640169' role='outer' />
    <member type='way' ref='38780303' role='outer' />
    <member type='way' ref='570553053' role='outer' />
    <member type='way' ref='477570389' role='outer' />
    <member type='way' ref='162242941' role='outer' />
    <member type='node' ref='2556889973' role='admin_centre' />
    <tag k='admin_level' v='9' />
    <tag k='boundary' v='administrative' />
    <tag k='name' v='Weende / Deppoldshausen' />
    <tag k='population' v='19781' />
    <tag k='population:date' v='2024-12-31' />
    <tag k='ref' v='GÖ-06' />
    <tag k='type' v='boundary' />
    <tag k='wikidata' v='Q2554051' />
    <tag k='wikipedia' v='de:Weende (Göttingen)' />
  </relation>
  <relation id='193516' timestamp='2025-12-22T12:33:43Z' uid='42123' user='Ropino' visible='true' version='21' changeset='176261364'>
    <member type='way' ref='280764939' role='outer' />
    <member type='way' ref='805132997' role='outer' />
    <member type='way' ref='38839518' role='outer' />
    <member type='way' ref='38839517' role='outer' />
    <member type='way' ref='477727471' role='outer' />
    <member type='node' ref='231511395' role='admin_centre' />
    <tag k='admin_level' v='9' />
    <tag k='boundary' v='administrative' />
    <tag k='loc_ref' v='GÖ-07' />
    <tag k='name' v='Nikolausberg' />
    <tag k='population' v='3593' />
    <tag k='population:date' v='2024-12-31' />
    <tag k='ref' v='6516' />
    <tag k='type' v='boundary' />
    <tag k='wikidata' v='Q1991856' />
    <tag k='wikipedia' v='de:Nikolausberg' />
  </relation>
  <relation id='2465055' timestamp='2022-09-14T11:31:14Z' uid='2573759' user='aeszter' visible='true' version='8' changeset='126177120'>
    <member type='way' ref='108208779' role='outer' />
    <member type='way' ref='220428127' role='inner' />
    <tag k='addr:city' v='Göttingen' />
    <tag k='addr:housenumber' v='17' />
    <tag k='addr:postcode' v='37077' />
    <tag k='addr:street' v='Am Faßberg' />
    <tag k='building' v='commercial' />
    <tag k='building:levels' v='3' />
    <tag k='construction_date' v='2009/2010' />
    <tag k='ref:PIZ' v='1708' />
    <tag k='roof:shape' v='flat' />
    <tag k='start_date' v='2011' />
    <tag k='type' v='multipolygon' />
  </relation>
  <relation id='3730689' timestamp='2025-12-17T10:40:48Z' uid='42123' user='Ropino' visible='true' version='24' changeset='176043160'>
    <member type='way' ref='280764932' role='outer' />
    <member type='way' ref='280764940' role='outer' />
    <member type='way' ref='477692229' role='outer' />
    <member type='way' ref='477727471' role='outer' />
    <member type='way' ref='477727441' role='outer' />
    <member type='way' ref='269527948' role='outer' />
    <member type='way' ref='97282972' role='outer' />
    <member type='way' ref='477687958' role='outer' />
    <member type='way' ref='477571757' role='outer' />
    <member type='way' ref='477571765' role='outer' />
    <member type='way' ref='477570399' role='outer' />
    <member type='way' ref='570553701' role='outer' />
    <member type='way' ref='442150350' role='outer' />
    <member type='way' ref='570553702' role='outer' />
    <member type='way' ref='487686817' role='outer' />
    <member type='way' ref='477640169' role='outer' />
    <member type='way' ref='38780303' role='outer' />
    <member type='way' ref='570553053' role='outer' />
    <member type='way' ref='477570389' role='outer' />
    <member type='way' ref='162242941' role='outer' />
    <member type='way' ref='97282518' role='outer' />
    <member type='way' ref='477692243' role='outer' />
    <member type='node' ref='2556889973' role='admin_centre' />
    <tag k='admin_level' v='10' />
    <tag k='boundary' v='administrative' />
    <tag k='name' v='Weende' />
    <tag k='population' v='19767' />
    <tag k='population:date' v='2024-12-31' />
    <tag k='ref' v='6518' />
    <tag k='type' v='boundary' />
    <tag k='wikidata' v='Q2554051' />
    <tag k='wikipedia' v='de:Weende (Göttingen)' />
  </relation>
  <relation id='4640915' timestamp='2026-05-13T10:28:59Z' uid='2573759' user='aeszter' visible='true' version='94' changeset='182593574'>
    <member type='way' ref='805132988' role='outer' />
    <member type='way' ref='805132989' role='outer' />
    <member type='way' ref='805132987' role='outer' />
    <member type='way' ref='469974918' role='outer' />
    <member type='way' ref='311020326' role='outer' />
    <member type='way' ref='243687954' role='outer' />
    <member type='way' ref='330716563' role='outer' />
    <member type='way' ref='298695836' role='outer' />
    <member type='way' ref='1087672840' role='outer' />
    <member type='way' ref='298695842' role='outer' />
    <member type='way' ref='1460495981' role='outer' />
    <member type='way' ref='26813012' role='outer' />
    <member type='way' ref='475386257' role='outer' />
    <member type='way' ref='805132994' role='outer' />
    <member type='way' ref='1460495982' role='outer' />
    <member type='way' ref='805132995' role='outer' />
    <member type='way' ref='1459333325' role='outer' />
    <member type='way' ref='1087672841' role='outer' />
    <member type='way' ref='1087672842' role='outer' />
    <member type='way' ref='1087672830' role='outer' />
    <member type='way' ref='22732676' role='outer' />
    <member type='way' ref='419834731' role='outer' />
    <member type='way' ref='419834721' role='outer' />
    <member type='way' ref='1087672832' role='outer' />
    <member type='way' ref='1087672838' role='outer' />
    <member type='way' ref='1087672837' role='outer' />
    <member type='way' ref='355185121' role='outer' />
    <member type='way' ref='355185123' role='outer' />
    <member type='way' ref='449574329' role='inner' />
    <member type='way' ref='243186908' role='inner' />
    <member type='way' ref='159347126' role='inner' />
    <member type='way' ref='159347150' role='inner' />
    <member type='way' ref='142409384' role='inner' />
    <member type='way' ref='376861892' role='inner' />
    <member type='way' ref='21540372' role='inner' />
    <member type='way' ref='243186903' role='inner' />
    <member type='way' ref='363697928' role='inner' />
    <member type='way' ref='52993996' role='inner' />
    <member type='way' ref='376861894' role='inner' />
    <member type='way' ref='25258489' role='inner' />
    <member type='way' ref='25457218' role='inner' />
    <member type='way' ref='59016245' role='inner' />
    <member type='way' ref='134198433' role='inner' />
    <member type='way' ref='244236691' role='inner' />
    <member type='way' ref='84667646' role='inner' />
    <member type='way' ref='256360757' role='inner' />
    <member type='way' ref='340151658' role='inner' />
    <member type='way' ref='133848660' role='inner' />
    <member type='way' ref='134200786' role='inner' />
    <member type='way' ref='230078745' role='inner' />
    <member type='way' ref='59012052' role='inner' />
    <member type='way' ref='359873851' role='inner' />
    <member type='way' ref='340389869' role='inner' />
    <member type='way' ref='340389868' role='inner' />
    <member type='way' ref='150913453' role='inner' />
    <member type='way' ref='389578887' role='inner' />
    <member type='way' ref='163103366' role='inner' />
    <member type='way' ref='244094424' role='inner' />
    <member type='way' ref='193015841' role='inner' />
    <member type='way' ref='247301235' role='inner' />
    <member type='way' ref='41087582' role='inner' />
    <member type='way' ref='412410161' role='inner' />
    <member type='way' ref='307131313' role='inner' />
    <member type='way' ref='695828554' role='inner' />
    <member type='way' ref='369590881' role='inner' />
    <member type='way' ref='1193135664' role='inner' />
    <member type='way' ref='246341022' role='inner' />
    <member type='way' ref='1415115647' role='inner' />
    <member type='way' ref='1512947652' role='inner' />
    <tag k='landuse' v='forest' />
    <tag k='leaf_type' v='mixed' />
    <tag k='name' v='Göttinger Stadtwald' />
    <tag k='type' v='multipolygon' />
  </relation>
  <relation id='5150942' timestamp='2019-01-27T19:31:23Z' uid='1468043' user='jengelh' visible='true' version='7' changeset='66685349'>
    <member type='relation' ref='4148456' role='route' />
    <member type='relation' ref='4148475' role='route' />
    <member type='relation' ref='5156435' role='route' />
    <member type='relation' ref='5156434' role='route' />
    <member type='relation' ref='5156432' role='route' />
    <member type='relation' ref='5156433' role='route' />
    <member type='relation' ref='5156985' role='route' />
    <member type='relation' ref='5156987' role='route' />
    <member type='relation' ref='5156986' role='route' />
    <member type='relation' ref='5156988' role='route' />
    <member type='relation' ref='5157087' role='route' />
    <member type='relation' ref='5157084' role='route' />
    <member type='relation' ref='5157086' role='route' />
    <member type='relation' ref='5157085' role='route' />
    <member type='relation' ref='5151097' role='route' />
    <member type='relation' ref='5151096' role='route' />
    <member type='relation' ref='5151099' role='route' />
    <member type='relation' ref='5151098' role='route' />
    <member type='relation' ref='5150941' role='route' />
    <member type='relation' ref='5150938' role='route' />
    <member type='relation' ref='5150939' role='route' />
    <member type='relation' ref='5150940' role='route' />
    <member type='relation' ref='5150935' role='route' />
    <member type='relation' ref='5150936' role='route' />
    <member type='relation' ref='5150937' role='route' />
    <member type='relation' ref='8822049' role='route' />
    <member type='relation' ref='8822053' role='route' />
    <member type='relation' ref='8822050' role='route' />
    <member type='relation' ref='8822052' role='route' />
    <member type='relation' ref='8822051' role='route' />
    <member type='relation' ref='8822054' role='route' />
    <member type='relation' ref='9265423' role='route' />
    <member type='relation' ref='9265424' role='route' />
    <member type='relation' ref='9265427' role='route' />
    <member type='relation' ref='9265426' role='route' />
    <member type='relation' ref='9265425' role='route' />
    <tag k='name' v='Rundwanderwege Göttingen' />
    <tag k='operator' v='Stadt Göttingen, Fachdienst Stadtwald; Deutscher Alpenverein Sektion Göttingen' />
    <tag k='type' v='route_master' />
  </relation>
  <relation id='7021377' timestamp='2025-12-17T10:40:48Z' uid='42123' user='Ropino' visible='true' version='9' changeset='176043160'>
    <member type='way' ref='477727441' role='outer' />
    <member type='way' ref='477727471' role='outer' />
    <member type='way' ref='477692229' role='outer' />
    <member type='way' ref='477692232' role='outer' />
    <member type='way' ref='477692227' role='outer' />
    <member type='way' ref='477692241' role='outer' />
    <member type='way' ref='477687951' role='outer' />
    <member type='way' ref='477687959' role='outer' />
    <member type='way' ref='97282972' role='outer' />
    <member type='way' ref='269527948' role='outer' />
    <tag k='admin_level' v='11' />
    <tag k='boundary' v='statistical' />
    <tag k='name' v='Universität-Nord' />
    <tag k='population' v='2547' />
    <tag k='population:date' v='2024-12-31' />
    <tag k='ref' v='GÖ-065' />
    <tag k='type' v='boundary' />
  </relation>
  <relation id='9265423' timestamp='2025-06-03T21:43:23Z' uid='1468043' user='jengelh' visible='true' version='5' changeset='167153675'>
    <member type='way' ref='23840950' role='' />
    <member type='way' ref='353289757' role='' />
    <member type='way' ref='62789546' role='' />
    <member type='way' ref='62789544' role='' />
    <member type='way' ref='666513356' role='' />
    <member type='way' ref='427509730' role='' />
    <member type='way' ref='427509723' role='' />
    <member type='way' ref='427509726' role='' />
    <member type='way' ref='427509728' role='' />
    <member type='way' ref='38610884' role='' />
    <member type='way' ref='427509721' role='' />
    <member type='way' ref='666513355' role='' />
    <member type='way' ref='32083180' role='' />
    <member type='way' ref='73011784' role='' />
    <member type='way' ref='666513370' role='' />
    <member type='way' ref='457506765' role='' />
    <member type='way' ref='805133612' role='' />
    <member type='way' ref='503965636' role='' />
    <member type='way' ref='32083179' role='' />
    <member type='way' ref='666513369' role='' />
    <member type='way' ref='39839585' role='' />
    <member type='way' ref='666513368' role='' />
    <member type='way' ref='666513361' role='' />
    <member type='way' ref='419834738' role='' />
    <member type='way' ref='60390912' role='' />
    <member type='way' ref='135678334' role='' />
    <member type='way' ref='354609274' role='' />
    <member type='way' ref='666513357' role='' />
    <member type='way' ref='407075223' role='' />
    <member type='way' ref='407075220' role='' />
    <member type='way' ref='354598838' role='' />
    <member type='way' ref='171026259' role='' />
    <tag k='colour' v='#a78b6b' />
    <tag k='distance' v='8' />
    <tag k='name' v='Rundwanderweg Bilingshäuser Schlucht – Tour baunes Quadrat' />
    <tag k='network' v='lwn' />
    <tag k='osmc:symbol' v='brown:white:brown_rectangle' />
    <tag k='roundtrip' v='yes' />
    <tag k='route' v='hiking' />
    <tag k='symbol' v='brown square' />
    <tag k='type' v='route' />
  </relation>
  <relation id='9265424' timestamp='2025-06-03T21:43:23Z' uid='1468043' user='jengelh' visible='true' version='4' changeset='167153675'>
    <member type='way' ref='23840950' role='' />
    <member type='way' ref='353289757' role='' />
    <member type='way' ref='62789546' role='' />
    <member type='way' ref='62789544' role='' />
    <member type='way' ref='666513356' role='' />
    <member type='way' ref='427509730' role='' />
    <member type='way' ref='427509723' role='' />
    <member type='way' ref='427509726' role='' />
    <member type='way' ref='427509728' role='' />
    <member type='way' ref='38610884' role='' />
    <member type='way' ref='427509721' role='' />
    <member type='way' ref='666513355' role='' />
    <member type='way' ref='32083180' role='' />
    <member type='way' ref='73011784' role='' />
    <member type='way' ref='666513371' role='' />
    <member type='way' ref='123391490' role='' />
    <member type='way' ref='325287896' role='' />
    <member type='way' ref='666513372' role='' />
    <member type='way' ref='224682921' role='' />
    <member type='way' ref='355174580' role='' />
    <member type='way' ref='55001494' role='' />
    <member type='way' ref='29284781' role='' />
    <member type='way' ref='309820623' role='' />
    <member type='way' ref='309820615' role='' />
    <member type='way' ref='29284785' role='' />
    <member type='way' ref='210507249' role='' />
    <member type='way' ref='34918344' role='' />
    <member type='way' ref='621785811' role='' />
    <member type='way' ref='244312268' role='' />
    <member type='way' ref='503965636' role='' />
    <member type='way' ref='32083179' role='' />
    <member type='way' ref='666513369' role='' />
    <member type='way' ref='39839585' role='' />
    <member type='way' ref='163458135' role='' />
    <member type='way' ref='118644949' role='' />
    <member type='way' ref='666513367' role='' />
    <member type='way' ref='376287839' role='' />
    <member type='way' ref='34288561' role='' />
    <member type='way' ref='355181836' role='' />
    <member type='way' ref='419981185' role='' />
    <member type='way' ref='666513363' role='' />
    <member type='way' ref='25643404' role='' />
    <member type='way' ref='666513357' role='' />
    <member type='way' ref='407075223' role='' />
    <member type='way' ref='407075220' role='' />
    <member type='way' ref='354598838' role='' />
    <member type='way' ref='171026259' role='' />
    <tag k='colour' v='#00a650' />
    <tag k='distance' v='11.5' />
    <tag k='name' v='Rundwanderweg Bilingshäuser Schlucht – Tour grünes Quadrat' />
    <tag k='network' v='lwn' />
    <tag k='osmc:symbol' v='brown:white:green_rectangle' />
    <tag k='roundtrip' v='yes' />
    <tag k='route' v='hiking' />
    <tag k='symbol' v='green square' />
    <tag k='type' v='route' />
  </relation>
  <relation id='14479062' timestamp='2025-12-22T12:33:43Z' uid='42123' user='Ropino' visible='true' version='6' changeset='176261364'>
    <member type='way' ref='1087672841' role='outer' />
    <member type='way' ref='1459333325' role='outer' />
    <member type='way' ref='805132995' role='outer' />
    <member type='way' ref='1460495982' role='outer' />
    <member type='way' ref='805132994' role='outer' />
    <member type='way' ref='475386257' role='outer' />
    <member type='way' ref='1460495981' role='outer' />
    <member type='way' ref='26813012' role='outer' />
    <member type='way' ref='298695842' role='outer' />
    <member type='way' ref='1087672839' role='outer' />
    <member type='way' ref='355185121' role='outer' />
    <member type='way' ref='1087672833' role='outer' />
    <member type='way' ref='1087672838' role='outer' />
    <member type='way' ref='1087672831' role='outer' />
    <member type='way' ref='1087672830' role='outer' />
    <member type='way' ref='1087672829' role='outer' />
    <tag k='boundary' v='protected_area' />
    <tag k='leisure' v='nature_reserve' />
    <tag k='name' v='Göttinger Wald' />
    <tag k='protect_class' v='4' />
    <tag k='protection_title' v='Naturschutzgebiet' />
    <tag k='ref:DE-NI:NSG' v='BR 00161' />
    <tag k='short_protection_title' v='NSG' />
    <tag k='type' v='multipolygon' />
    <tag k='wikidata' v='Q2328392' />
    <tag k='wikipedia' v='de:Stadtwald Göttingen und Kerstlingeröder Feld' />
  </relation>
</osm>
